index,time_seconds,value,decision,score,center,scale,n_observed
0,0,0.1070033125,WARMING,,,,1
1,0.01,-1.631706593,WARMING,,,,2
2,0.02,1.321795964,WARMING,,,,3
3,0.03,0.08268651793,WARMING,,,,4
4,0.04,-1.176789076,WARMING,,,,5
5,0.05,1.156349485,WARMING,,,,6
6,0.06,0.981203456,WARMING,,,,7
7,0.07,-1.45023263,WARMING,,,,8
8,0.08,1.109743456,WARMING,,,,9
9,0.09,-0.6118264608,WARMING,,,,10
10,0.1,-0.978850964,WARMING,,,,11
11,0.11,0.733510359,WARMING,,,,12
12,0.12,-0.7359528732,WARMING,,,,13
13,0.13,-1.472308353,WARMING,,,,14
14,0.14,-0.6045868152,WARMING,,,,15
15,0.15,-0.4424393183,WARMING,,,,16
16,0.16,-0.0415503022,WARMING,,,,17
17,0.17,-0.8133999471,WARMING,,,,18
18,0.18,0.1998884996,WARMING,,,,19
19,0.19,0.3058523569,WARMING,,,,20
20,0.2,-0.04195743276,WARMING,,,,21
21,0.21,-0.0441980269,WARMING,,,,22
22,0.22,-2.587726367,WARMING,,,,23
23,0.23,0.1953712437,WARMING,,,,24
24,0.24,-1.025362159,WARMING,,,,25
25,0.25,-1.65378857,WARMING,,,,26
26,0.26,-0.187599946,WARMING,,,,27
27,0.27,-1.719802277,WARMING,,,,28
28,0.28,0.1215406598,WARMING,,,,29
29,0.29,1.751091701,WARMING,,,,30
30,0.3,1.158081947,WARMING,,,,31
31,0.31,-0.3811254993,WARMING,,,,32
32,0.32,-1.376554509,WARMING,,,,33
33,0.33,0.1402754142,WARMING,,,,34
34,0.34,-0.3941151914,WARMING,,,,35
35,0.35,0.8175450642,WARMING,,,,36
36,0.36,-0.861108544,WARMING,,,,37
37,0.37,-0.7492967468,WARMING,,,,38
38,0.38,-0.6231931515,WARMING,,,,39
39,0.39,1.128681662,WARMING,,,,40
40,0.4,1.053837825,WARMING,,,,41
41,0.41,-0.2538713162,WARMING,,,,42
42,0.42,0.7305169397,WARMING,,,,43
43,0.43,-0.5579763257,WARMING,,,,44
44,0.44,0.2442016621,WARMING,,,,45
45,0.45,-1.039128132,WARMING,,,,46
46,0.46,0.1654283533,WARMING,,,,47
47,0.47,-0.3082462581,WARMING,,,,48
48,0.48,0.275984036,WARMING,,,,49
49,0.49,-0.1453179791,WARMING,,,,50
50,0.5,-0.3816355779,WARMING,,,,51
51,0.51,1.197739292,WARMING,,,,52
52,0.52,-0.6649148067,WARMING,,,,53
53,0.53,-1.571454375,WARMING,,,,54
54,0.54,0.3637250635,WARMING,,,,55
55,0.55,-0.9172673257,WARMING,,,,56
56,0.56,-0.3717683584,WARMING,,,,57
57,0.57,0.3854861868,WARMING,,,,58
58,0.58,-0.5968691434,WARMING,,,,59
59,0.59,-0.6578391856,WARMING,,,,60
60,0.6,-0.02039388803,WARMING,,,,61
61,0.61,1.284759974,WARMING,,,,62
62,0.62,-1.542826916,WARMING,,,,63
63,0.63,0.5872502682,WARMING,,,,64
64,0.64,0.4438734354,NORMAL,0.8055056422,-0.2207356311,0.8250830679,65
65,0.65,0.3016334627,NORMAL,0.587476042,-0.187599946,0.8327716769,66
66,0.66,0.130274856,NORMAL,0.3569417648,-0.1664589625,0.8313227752,67
67,0.67,-1.487307516,NORMAL,1.70526081,-0.1453179791,0.7869702564,68
68,0.68,-0.2221558343,NORMAL,0.2397532616,-0.1664589625,0.8313227752,69
69,0.69,-0.6994749548,NORMAL,0.6262276471,-0.187599946,0.817394459,70
70,0.7,0.1444112873,NORMAL,0.4381100363,-0.2048778901,0.7972635834,71
71,0.71,-0.151966384,NORMAL,1.158578319,-0.187599946,0.81298805,72
72,0.72,-1.181285028,NORMAL,1.283387224,-0.169783165,0.7881501735,73
73,0.73,-1.219011987,NORMAL,1.268668145,-0.187599946,0.81298805,74
74,0.74,-1.023324815,NORMAL,1.026570061,-0.2048778901,0.7972635834,75
75,0.75,1.190722883,NORMAL,1.804846316,-0.2221558343,0.7828249444,76
76,0.76,1.272160365,NORMAL,1.790169151,-0.2048778901,0.8250830679,77
77,0.77,1.17585943,NORMAL,1.637254741,-0.187599946,0.8327716769,78
78,0.78,0.4470455983,NORMAL,0.7262832664,-0.169783165,0.8492950229,79
79,0.79,0.4243951259,NORMAL,0.6524413104,-0.151966384,0.8833921163,80
80,0.8,0.6824376323,NORMAL,0.950234201,-0.1486421816,0.8746052426,81
81,0.81,0.9557514279,NORMAL,1.257394624,-0.1453179791,0.875675294,82
82,0.82,0.1860986798,NORMAL,0.9137071377,-0.09475800301,0.9235944336,83
83,0.83,0.9999254085,NORMAL,1.414467611,-0.0441980269,0.9361852423,84
84,0.84,0.9812973077,NORMAL,1.263295988,-0.04307772983,0.9538494078,85
85,0.85,-0.7869064076,NORMAL,1.547263986,-0.04195743276,0.9748354781,86
86,0.86,-1.060756904,NORMAL,1.765389271,-0.04307772983,1.000215607,87
87,0.87,-0.2388763846,NORMAL,1.426990745,-0.0441980269,1.025595735,88
88,0.88,-0.2890739741,NORMAL,1.562994365,-0.09475800301,0.9605273281,89
89,0.89,0.2586441468,NORMAL,1.703863704,-0.1453179791,0.8782382399,90
90,0.9,1.509279315,NORMAL,1.736733418,-0.09475800301,0.9235944336,91
91,0.91,-0.269215623,NORMAL,1.836656039,-0.0441980269,0.9715135732,92
92,0.92,2.367099711,NORMAL,2.665518137,-0.09475800301,0.9235944336,93
93,0.93,-0.941544654,NORMAL,2.216636084,-0.0441980269,0.9715135732,94
94,0.94,0.1790941664,NORMAL,1.809359007,-0.09475800301,0.9605273281,95
95,0.95,-1.418650421,NORMAL,1.934364127,-0.0441980269,0.9715135732,96
96,0.96,-0.67355703,NORMAL,1.708829901,-0.09475800301,0.9605273281,97
97,0.97,0.2913696652,NORMAL,1.442035635,-0.1453179791,0.8782382399,98
98,0.98,1.070451307,NORMAL,1.353953804,-0.09475800301,0.9235944336,99
99,0.99,0.9248097497,NORMAL,1.44918487,-0.0441980269,0.9715135732,100
100,1,-0.9471940524,NORMAL,1.563158581,-0.04307772983,1.000215607,101
101,1.01,0.1626303761,NORMAL,1.690005983,-0.0441980269,1.025595735,102
102,1.02,1.941362143,NORMAL,1.984012107,-0.04307772983,1.000215607,103
103,1.03,-1.614586041,NORMAL,1.890182926,-0.04195743276,1.02891764,104
104,1.04,-1.40090639,NORMAL,1.869053836,-0.04307772983,1.037148501,105
105,1.05,0.0209561745,NORMAL,1.898279049,-0.0441980269,1.045379362,106
106,1.06,-0.460968535,NORMAL,2.021465257,-0.04307772983,1.037148501,107
107,1.07,-0.3916863247,NORMAL,2.146329485,-0.0441980269,1.025595735,108
108,1.08,-0.6781712434,NORMAL,1.77854181,-0.09475800301,0.9605273281,109
109,1.09,0.6223188639,NORMAL,1.633328245,-0.1453179791,0.8782382399,110
110,1.1,0.2164838656,NORMAL,1.524821029,-0.09475800301,0.9605273281,111
111,1.11,-0.3492104226,NORMAL,1.391856726,-0.0441980269,0.9715135732,112
112,1.12,1.208983812,NORMAL,1.411595575,-0.09475800301,0.9235944336,113
113,1.13,-2.483243117,NORMAL,2.510562031,-0.0441980269,0.9715135732,114
114,1.14,0.5675969515,NORMAL,0.6895742944,-0.09475800301,0.9605273281,115
115,1.15,-0.5863522069,NORMAL,0.5580510607,-0.0441980269,0.9715135732,116
116,1.16,-0.3592422999,NORMAL,0.8497122941,-0.09475800301,0.9605273281,117
117,1.17,-0.627740246,NORMAL,0.9362690677,-0.1453179791,0.8782382399,118
118,1.18,-0.003200967881,NORMAL,0.9096491558,-0.1486421816,0.8808151781,119
119,1.19,-1.028221851,NORMAL,1.008254861,-0.1453179791,0.875675294,120
120,1.2,-0.2337560481,NORMAL,0.742155179,-0.1486421816,0.8808151781,121
121,1.21,0.2953719082,NORMAL,0.5063870098,-0.151966384,0.8833921163,122
122,1.22,0.006823879775,NORMAL,0.6580063403,-0.1486421816,0.8746052426,123
123,1.23,0.4660245643,NORMAL,0.8285466132,-0.1453179791,0.8735351912,124
124,1.24,-0.1959424498,NORMAL,0.1174449389,-0.09475800301,0.8615479538,125
125,1.25,-0.1164938518,NORMAL,0.6840233325,-0.1453179791,0.8735351912,126
126,1.26,-0.6458400619,NORMAL,0.6075459177,-0.1309059155,0.8475641616,127
127,1.27,-1.133451242,NORMAL,1.16986383,-0.1453179791,0.8446566495,128
128,1.28,-0.5522092588,NORMAL,0.4888281135,-0.1486421816,0.8601659717,129
129,1.29,0.03377593387,NORMAL,0.3099436536,-0.151966384,0.8545135746,130
130,1.3,-0.03544288186,NORMAL,0.509677338,-0.1486421816,0.8331248908,131
131,1.31,0.02922427783,NORMAL,0.6893922514,-0.1453179791,0.8215931321,132
132,1.32,-0.2749180263,NORMAL,0.6748301574,-0.1309059155,0.8173324496,133
133,1.33,-0.3761002037,NORMAL,0.6546240868,-0.1453179791,0.7900082497,134
134,1.34,-0.6916830991,NORMAL,0.8319434941,-0.1486421816,0.7884892531,135
135,1.35,0.02614328491,NORMAL,1.035214956,-0.151966384,0.7968271816,136
136,1.36,-0.8568733657,NORMAL,0.8982128562,-0.1486421816,0.7884892531,137
137,1.37,-0.4584105299,NORMAL,0.7944947737,-0.151966384,0.7968271816,138
138,1.38,-0.8805670698,NORMAL,1.02618778,-0.169783165,0.7795449449,139
139,1.39,0.9830611021,NORMAL,1.542564192,-0.187599946,0.7589058881,140
140,1.4,-0.02316460931,NORMAL,0.658776176,-0.169783165,0.7881501735,141
141,1.41,0.08388454522,NORMAL,0.3142645752,-0.151966384,0.7968271816,142
142,1.42,0.6517918497,NORMAL,1.015148942,-0.1486421816,0.7884892531,143
143,1.43,-0.4297265935,NORMAL,0.6986793684,-0.1453179791,0.7900082497,144
144,1.44,1.109188808,NORMAL,1.595241767,-0.1486421816,0.7884892531,145
145,1.45,-0.3304825741,NORMAL,0.7000671011,-0.1453179791,0.7900082497,146
146,1.46,1.220600912,NORMAL,1.736539957,-0.1486421816,0.7884892531,147
147,1.47,-1.230341464,NORMAL,1.373433107,-0.1453179791,0.7900082497,148
148,1.48,0.6342714867,NORMAL,0.9804736203,-0.1486421816,0.7985055916,149
149,1.49,-0.7514754503,NORMAL,0.7483047475,-0.1453179791,0.8100409268,150
150,1.5,0.6357886566,NORMAL,0.9673719302,-0.1486421816,0.8108885669,151
151,1.51,-0.4729717103,NORMAL,0.3988029091,-0.1453179791,0.8215931321,152
152,1.52,0.5239397066,NORMAL,0.8294381197,-0.1486421816,0.8108885669,153
153,1.53,-0.8309537448,NORMAL,0.8345198358,-0.1453179791,0.8215931321,154
154,1.54,-1.143821302,NORMAL,1.194513729,-0.1486421816,0.8331248908,155
155,1.55,1.119842298,NORMAL,1.48834228,-0.151966384,0.8545135746,156
156,1.56,1.626213884,NORMAL,2.063387908,-0.1486421816,0.8601659717,157
157,1.57,0.1012824155,NORMAL,0.2823016143,-0.1453179791,0.8735351912,158
158,1.58,-0.5749948477,NORMAL,0.5239590728,-0.1309059155,0.8475641616,159
159,1.59,-1.201287598,NORMAL,1.250176175,-0.1453179791,0.8446566495,160
160,1.6,-0.8684829891,NORMAL,0.8368626883,-0.1486421816,0.8601659717,161
161,1.61,-0.2498713119,NORMAL,0.1130779056,-0.151966384,0.8658183689,162
162,1.62,0.293372227,NORMAL,0.5521904353,-0.169783165,0.8492950229,163
163,1.63,-1.383104483,NORMAL,1.44074727,-0.151966384,0.8545135746,164
164,1.64,-1.359897242,NORMAL,1.401296422,-0.169783165,0.8492950229,165
165,1.65,1.23923191,NORMAL,1.706732949,-0.187599946,0.8360018227,166
166,1.66,-0.0391599032,NORMAL,0.7280976212,-0.169783165,0.8608019093,167
167,1.67,0.4923586266,NORMAL,0.7441803429,-0.151966384,0.8658183689,168
168,1.68,-0.6046076169,NORMAL,0.5213385573,-0.1486421816,0.8746052426,169
169,1.69,0.4585411792,NORMAL,0.7051219807,-0.151966384,0.8658183689,170
170,1.7,-0.9268263254,NORMAL,0.8897547213,-0.1486421816,0.8746052426,171
171,1.71,-1.266004333,NORMAL,1.261091115,-0.151966384,0.8833921163,172
172,1.72,-0.4917845194,NORMAL,0.3694061957,-0.169783165,0.8716728581,173
173,1.73,-0.02510264437,NORMAL,0.7069480581,-0.187599946,0.8496575005,174
174,1.74,0.03743925066,NORMAL,0.7320838142,-0.169783165,0.8608019093,175
175,1.75,-0.1616994686,NORMAL,0.7483188078,-0.151966384,0.8658183689,176
176,1.76,0.2804626824,NORMAL,0.5083851525,-0.1568329263,0.8601659717,177
177,1.77,0.2386613054,NORMAL,0.4571345629,-0.151966384,0.8545135746,178
178,1.78,-0.1251420521,NORMAL,0.2500081574,-0.1486421816,0.8331248908,179
179,1.79,-0.5040130414,NORMAL,0.4365847867,-0.1453179791,0.8215931321,180
180,1.8,-1.277906723,NORMAL,1.392626049,-0.1486421816,0.8108885669,181
181,1.81,0.9785383502,NORMAL,1.392699654,-0.151966384,0.811736207,182
182,1.82,-0.5878378918,NORMAL,0.5271667131,-0.1486421816,0.8331248908,183
183,1.83,0.2262301982,NORMAL,0.4659106974,-0.151966384,0.811736207,184
184,1.84,0.113810759,NORMAL,0.3236609212,-0.1486421816,0.8108885669,185
185,1.85,-0.7205348455,NORMAL,0.7101083999,-0.1453179791,0.8100409268,186
186,1.86,-2.156294492,NORMAL,2.475867083,-0.1486421816,0.8108885669,187
187,1.87,1.065472623,NORMAL,1.499796358,-0.151966384,0.811736207,188
188,1.88,0.8654395034,NORMAL,1.218443447,-0.1486421816,0.8322763666,189
189,1.89,2.048244333,NORMAL,2.596986969,-0.1453179791,0.8446566495,190
190,1.9,-0.8160894328,NORMAL,0.8033131272,-0.1352300156,0.8475641616,191
191,1.91,0.5817831611,NORMAL,0.8525880044,-0.1453179791,0.8528165262,192
192,1.92,0.251266984,NORMAL,0.4489294885,-0.1352300156,0.8609303009,193
193,1.93,-1.464796179,NORMAL,1.579174819,-0.1251420521,0.8483254106,194
194,1.94,-0.2231644514,NORMAL,0.6686581833,-0.1352300156,0.8609303009,195
195,1.95,-0.08885743053,NORMAL,0.3372350599,-0.1453179791,0.8528165262,196
196,1.96,-0.8548402468,NORMAL,0.8490333402,-0.1352300156,0.8475641616,197
197,1.97,0.9864177729,NORMAL,1.327056544,-0.1453179791,0.8528165262,198
198,1.98,1.25445595,NORMAL,1.614167795,-0.1352300156,0.8609303009,199
199,1.99,-0.6488992019,NORMAL,0.6150951062,-0.1251420521,0.8515059615,200
200,2,0.2226892885,NORMAL,0.4157355174,-0.1352300156,0.8609303009,201
201,2.01,-0.5385956639,NORMAL,0.4873761963,-0.1251420521,0.8483254106,202
202,2.02,-1.519738924,NORMAL,1.633515161,-0.1352300156,0.8475641616,203
203,2.03,-0.2725764174,NORMAL,0.2109166665,-0.1453179791,0.8528165262,204
204,2.04,0.1606379752,NORMAL,0.3644006412,-0.1486421816,0.8487365878,205
205,2.05,-1.705932851,NORMAL,1.847632257,-0.1453179791,0.8446566495,206
206,2.06,-0.7991159108,NORMAL,0.7664023662,-0.1486421816,0.8487365878,207
207,2.07,-0.4904313715,NORMAL,0.3960908258,-0.151966384,0.8545135746,208
208,2.08,0.300847536,NORMAL,0.5402438504,-0.1568329263,0.8471738493,209
209,2.09,-0.1281702706,NORMAL,0.1078734172,-0.151966384,0.842959601,210
210,2.1,0.08058680514,NORMAL,0.275424121,-0.1486421816,0.8322763666,211
211,2.11,0.1432814046,NORMAL,0.3512680089,-0.1453179791,0.8215931321,212
212,2.12,0.9391368532,NORMAL,1.300395907,-0.1367441249,0.8273487882,213
213,2.13,1.261266251,NORMAL,1.663071446,-0.1281702706,0.8354641194,214
214,2.14,-0.2707000703,NORMAL,0.7221561376,-0.1266561614,0.841788059,215
215,2.15,0.2661629313,NORMAL,0.7585444576,-0.1281702706,0.8354641194,216
216,2.16,-0.9811575991,NORMAL,1.032389849,-0.1266561614,0.8276925992,217
217,2.17,-1.170740057,NORMAL,1.247892952,-0.1281702706,0.8354641194,218
218,2.18,0.4004660039,NORMAL,0.6448134424,-0.1367441249,0.8331248908,219
219,2.19,-0.9464608657,NORMAL,0.9794443305,-0.1281702706,0.8354641194,220
220,2.2,-0.8755560955,NORMAL,0.88679618,-0.1367441249,0.8331248908,221
221,2.21,-0.9278965897,NORMAL,0.9265050019,-0.1453179791,0.8446566495,222
222,2.22,-0.360362552,NORMAL,0.550444516,-0.1486421816,0.8487365878,223
223,2.23,-0.2689142502,NORMAL,0.4978371643,-0.151966384,0.842959601,224
224,2.24,-0.8897380849,NORMAL,0.8819578634,-0.1568329263,0.8309979297,225
225,2.25,1.245476433,NORMAL,1.688341225,-0.1616994686,0.8334665296,226
226,2.26,-0.1354720931,NORMAL,0.653843604,-0.1568329263,0.8471738493,227
227,2.27,-1.425479171,NORMAL,1.510763725,-0.151966384,0.842959601,228
228,2.28,0.1330063681,NORMAL,0.6736782305,-0.1568329263,0.8471738493,229
229,2.29,1.568262043,NORMAL,2.040700912,-0.151966384,0.842959601,230
230,2.3,0.9494437838,NORMAL,1.293788887,-0.1486421816,0.8487365878,231
231,2.31,1.065570868,NORMAL,1.419870289,-0.1453179791,0.8528165262,232
232,2.32,0.332634606,NORMAL,0.5480107412,-0.1403950361,0.8631758587,233
233,2.33,-0.8467592161,NORMAL,0.828100966,-0.1354720931,0.8589376805,234
234,2.34,1.425554101,NORMAL,1.81417161,-0.1403950361,0.8631758587,235
235,2.35,-0.9672150912,NORMAL,0.9630659716,-0.1354720931,0.8636407293,236
236,2.36,0.941296268,NORMAL,1.245344575,-0.1403950361,0.8685879602,237
237,2.37,2.236797712,NORMAL,2.73487597,-0.1354720931,0.8674140368,238
238,2.38,1.869305937,NORMAL,2.289490621,-0.1318211819,0.8740490571,239
239,2.39,-0.07711655001,NORMAL,1.27231106,-0.1281702706,0.8782397187,240
240,2.4,0.2396142163,NORMAL,1.307890697,-0.1266561614,0.8731610105,241
241,2.41,1.523439038,NORMAL,1.905061945,-0.1251420521,0.8653687588,242
242,2.42,0.9441857989,NORMAL,1.449160105,-0.120817952,0.8645052812,243
243,2.43,0.9394869964,NORMAL,1.724380789,-0.1164938518,0.8643277832,244
244,2.44,-1.66869614,NORMAL,1.981817673,-0.1026756412,0.8835062339,245
245,2.45,-0.6344280755,NORMAL,1.584516197,-0.1164938518,0.8955511773,246
246,2.46,1.170242999,NORMAL,1.467787747,-0.120817952,0.8795964905,247
247,2.47,0.1757330735,NORMAL,1.585479666,-0.1164938518,0.8955511773,248
248,2.48,-0.8895948308,NORMAL,1.430547231,-0.1026756412,0.8835062339,249
249,2.49,-2.552252639,NORMAL,2.719843208,-0.1164938518,0.8955511773,250
250,2.5,-1.166647971,NORMAL,1.4731091,-0.120817952,0.8991179309,251
251,2.51,-0.5634449521,NORMAL,0.788000413,-0.1251420521,0.9055881234,252
252,2.52,0.1486221708,NORMAL,0.8338531244,-0.1266561614,0.8919139211,253
253,2.53,-0.05776750357,NORMAL,1.429375707,-0.1251420521,0.8827293555,254
254,2.54,-1.333392798,NORMAL,1.439440957,-0.120817952,0.8795964905,255
255,2.55,0.2621130927,NORMAL,1.466364283,-0.1251420521,0.8827293555,256
256,2.56,-0.2709285433,NORMAL,1.621186754,-0.120817952,0.8795964905,257
257,2.57,1.796078239,NORMAL,2.192013719,-0.1251420521,0.8764636255,258
258,2.58,1.156522846,NORMAL,1.591112132,-0.120817952,0.8795964905,259
259,2.59,0.3920058015,NORMAL,1.803217972,-0.1164938518,0.8955511773,260
260,2.6,-0.09937373381,NORMAL,2.03455388,-0.1026756412,0.8835062339,261
261,2.61,-0.9649088095,NORMAL,2.02086123,-0.09937373381,0.8781578649,262
262,2.62,0.7247328552,NORMAL,1.775821783,-0.1079337928,0.8835062339,263
263,2.63,0.8400344147,NORMAL,1.751301125,-0.09937373381,0.8897100702,264
264,2.64,-1.07172103,NORMAL,1.706599481,-0.09411558217,0.9069172885,265
265,2.65,-0.06595608334,NORMAL,1.466975153,-0.09937373381,0.9209334642,266
266,2.66,1.444166184,NORMAL,1.696165445,-0.09411558217,0.9069172885,267
267,2.67,-0.106386232,NORMAL,1.45973686,-0.08885743053,0.9085330355,268
268,2.68,-0.6986545821,NORMAL,1.475803032,-0.09411558217,0.9069172885,269
269,2.69,-0.4464647203,NORMAL,0.8837566524,-0.09937373381,0.8897100702,270
270,2.7,2.054955976,NORMAL,2.441257225,-0.1028799829,0.883903563,271
271,2.71,-0.3661605138,NORMAL,0.3201062863,-0.09937373381,0.8897100702,272
272,2.72,-1.169985338,NORMAL,1.207264457,-0.1028799829,0.883903563,273
273,2.73,0.6013129806,NORMAL,0.7972286902,-0.106386232,0.8876991274,274
274,2.74,-0.05167216057,NORMAL,0.1872482879,-0.1028799829,0.9001234023,275
275,2.75,0.2489267488,NORMAL,0.3914763858,-0.09937373381,0.8897100702,276
276,2.76,-0.1707643849,NORMAL,0.09614299802,-0.09411558217,0.8968976635,277
277,2.77,-0.6953932807,NORMAL,0.6708201639,-0.09937373381,0.8884937856,278
278,2.78,3.054548834,NORMAL,3.576209811,-0.1028799829,0.8828980916,279
279,2.79,-1.342387587,NORMAL,1.399012433,-0.09937373381,0.8884937856,280
280,2.8,-0.7304363697,NORMAL,0.7099828681,-0.1028799829,0.883903563,281
281,2.81,0.4969034618,NORMAL,0.6796105519,-0.106386232,0.8876991274,282
282,2.82,1.915365578,NORMAL,2.275681277,-0.1028799829,0.8868753202,283
283,2.83,-0.424815803,NORMAL,0.3657844057,-0.09937373381,0.8897100702,284
284,2.84,1.26838407,NORMAL,1.546174554,-0.1028799829,0.8868753202,285
285,2.85,-0.6885296345,NORMAL,0.6621886392,-0.09937373381,0.8897100702,286
286,2.86,-0.1962610834,NORMAL,0.1845454994,-0.1028799829,0.8868753202,287
287,2.87,-0.01459024718,NORMAL,0.20477682,-0.106386232,0.8876991274,288
288,2.88,-0.1568603322,NORMAL,0.1846262103,-0.1028799829,0.883903563,289
289,2.89,1.444429749,NORMAL,1.763667068,-0.106386232,0.8793133403,290
290,2.9,-0.879644967,NORMAL,0.8787892894,-0.1028799829,0.883903563,291
291,2.91,0.2862535425,NORMAL,0.4423117725,-0.106386232,0.8876991274,292
292,2.92,0.8301782538,NORMAL,1.055610901,-0.1028799829,0.883903563,293
293,2.93,-0.6481196679,NORMAL,0.6176136996,-0.09937373381,0.8884937856,294
294,2.94,-0.5532156815,NORMAL,0.5094851039,-0.1028799829,0.883903563,295
295,2.95,-0.1991977249,NORMAL,0.1545133164,-0.106386232,0.8793133403,296
296,2.96,0.8865975526,NORMAL,1.145573195,-0.1114400419,0.8712124195,297
297,2.97,1.476543487,NORMAL,1.80018845,-0.106386232,0.8793133403,298
298,2.98,-0.9231542697,NORMAL,0.9280133277,-0.1028799829,0.883903563,299
299,2.99,-0.1579220705,NORMAL,0.3519681963,-0.106386232,0.8876991274,300
300,3,-0.1588732648,NORMAL,0.3304236432,-0.1114400419,0.8835062339,301
301,3.01,0.3772823506,NORMAL,0.5712835014,-0.1164938518,0.8643277832,302
302,3.02,1.013307189,NORMAL,1.291013771,-0.1114400419,0.8712124195,303
303,3.03,-0.5242545147,NORMAL,0.4752211339,-0.106386232,0.8793133403,304
304,3.04,-0.6991627058,NORMAL,0.6746031745,-0.1114400419,0.8712124195,305
305,3.05,1.237368751,NORMAL,1.567215768,-0.1164938518,0.8638648429,306
306,3.06,-0.9843133228,NORMAL,1.001473388,-0.1114400419,0.8715890916,307
307,3.07,-0.1863437509,NORMAL,0.2834658347,-0.1164938518,0.8643277832,308
308,3.08,0.1135305551,NORMAL,0.3368988595,-0.120817952,0.8645052812,309
309,3.09,0.5427695806,NORMAL,0.7631557619,-0.1164938518,0.8638648429,310
310,3.1,-0.6737071331,NORMAL,0.6451057001,-0.1114400419,0.8715890916,311
311,3.11,-0.3803269168,NORMAL,0.3054101196,-0.1164938518,0.8638648429,312
312,3.12,-0.1851750059,NORMAL,0.2686285071,-0.120817952,0.8584373601,313
313,3.13,-0.1787430433,NORMAL,0.2506328299,-0.1251420521,0.8515059615,314
314,3.14,0.8297843931,NORMAL,1.125335807,-0.1266561614,0.849915686,315
315,3.15,-1.32109462,NORMAL,1.404514616,-0.1251420521,0.8515059615,316
316,3.16,1.229747209,NORMAL,1.578880403,-0.1266561614,0.859091903,317
317,3.17,0.4995895093,NORMAL,0.7219252546,-0.1251420521,0.8653687588,318
318,3.18,0.2425000619,NORMAL,0.4202611849,-0.120817952,0.8645052812,319
319,3.19,0.5189813121,NORMAL,0.7356187361,-0.1164938518,0.8638648429,320
320,3.2,1.710956308,NORMAL,2.090889351,-0.1114400419,0.8715890916,321
321,3.21,0.2653931812,NORMAL,0.4228065198,-0.106386232,0.8793133403,322
322,3.22,2.606119712,NORMAL,3.065616439,-0.1028799829,0.8836720928,323
323,3.23,1.252908849,NORMAL,1.522801468,-0.09937373381,0.8880229043,324
324,3.24,0.3336570437,NORMAL,1.36201664,-0.09411558217,0.8938719186,325
325,3.25,-0.9264161707,NORMAL,1.338292224,-0.08885743053,0.8992500515,326
326,3.26,-1.841637209,NORMAL,1.955002267,-0.09411558217,0.8938719186,327
327,3.27,0.4860456241,NORMAL,1.386913362,-0.09937373381,0.8884937856,328
328,3.28,1.150064513,NORMAL,1.798711394,-0.09411558217,0.8938719186,329
329,3.29,-1.955348161,NORMAL,2.071159112,-0.08885743053,0.9011817199,330
330,3.3,-1.167336757,NORMAL,1.363372893,-0.09411558217,0.8966661934,331
331,3.31,-0.1328282196,NORMAL,1.37471182,-0.09937373381,0.8892471299,332
332,3.32,-0.1462841186,NORMAL,1.406006949,-0.1028799829,0.8868753202,333
333,3.33,-0.1817551248,NORMAL,1.462532021,-0.106386232,0.8876991274,334
334,3.34,-1.558778811,NORMAL,1.625288198,-0.1114400419,0.8905120772,335
335,3.35,-1.618351571,NORMAL,1.677020541,-0.1164938518,0.8955511773,336
336,3.36,-2.205996214,NORMAL,2.312296403,-0.120817952,0.901778102,337
337,3.37,-0.6762705356,NORMAL,0.6085862538,-0.1251420521,0.9055881234,338
338,3.38,0.7685373451,NORMAL,0.9954846853,-0.1266561614,0.8992539209,339
339,3.39,1.780939168,NORMAL,2.104799269,-0.1251420521,0.9055881234,340
340,3.4,-0.7348264878,NORMAL,0.6773712437,-0.120817952,0.9064579308,341
341,3.41,-1.23947543,NORMAL,1.230507942,-0.1251420521,0.9055881234,342
342,3.42,0.5142664067,NORMAL,0.7075235373,-0.1266561614,0.9058674861,343
343,3.43,1.1885243,NORMAL,1.449727882,-0.1251420521,0.9061468488,344
344,3.44,1.666776638,NORMAL,1.961880081,-0.120817952,0.9111640448,345
345,3.45,0.2930427864,NORMAL,1.914430724,-0.1164938518,0.9134051912,346
346,3.46,-0.08577040329,NORMAL,2.053838238,-0.1114400419,0.9118181841,347
347,3.47,-2.263916856,NORMAL,2.369515191,-0.106386232,0.9105367344,348
348,3.48,-1.147079993,NORMAL,1.905944154,-0.1114400419,0.9118181841,349
349,3.49,-1.080561861,NORMAL,1.055465875,-0.1164938518,0.9134051912,350
350,3.5,-1.541825033,NORMAL,1.554854556,-0.120817952,0.9139164012,351
351,3.51,0.2589645233,NORMAL,0.416490964,-0.1251420521,0.922244679,352
352,3.52,-0.7371222338,NORMAL,0.6743552047,-0.120817952,0.9139164012,353
353,3.53,-1.232999611,NORMAL,1.210103425,-0.1251420521,0.9155065063,354
354,3.54,-1.73442967,NORMAL,1.746746155,-0.1266561614,0.9204391283,355
355,3.55,0.5751743201,NORMAL,2.93957603,-0.1281702706,0.9208821135,356
356,3.56,0.3503600932,NORMAL,2.946082843,-0.1266561614,0.9238082147,357
357,3.57,0.999960703,NORMAL,2.954055747,-0.1251420521,0.922244679,358
358,3.58,-0.5147117761,NORMAL,1.614089044,-0.120817952,0.9178249351,359
359,3.59,0.2182216851,NORMAL,1.206843006,-0.1251420521,0.922244679,360
360,3.6,0.6143391467,NORMAL,1.225094244,-0.120817952,0.9147832482,361
361,3.61,0.5899263085,NORMAL,1.240468425,-0.1164938518,0.9184099452,362
362,3.62,-2.734296486,NORMAL,2.830106347,-0.1114400419,0.9267695707,363
363,3.63,2.389410194,NORMAL,2.723383544,-0.1164938518,0.9201436391,364
364,3.64,-0.2235908777,NORMAL,0.297236793,-0.1114400419,0.9276543992,365
365,3.65,-1.285817326,NORMAL,1.270805366,-0.1164938518,0.9201436391,366
366,3.66,-0.8834525081,NORMAL,1.248102438,-0.120817952,0.9257993817,367
367,3.67,-0.4152801163,NORMAL,1.216900395,-0.1251420521,0.926227013,368
368,3.68,0.3603150294,NORMAL,0.9501399347,-0.1266561614,0.9254232876,369
369,3.69,1.6857502,NORMAL,1.956934877,-0.1251420521,0.9253717503,370
370,3.7,-2.011491339,NORMAL,2.042206361,-0.120817952,0.9257993817,371
371,3.71,-0.2006371721,NORMAL,0.1407653716,-0.1251420521,0.926227013,372
372,3.72,0.3697566209,NORMAL,0.5364169985,-0.1266561614,0.9254232876,373
373,3.73,-1.111967073,NORMAL,1.066409279,-0.1251420521,0.9253717503,374
374,3.74,0.6224375756,NORMAL,0.8094606512,-0.1266561614,0.9254232876,375
375,3.75,-0.5103855649,NORMAL,0.4159277449,-0.1251420521,0.926227013,376
376,3.76,0.498709198,NORMAL,0.6757614248,-0.1266561614,0.9254232876,377
377,3.77,0.2949187976,NORMAL,0.4539374036,-0.1251420521,0.9253717503,378
378,3.78,0.9478672545,NORMAL,1.162671467,-0.120817952,0.9191635273,379
379,3.79,-0.6199881501,NORMAL,0.5471909786,-0.1164938518,0.9201436391,380
380,3.8,-2.64928999,NORMAL,2.750840261,-0.120817952,0.9191635273,381
381,3.81,-1.705964,NORMAL,1.708310144,-0.1251420521,0.9253717503,382
382,3.82,0.4681376431,NORMAL,0.6417978743,-0.1266561614,0.9267618798,383
383,3.83,0.4446047374,NORMAL,0.6276590156,-0.1251420521,0.9253717503,384
384,3.84,-0.3525866263,NORMAL,0.6130026833,-0.120817952,0.9191635273,385
385,3.85,0.2964842581,NORMAL,0.6324283227,-0.1251420521,0.9249218634,386
386,3.86,-0.5632670548,NORMAL,1.800081825,-0.120817952,0.9171723603,387
387,3.87,0.2932958176,NORMAL,1.80653547,-0.1251420521,0.922244679,388
388,3.88,0.9985642571,NORMAL,1.790136115,-0.120817952,0.9147832482,389
389,3.89,-0.9135356806,NORMAL,1.786277616,-0.1164938518,0.9167399662,390
390,3.9,0.01558493135,NORMAL,0.6108189256,-0.120817952,0.9171723603,391
391,3.91,0.0118162666,NORMAL,1.135359421,-0.1164938518,0.9167399662,392
392,3.92,-1.025898833,NORMAL,0.9929210507,-0.1114400419,0.9209783501,393
393,3.93,0.5976718969,NORMAL,0.7790276142,-0.1164938518,0.9167399662,394
394,3.94,1.914356376,NORMAL,2.189889824,-0.1114400419,0.9250677342,395
395,3.95,-0.260515978,NORMAL,0.6123722871,-0.106386232,0.9271699209,396
396,3.96,1.9495881,NORMAL,2.227975386,-0.1114400419,0.9250677342,397
397,3.97,0.3870521851,NORMAL,0.61250825,-0.106386232,0.9271699209,398
398,3.98,0.1096663094,NORMAL,1.2872014,-0.1028799829,0.9256472139,399
399,3.99,0.7676668652,NORMAL,1.526862668,-0.09937373381,0.9209334642,400
400,4,-0.2447827255,NORMAL,1.968862716,-0.09411558217,0.9225289855,401
401,4.01,-0.2612766166,NORMAL,1.528606123,-0.09937373381,0.9209334642,402
402,4.02,-1.166919874,NORMAL,1.158008421,-0.1028799829,0.9188533277,403
403,4.03,-0.8983353617,NORMAL,0.8781358952,-0.106386232,0.9252167341,404
404,4.04,-0.1855856944,NORMAL,0.8860803324,-0.1114400419,0.9250677342,405
405,4.05,0.7323104618,NORMAL,0.9258943047,-0.1164938518,0.9167399662,406
406,4.06,0.6015423945,NORMAL,0.8862680514,-0.1114400419,0.9250677342,407
407,4.07,-0.8149442832,NORMAL,0.8785080138,-0.106386232,0.9271699209,408
408,4.08,-0.3029516828,NORMAL,0.8864538908,-0.1114400419,0.9267695707,409
409,4.09,-1.085687365,NORMAL,1.055295099,-0.1164938518,0.9184099452,410
410,4.1,-1.61673544,NORMAL,1.627476987,-0.120817952,0.9191635273,411
411,4.11,0.1585302169,NORMAL,0.4649879613,-0.1251420521,0.9253717503,412
412,4.12,0.04736171971,NORMAL,0.1829703493,-0.120817952,0.9191635273,413
413,4.13,0.6446249933,NORMAL,0.8287354129,-0.1164938518,0.9184099452,414
414,4.14,-0.166010014,NORMAL,0.7399461741,-0.1114400419,0.9267695707,415
415,4.15,1.07931524,NORMAL,1.302042838,-0.1164938518,0.9184099452,416
416,4.16,-0.6588163299,NORMAL,0.6347931947,-0.1114400419,0.9267695707,417
417,4.17,-0.553583644,NORMAL,0.6511845794,-0.1164938518,0.9184099452,418
418,4.18,0.1240864092,NORMAL,0.2670210876,-0.120817952,0.9171723603,419
419,4.19,0.973262056,NORMAL,1.188729572,-0.1164938518,0.9167399662,420
420,4.2,0.665930849,NORMAL,0.8403394283,-0.1114400419,0.9250677342,421
421,4.21,-0.2470543087,NORMAL,0.6163167621,-0.106386232,0.9271699209,422
422,4.22,0.4345004747,NORMAL,0.6365480881,-0.1114400419,0.9250677342,423
423,4.23,1.175480929,NORMAL,1.385477708,-0.106386232,0.9252167341,424
424,4.24,0.8172381555,NORMAL,0.9940268005,-0.1028799829,0.9256472139,425
425,4.25,-1.737632678,NORMAL,1.772768639,-0.09937373381,0.9241245068,426
426,4.26,1.70827202,NORMAL,1.947749663,-0.1028799829,0.9298689854,427
427,4.27,-0.1965252293,NORMAL,0.8659377741,-0.09937373381,0.935613464,428
428,4.28,0.639960115,NORMAL,0.8917121121,-0.1028799829,0.9298689854,429
429,4.29,-0.3288663241,NORMAL,0.866101283,-0.09937373381,0.935613464,430
430,4.3,-0.5087695215,NORMAL,0.4365018567,-0.1028799829,0.9298689854,431
431,4.31,0.3376822506,NORMAL,0.4789504842,-0.106386232,0.9271699209,432
432,4.32,-0.5702400087,NORMAL,0.5049008076,-0.1028799829,0.9256472139,433
433,4.33,0.7964422329,NORMAL,0.9758021355,-0.106386232,0.9252167341,434
434,4.34,-1.32383479,NORMAL,1.319028231,-0.1028799829,0.9256472139,435
435,4.35,0.2323325507,NORMAL,0.3653254652,-0.106386232,0.9271699209,436
436,4.36,0.505909801,NORMAL,0.9262445753,-0.1028799829,0.9256472139,437
437,4.37,1.484017032,NORMAL,1.719332424,-0.09937373381,0.9209334642,438
438,4.38,-2.349486045,NORMAL,2.444769214,-0.09411558217,0.9225289855,439
439,4.39,0.9956038198,NORMAL,1.184880983,-0.09937373381,0.9241245068,440
440,4.4,0.4204538797,NORMAL,1.185616496,-0.09411558217,0.9360691997,441
441,4.41,-1.094331606,NORMAL,1.476658982,-0.08885743053,0.9364502067,442
442,4.42,0.7974389987,NORMAL,1.4960343,-0.09411558217,0.9360691997,443
443,4.43,-0.578495846,NORMAL,1.927386733,-0.08885743053,0.9365249355,444
444,4.44,-1.413957745,NORMAL,1.92011585,-0.09411558217,0.9360691997,445
445,4.45,-0.532744192,NORMAL,1.901381504,-0.09937373381,0.935613464,446
446,4.46,-0.306801284,NORMAL,1.359432691,-0.1028799829,0.9298689854,447
447,4.47,-0.4692842861,NORMAL,1.395862605,-0.106386232,0.9271699209,448
448,4.48,0.4164410433,NORMAL,0.5706404684,-0.1114400419,0.9250677342,449
449,4.49,-0.7159784856,NORMAL,1.396102301,-0.106386232,0.9252167341,450
450,4.5,0.8202042448,NORMAL,1.418619335,-0.1114400419,0.9209783501,451
451,4.51,-1.809480609,NORMAL,1.90582666,-0.106386232,0.9252167341,452
452,4.52,0.3068225034,NORMAL,0.6084867161,-0.1114400419,0.9250677342,453
453,4.53,-0.3404839832,NORMAL,0.5834348195,-0.106386232,0.9252167341,454
454,4.54,0.378092413,NORMAL,0.608588824,-0.1114400419,0.9209783501,455
455,4.55,0.528842969,NORMAL,0.6903317564,-0.106386232,0.9201796022,456
456,4.56,-0.8889198179,NORMAL,0.8554573525,-0.1028799829,0.9188533277,457
457,4.57,-0.4397626197,NORMAL,0.7174635163,-0.106386232,0.9252167341,458
458,4.58,1.411712674,NORMAL,1.653842042,-0.1114400419,0.9209783501,459
459,4.59,1.086126611,NORMAL,1.288901075,-0.106386232,0.9252167341,460
460,4.6,0.1215173412,NORMAL,0.3074332625,-0.1028799829,0.9256472139,461
461,4.61,-1.622024631,NORMAL,1.653377748,-0.09937373381,0.9209334642,462
462,4.62,-0.06083652958,NORMAL,0.04795468121,-0.1028799829,0.9256472139,463
463,4.63,0.8170403512,NORMAL,0.9950926105,-0.09937373381,0.9209334642,464
464,4.64,0.03185753949,NORMAL,0.6269486904,-0.09411558217,0.9227861443,465
465,4.65,-1.906666105,NORMAL,1.984935017,-0.08885743053,0.9158026123,466
466,4.66,-1.160492041,NORMAL,1.155605192,-0.09411558217,0.9227861443,467
467,4.67,0.4756437966,NORMAL,0.6222295007,-0.09937373381,0.9241245068,468
468,4.68,0.3523122513,NORMAL,0.4837825494,-0.09411558217,0.9227861443,469
469,4.69,0.4998286868,NORMAL,0.6428089518,-0.08885743053,0.9158026123,470
470,4.7,0.1023054066,NORMAL,0.3761728079,-0.08731391691,0.9105520769,471
471,4.71,-2.048420147,NORMAL,2.157046274,-0.08577040329,0.909878368,472
472,4.72,-0.2327451292,NORMAL,0.3707888589,-0.08731391691,0.9105520769,473
473,4.73,-1.79113991,NORMAL,1.87366052,-0.08885743053,0.9085330355,474
474,4.74,0.6779725719,NORMAL,0.8400011045,-0.09411558217,0.9191513559,475
475,4.75,0.09848032941,NORMAL,0.2697047776,-0.08885743053,0.9158026123,476
476,4.76,-0.1610741636,NORMAL,0.370902146,-0.08731391691,0.9105520769,477
477,4.77,-0.3298843925,NORMAL,0.39561735,-0.08885743053,0.9085330355,478
478,4.78,1.291112466,NORMAL,1.517803454,-0.09411558217,0.9126531133,479
479,4.79,-0.07368218639,NORMAL,0.8069644277,-0.08885743053,0.9085330355,480
480,4.8,0.2156245565,NORMAL,0.8326865438,-0.08731391691,0.9073584846,481
481,4.81,-0.3852916258,NORMAL,0.808788324,-0.08577040329,0.9094154277,482
482,4.82,0.5623550027,NORMAL,0.8365078255,-0.08731391691,0.9067503423,483
483,4.83,-0.3383361192,NORMAL,0.8089076566,-0.08577040329,0.9094154277,484
484,4.84,-0.2311718008,NORMAL,0.8329322828,-0.08731391691,0.9067503423,485
485,4.85,-0.2403400025,NORMAL,0.4333699179,-0.08885743053,0.9048386011,486
486,4.86,0.1303997649,NORMAL,0.4593403024,-0.09411558217,0.8997464712,487
487,4.87,1.272705005,NORMAL,1.506011103,-0.08885743053,0.9040852568,488
488,4.88,-1.629874961,NORMAL,1.702025242,-0.08731391691,0.9063091462,489
489,4.89,-0.8748588712,NORMAL,0.8686647981,-0.08885743053,0.9048386011,490
490,4.9,-2.4880357,NORMAL,2.643806652,-0.09411558217,0.9054822961,491
491,4.91,0.7887912204,NORMAL,0.971544661,-0.09937373381,0.914178205,492
492,4.92,1.966995425,NORMAL,2.258372844,-0.09411558217,0.9126531133,493
493,4.93,-1.117630073,NORMAL,1.132344782,-0.08885743053,0.9085330355,494
494,4.94,0.1456671263,NORMAL,0.2608740192,-0.09411558217,0.9191513559,495
495,4.95,1.947119079,NORMAL,2.240949344,-0.08885743053,0.9085330355,496
496,4.96,-1.161472827,NORMAL,1.179678722,-0.08731391691,0.9105520769,497
497,4.97,0.357092245,NORMAL,0.4869495561,-0.08885743053,0.9158026123,498
498,4.98,0.3891792159,NORMAL,0.5233013519,-0.08731391691,0.9105520769,499
499,4.99,-1.071600632,NORMAL,1.08347474,-0.08577040329,0.909878368,500
500,5,-0.215086795,NORMAL,0.5041620332,-0.08731391691,0.9105520769,501
501,5.01,1.819882798,NORMAL,2.100903494,-0.08885743053,0.9085330355,502
502,5.02,-0.2884760144,NORMAL,0.2209232208,-0.08731391691,0.9105520769,503
503,5.03,-0.783885059,NORMAL,0.7649998418,-0.08885743053,0.9085330355,504
504,5.04,-0.3286390434,NORMAL,0.4834942381,-0.09411558217,0.9191513559,505
505,5.05,0.4836385723,NORMAL,0.6359395233,-0.09937373381,0.9167731911,506
506,5.06,-0.0007232055103,NORMAL,0.1105882326,-0.09411558217,0.9126531133,507
507,5.07,1.687501293,NORMAL,1.962173533,-0.08885743053,0.9053015414,508
508,5.08,0.4020017842,NORMAL,0.5392749497,-0.08731391691,0.9073584846,509
509,5.09,-0.3797153147,NORMAL,0.3232240211,-0.08577040329,0.9094154277,510
510,5.1,-0.5336046472,NORMAL,0.4921869995,-0.08731391691,0.9067503423,511
511,5.11,-0.2546284231,NORMAL,0.2671438508,-0.08885743053,0.9048386011,512
512,5.12,-1.34697707,NORMAL,1.392460574,-0.09411558217,0.8997464712,513
513,5.13,1.025857232,NORMAL,1.237676866,-0.1028799829,0.9119805386,514
514,5.14,0.6771209708,NORMAL,0.8517411729,-0.09411558217,0.9054822961,515
515,5.15,0.4758724673,NORMAL,0.6547428801,-0.09411558217,0.9054822961,516
516,5.16,1.355299514,NORMAL,1.600710585,-0.09411558217,0.9054822961,517
517,5.17,-0.3006467008,NORMAL,0.7722545719,-0.08731391691,0.9067503423,518
518,5.18,2.027836494,NORMAL,2.358388884,-0.09411558217,0.8997464712,519
519,5.19,-1.020738528,NORMAL,1.029871165,-0.09411558217,0.8997464712,520
520,5.2,-1.313312773,NORMAL,1.35504526,-0.09411558217,0.8997464712,521
521,5.21,-0.1740666896,NORMAL,0.07859110585,-0.1028799829,0.9057857868,522
522,5.22,-1.277580665,NORMAL,1.296885753,-0.1028799829,0.9057857868,523
523,5.23,-1.374397739,NORMAL,1.403773138,-0.1028799829,0.9057857868,524
524,5.24,0.3556231967,NORMAL,0.5154712948,-0.1114400419,0.9060897149,525
525,5.25,-0.3521145873,NORMAL,0.4894208865,-0.1028799829,0.8980838036,526
526,5.26,0.7478890215,NORMAL,0.95228382,-0.1028799829,0.8933985715,527
527,5.27,0.3759794504,NORMAL,0.5239144973,-0.09411558217,0.8972743356,528
528,5.28,-0.6727312349,NORMAL,0.6476632315,-0.08731391691,0.9038915435,529
529,5.29,-0.6797639142,NORMAL,0.6526970724,-0.09411558217,0.8972743356,530
530,5.3,0.4912467511,NORMAL,0.7389510827,-0.09411558217,0.8966661934,531
531,5.31,1.028552497,NORMAL,1.252046846,-0.09411558217,0.8966661934,532
532,5.32,0.2002503832,NORMAL,0.5170958597,-0.09411558217,0.8972743356,533
533,5.33,-0.5198496444,NORMAL,0.4744748014,-0.09411558217,0.8972743356,534
534,5.34,-0.6950619207,NORMAL,0.6593838296,-0.1028799829,0.8980838036,535
535,5.35,0.05696962238,NORMAL,0.5804296257,-0.1028799829,0.8933985715,536
536,5.36,0.6282881342,NORMAL,0.8184120062,-0.1028799829,0.8933985715,537
537,5.37,0.8133351105,NORMAL,1.012027329,-0.09411558217,0.8966661934,538
538,5.38,1.099692591,NORMAL,1.317004276,-0.08731391691,0.9012928276,539
539,5.39,1.014117529,NORMAL,1.207521566,-0.08144347665,0.9072806947,540
540,5.4,0.6947059737,NORMAL,1.01176628,-0.0753993682,0.9150997714,541
541,5.41,0.2344451739,NORMAL,1.01176628,-0.0753993682,0.9176044919,542
542,5.42,-0.3798391739,NORMAL,1.473367506,-0.0753993682,0.9150997714,543
543,5.43,0.1741120101,NORMAL,1.518398359,-0.08144347665,0.9047759742,544
544,5.44,-0.2047779877,NORMAL,1.518398359,-0.0753993682,0.9113645961,545
545,5.45,0.3612247641,NORMAL,1.518398359,-0.0753993682,0.9025289043,546
546,5.46,1.122434503,NORMAL,1.51736924,-0.0753993682,0.9025289043,547
547,5.47,-1.252200545,NORMAL,1.469437261,-0.06981913486,0.9127621081,548
548,5.48,-0.3978078096,NORMAL,1.327479585,-0.0753993682,0.9113645961,549
549,5.49,1.847264519,NORMAL,2.130307271,-0.0753993682,0.9025289043,550
550,5.5,0.2974026415,NORMAL,1.301231707,-0.06981913486,0.9062640797,551
551,5.51,1.147172014,NORMAL,1.32643803,-0.06339630646,0.9126459684,552
552,5.52,1.36973126,NORMAL,1.570299565,-0.06339630646,0.9126459684,553
553,5.53,-1.122382445,NORMAL,1.708285421,-0.06339630646,0.9126459684,554
554,5.54,-0.05702170469,NORMAL,1.708285421,-0.06339630646,0.9203246437,555
555,5.55,-0.6631006606,NORMAL,1.754019624,-0.06339630646,0.9126459684,556
556,5.56,-1.740054349,NORMAL,1.837139592,-0.06339630646,0.9126459684,557
557,5.57,-0.09074893212,NORMAL,1.513200129,-0.06981913486,0.9127621081,558
558,5.58,-0.5723601056,NORMAL,1.51736924,-0.06981913486,0.9062640797,559
559,5.59,0.3150186651,NORMAL,1.366640112,-0.0753993682,0.9025289043,560
560,5.6,0.3792506786,NORMAL,1.323938499,-0.06981913486,0.9062640797,561
561,5.61,-0.1931917561,NORMAL,1.513200129,-0.06981913486,0.9062640797,562
562,5.62,0.3585759775,NORMAL,1.513200129,-0.06981913486,0.9062640797,563
563,5.63,0.2646158538,NORMAL,1.469437261,-0.06339630646,0.9126459684,564
564,5.64,0.7993466627,NORMAL,1.469437261,-0.06339630646,0.9100563268,565
565,5.65,-0.690150604,NORMAL,1.594205076,-0.05930201658,0.9187161626,566
566,5.66,-1.467286804,NORMAL,1.599051175,-0.05930201658,0.9187161626,567
567,5.67,-0.6480440433,NORMAL,1.629005702,-0.06339630646,0.9203246437,568
568,5.68,-0.379792819,NORMAL,1.599051175,-0.06339630646,0.9126459684,569
569,5.69,-0.8030397461,NORMAL,1.335978143,-0.06339630646,0.9126459684,570
570,5.7,1.436166668,NORMAL,1.649921474,-0.06981913486,0.9127621081,571
571,5.71,-0.3282094379,NORMAL,0.6051541552,-0.06339630646,0.9272807815,572
572,5.72,-1.495841936,NORMAL,1.544780889,-0.06339630646,0.9272807815,573
573,5.73,0.3767657126,NORMAL,0.4849757853,-0.06981913486,0.9208394747,574
574,5.74,0.04069677841,NORMAL,0.3669514365,-0.06981913486,0.9185018115,575
575,5.75,0.08539066833,NORMAL,0.1616679243,-0.06339630646,0.9203246437,576
576,5.76,0.1283580145,NORMAL,0.2101081115,-0.06339630646,0.9126459684,577
577,5.77,-1.737322093,NORMAL,1.834145818,-0.06339630646,0.9126459684,578
578,5.78,1.565702269,NORMAL,1.791837533,-0.06981913486,0.9127621081,579
579,5.79,2.147945069,NORMAL,2.41454527,-0.06981913486,0.9185018115,580
580,5.8,-0.9029682332,NORMAL,0.9054128409,-0.06339630646,0.9272807815,581
581,5.81,0.8534056543,NORMAL,0.9874198526,-0.06339630646,0.9284824063,582
582,5.82,0.4244861803,NORMAL,0.5195506121,-0.05930201658,0.9311666382,583
583,5.83,0.4242098668,NORMAL,0.5192538731,-0.05930201658,0.9311666382,584
584,5.84,0.5845439881,NORMAL,0.6893917436,-0.05739460413,0.9311666382,585
585,5.85,-0.4721875429,NORMAL,0.4491529907,-0.05434693263,0.9302857131,586
586,5.86,0.4877139374,NORMAL,0.5853393578,-0.05434693263,0.92606257,587
587,5.87,-0.3799708208,NORMAL,0.5477769345,-0.04541603189,0.9313931152,588
588,5.88,-1.103787822,NORMAL,1.138124743,-0.05434693263,0.9220789681,589
589,5.89,0.2355436944,NORMAL,0.5743425613,-0.05739460413,0.9196021062,590
590,5.9,-0.06642919229,NORMAL,0.8026719491,-0.05739460413,0.9181931115,591
591,5.91,0.05253852312,NORMAL,0.8398722538,-0.05930201658,0.916126521,592
592,5.92,-2.919252432,NORMAL,3.121785419,-0.05930201658,0.916126521,593
593,5.93,0.3340994969,NORMAL,0.5576249038,-0.06339630646,0.9100563268,594
594,5.94,1.974819094,NORMAL,2.247832324,-0.06339630646,0.9067470818,595
595,5.95,0.03411021924,NORMAL,0.699209363,-0.06339630646,0.9100563268,596
596,5.96,1.672536147,NORMAL,1.914461583,-0.06339630646,0.9067470818,597
597,5.97,-0.4819197489,NORMAL,0.5953205898,-0.06339630646,0.9067470818,598
598,5.98,-0.8894452231,NORMAL,0.9130280195,-0.06339630646,0.9047355602,599
599,5.99,-0.4260779932,NORMAL,0.5953205898,-0.06339630646,0.9047355602,600
600,6,0.5887157872,NORMAL,0.7207764593,-0.06339630646,0.9047355602,601
601,6.01,-0.5228319637,NORMAL,0.7043512527,-0.05930201658,0.912817276,602
602,6.02,0.09744767832,NORMAL,0.7295027967,-0.06339630646,0.9067470818,603
603,6.03,-1.754958358,NORMAL,1.869675656,-0.06339630646,0.9047355602,604
604,6.04,-0.9852185918,NORMAL,1.016625588,-0.06339630646,0.9067470818,605
605,6.05,1.295036868,NORMAL,1.506327332,-0.06619263781,0.9036744381,606
606,6.06,0.2666439609,NORMAL,0.7315027042,-0.06339630646,0.9067470818,607
607,6.07,-0.5089770804,NORMAL,0.8407095039,-0.06339630646,0.9067470818,608
608,6.08,-0.6541983401,NORMAL,0.7347325179,-0.06339630646,0.9047355602,609
609,6.09,-0.2956986713,NORMAL,0.5492109036,-0.06339630646,0.9041233983,610
610,6.1,-0.4159040107,NORMAL,0.5792526908,-0.06619263781,0.9017741878,611
611,6.11,-1.352273182,NORMAL,1.433846475,-0.07005568934,0.8942501972,612
612,6.12,0.1314177605,NORMAL,0.5155370199,-0.0753993682,0.8897158525,613
613,6.13,0.2688935652,NORMAL,0.380531039,-0.07005568934,0.8907269573,614
614,6.14,-0.5281184794,NORMAL,0.5142572438,-0.07005568934,0.8907269573,615
615,6.15,-0.4193637674,NORMAL,0.5155370199,-0.0753993682,0.8863276589,616
616,6.16,0.774982177,NORMAL,1.300976973,-0.0753993682,0.8834165111,617
617,6.17,2.548218765,NORMAL,2.975470715,-0.07005568934,0.8799530242,618
618,6.18,-0.4467668753,NORMAL,0.5399943628,-0.07005568934,0.8842923624,619
619,6.19,-0.8943940079,NORMAL,1.323025854,-0.07005568934,0.8842923624,620
620,6.2,-1.042611039,NORMAL,1.409640068,-0.07005568934,0.8907269573,621
621,6.21,-0.376132203,NORMAL,1.409640068,-0.07005568934,0.8907269573,622
622,6.22,1.918584046,NORMAL,2.249713629,-0.0753993682,0.8863276589,623
623,6.23,0.9199349676,NORMAL,1.598806647,-0.0753993682,0.8878156023,624
624,6.24,-0.7654497767,NORMAL,1.608172227,-0.07005568934,0.8942501972,625
625,6.25,1.237197081,NORMAL,1.598806647,-0.0753993682,0.8897158525,626
626,6.26,0.2865228545,NORMAL,1.613656202,-0.07005568934,0.8942501972,627
627,6.27,-0.4384092397,NORMAL,1.613656202,-0.07005568934,0.8907269573,628
628,6.28,1.600564452,NORMAL,1.875569306,-0.07005568934,0.8907269573,629
629,6.29,0.8866048308,NORMAL,1.724724026,-0.06619263781,0.8999775574,630
630,6.3,1.72023506,NORMAL,1.972774259,-0.06339630646,0.9041233983,631
631,6.31,-0.8479027875,NORMAL,1.324643316,-0.06339630646,0.9067470818,632
632,6.32,-0.1954278995,NORMAL,1.328461674,-0.06339630646,0.9067470818,633
633,6.33,1.070726474,NORMAL,1.329658199,-0.06339630646,0.9067470818,634
634,6.34,-2.4766789,NORMAL,2.648358949,-0.06339630646,0.9112369736,635
635,6.35,-0.8269708468,NORMAL,1.324643316,-0.06619263781,0.9161788028,636
636,6.36,0.1065517904,NORMAL,1.307299871,-0.07005568934,0.9181510958,637
637,6.37,-0.2495862798,NORMAL,0.8652431327,-0.06619263781,0.923878456,638
638,6.38,0.3848954742,NORMAL,1.005707115,-0.06619263781,0.923878456,639
639,6.39,-0.3625639507,NORMAL,1.012578215,-0.06339630646,0.9272807815,640
640,6.4,-0.2035827262,NORMAL,1.021859639,-0.06339630646,0.9203246437,641
641,6.41,-0.6241155302,NORMAL,0.8032057541,-0.06339630646,0.9203246437,642
642,6.42,-0.4250715768,NORMAL,0.7941505761,-0.06619263781,0.9161788028,643
643,6.43,1.483853137,NORMAL,1.702424775,-0.07005568934,0.9127621081,644
644,6.44,1.530457567,NORMAL,1.743191576,-0.07005568934,0.9181510958,645
645,6.45,0.395342447,NORMAL,0.6416307378,-0.06619263781,0.9262161193,646
646,6.46,-0.8969501641,NORMAL,0.8977594535,-0.06339630646,0.9284824063,647
647,6.47,-0.6662345894,NORMAL,0.6655958486,-0.06339630646,0.9284824063,648
648,6.48,-0.8660966057,NORMAL,0.8615176362,-0.06619263781,0.9284824063,649
649,6.49,-1.004539905,NORMAL,1.010624715,-0.06619263781,0.9284824063,650
650,6.5,0.5192118894,NORMAL,1.169853464,-0.06619263781,0.9321231653,651
651,6.51,-0.872197901,NORMAL,0.8711006144,-0.06339630646,0.9284824063,652
652,6.52,-0.3458045721,NORMAL,0.7941505761,-0.06619263781,0.9284824063,653
653,6.53,1.9118856,NORMAL,2.147297173,-0.07005568934,0.9229934795,654
654,6.54,-1.458727783,NORMAL,1.498222294,-0.07005568934,0.9268798758,655
655,6.55,0.9653302435,NORMAL,1.132511346,-0.0753993682,0.9189573375,656
656,6.56,-0.4755892806,NORMAL,0.7682890092,-0.07005568934,0.9295431157,657
657,6.57,0.5628030092,NORMAL,0.7551238987,-0.0753993682,0.9189573375,658
658,6.58,-1.61320739,NORMAL,1.660118477,-0.07005568934,0.9295431157,659
659,6.59,-0.6344105872,NORMAL,1.10307879,-0.0753993682,0.9216205774,660
660,6.6,-1.730774558,NORMAL,1.801362394,-0.0753993682,0.9189573375,661
661,6.61,-2.353264364,NORMAL,2.489231397,-0.08144347665,0.9126595822,662
662,6.62,0.09205084536,NORMAL,1.576938892,-0.08144347665,0.9126595822,663
663,6.63,-0.414031997,NORMAL,1.576938892,-0.08144347665,0.9099963423,664
664,6.64,1.585752293,NORMAL,1.832090627,-0.08144347665,0.9099963423,665
665,6.65,-1.178450159,NORMAL,1.52963502,-0.08144347665,0.9126595822,666
666,6.66,-0.3236257485,NORMAL,1.685863695,-0.08144347665,0.9126595822,667
667,6.67,-0.0009865175766,NORMAL,1.539604979,-0.08144347665,0.9099963423,668
668,6.68,-0.3737023183,NORMAL,1.369027874,-0.08144347665,0.9072806947,669
669,6.69,-0.2884755358,NORMAL,1.436558249,-0.08731391691,0.9001411754,670
670,6.7,0.4369951339,NORMAL,1.428617881,-0.08980318133,0.9002158857,671
671,6.71,0.8349559932,NORMAL,1.436558249,-0.08731391691,0.9001411754,672
672,6.72,-1.663091051,NORMAL,1.750307299,-0.08144347665,0.9036399357,673
673,6.73,-0.2927196501,NORMAL,1.585299718,-0.08144347665,0.9036399357,674
674,6.74,-0.474032605,NORMAL,1.421653035,-0.08144347665,0.9036399357,675
675,6.75,-0.3314730967,NORMAL,1.414675096,-0.08731391691,0.9001411754,676
676,6.76,0.7951316288,NORMAL,1.421653035,-0.08731391691,0.8990642335,677
677,6.77,0.3575580292,NORMAL,1.431756102,-0.08144347665,0.9012675623,678
678,6.78,0.9636575698,NORMAL,1.438798508,-0.08144347665,0.8952987917,679
679,6.79,1.023654385,NORMAL,1.320364263,-0.08144347665,0.9012675623,680
680,6.8,-1.15596097,NORMAL,1.259483301,-0.08144347665,0.9036399357,681
681,6.81,-0.9995848134,NORMAL,1.246990359,-0.08144347665,0.9072806947,682
682,6.82,1.207370269,NORMAL,1.432242376,-0.08731391691,0.9039560675,683
683,6.83,-0.5681069629,NORMAL,1.246990359,-0.08144347665,0.9099963423,684
684,6.84,1.598109313,NORMAL,1.851194233,-0.08144347665,0.9072806947,685
685,6.85,-0.93071462,NORMAL,1.154539776,-0.0753993682,0.9176044919,686
686,6.86,0.5529276688,NORMAL,1.236597873,-0.08144347665,0.9126595822,687
687,6.87,-0.5113773864,NORMAL,1.127720159,-0.08144347665,0.915453857,688
688,6.88,-1.180228062,NORMAL,1.225660059,-0.08144347665,0.915453857,689
689,6.89,1.351117028,NORMAL,1.558791226,-0.08731391691,0.9227861443,690
690,6.9,0.3681408729,NORMAL,1.210895545,-0.08731391691,0.9331099414,691
691,6.91,2.527612338,NORMAL,2.796450225,-0.08144347665,0.9329884694,692
692,6.92,-0.4489499799,NORMAL,1.03401675,-0.0753993682,0.9385461477,693
693,6.93,-1.043213634,NORMAL,1.042707128,-0.0753993682,0.9281745947,694
694,6.94,-0.1589086363,NORMAL,1.017609907,-0.08144347665,0.9329884694,695
695,6.95,-0.1065911008,NORMAL,1.03401675,-0.08144347665,0.9329884694,696
696,6.96,-0.8165666117,NORMAL,0.7815292308,-0.08731391691,0.9331099414,697
697,6.97,-0.9575519855,NORMAL,1.005914085,-0.08980318133,0.9364875711,698
698,6.98,-0.6480343162,NORMAL,1.005914085,-0.08980318133,0.9438275709,699
699,6.99,-0.2266022232,NORMAL,1.017609907,-0.08980318133,0.9331099414,700
700,7,-1.74744034,NORMAL,1.790641328,-0.09506133296,0.9227861443,701
701,7.01,0.3597667604,NORMAL,1.001768,-0.1028799829,0.9263642545,702
702,7.02,0.9558814449,NORMAL,1.148153835,-0.1028799829,0.922142483,703
703,7.03,-1.203921611,NORMAL,1.21101334,-0.09506133296,0.915646625,704
704,7.04,0.4824913613,NORMAL,1.111288448,-0.1028799829,0.922142483,705
705,7.05,0.3626161934,NORMAL,0.8334240144,-0.1028799829,0.922142483,706
706,7.06,2.125106148,NORMAL,2.438269325,-0.09506133296,0.9105505525,707
707,7.07,0.129523043,NORMAL,0.2409329447,-0.08980318133,0.9103206067,708
708,7.08,0.163949309,NORMAL,0.4841153682,-0.0882596677,0.9103206067,709
709,7.09,0.3389474439,NORMAL,0.460621823,-0.08144347665,0.9126595822,710
710,7.1,-0.02409091929,NORMAL,0.4494423775,-0.08144347665,0.9099963423,711
711,7.11,-0.3575145862,NORMAL,0.3042841219,-0.08144347665,0.9072806947,712
712,7.12,-1.562255852,NORMAL,1.632143596,-0.08144347665,0.9072806947,713
713,7.13,0.8947985476,NORMAL,1.088893894,-0.0882596677,0.9028044153,714
714,7.14,-0.4293852841,NORMAL,0.3812394174,-0.08144347665,0.9126595822,715
715,7.15,-0.2753806095,NORMAL,0.2728044296,-0.08144347665,0.9099963423,716
716,7.16,-0.3972157494,NORMAL,0.3470038923,-0.08144347665,0.9099963423,717
717,7.17,-2.673732792,NORMAL,2.863824191,-0.0882596677,0.9028044153,718
718,7.18,-0.5472883655,NORMAL,0.5566252712,-0.0882596677,0.9028044153,719
719,7.19,0.6872020975,NORMAL,0.8611778986,-0.0882596677,0.9004664036,720
720,7.2,-0.06964094072,NORMAL,0.5786683738,-0.08144347665,0.9099963423,721
721,7.21,0.3122117781,NORMAL,0.4325899308,-0.08144347665,0.9099963423,722
722,7.22,-0.4308262685,NORMAL,0.3873421539,-0.0753993682,0.9176044919,723
723,7.23,1.199941799,NORMAL,1.408121347,-0.08144347665,0.9099963423,724
724,7.24,-1.248187714,NORMAL,1.278400249,-0.08144347665,0.9126595822,725
725,7.25,0.3243605535,NORMAL,0.5526948343,-0.0882596677,0.9053481721,726
726,7.26,1.145296866,NORMAL,1.366360768,-0.0882596677,0.9028044153,727
727,7.27,0.3390307187,NORMAL,0.4607130671,-0.08144347665,0.9126595822,728
728,7.28,-0.1803712669,NORMAL,0.1939149905,-0.08144347665,0.9126595822,729
729,7.29,0.05004031602,NORMAL,0.1939149905,-0.08144347665,0.9099963423,730
730,7.3,-2.059443077,NORMAL,2.170812296,-0.0753993682,0.9139637328,731
731,7.31,-1.512685194,NORMAL,1.572799417,-0.08144347665,0.9099963423,732
732,7.32,-0.1042554889,NORMAL,0.5117726981,-0.08144347665,0.9099963423,733
733,7.33,1.133018983,NORMAL,1.338574122,-0.08144347665,0.9072806947,734
734,7.34,-0.8143535279,NORMAL,0.8085158449,-0.0753993682,0.9139637328,735
735,7.35,-2.007243587,NORMAL,2.105312514,-0.0753993682,0.9176044919,736
736,7.36,-0.7494583323,NORMAL,0.7335040883,-0.0753993682,0.9189573375,737
737,7.37,0.01594129383,NORMAL,0.09939597661,-0.0753993682,0.9189573375,738
738,7.38,-1.595560151,NORMAL,1.656662317,-0.0753993682,0.9176044919,739
739,7.39,-1.132617118,NORMAL,1.150453571,-0.0753993682,0.9189573375,740
740,7.4,1.055323545,NORMAL,1.230441139,-0.0753993682,0.9189573375,741
741,7.41,0.5799886462,NORMAL,0.7582307981,-0.0753993682,0.9216205774,742
742,7.42,1.214212873,NORMAL,1.399287595,-0.0753993682,0.9216205774,743
743,7.43,0.786606614,NORMAL,0.9353154686,-0.0753993682,0.9216205774,744
744,7.44,-0.02960967519,NORMAL,0.3440166515,-0.0753993682,0.9216205774,745
745,7.45,-0.6424030132,NORMAL,0.6152245934,-0.0753993682,0.9216205774,746
746,7.46,0.5563267573,NORMAL,0.6874379253,-0.0753993682,0.9189573375,747
747,7.47,-0.1214050148,NORMAL,0.0552356166,-0.0753993682,0.9189573375,748
748,7.48,-0.6838707029,NORMAL,0.6631084962,-0.0753993682,0.9176044919,749
749,7.49,-0.1739560313,NORMAL,0.1019668502,-0.08144347665,0.9072806947,750
750,7.5,-1.573300164,NORMAL,1.649649289,-0.0882596677,0.9002158857,751
751,7.51,0.5304492282,NORMAL,0.6986883701,-0.09506133296,0.8952640232,752
752,7.52,-0.2360306162,NORMAL,0.1567169898,-0.09506133296,0.8995150011,753
753,7.53,0.2791314628,NORMAL,0.4205697194,-0.1018146113,0.9057857868,754
754,7.54,0.3334947098,NORMAL,0.485563013,-0.1018146113,0.8965042837,755
755,7.55,0.840814418,NORMAL,1.056973416,-0.1018146113,0.8918190516,756
756,7.56,1.798928785,NORMAL,2.131310598,-0.1018146113,0.8918190516,757
757,7.57,0.09812600389,NORMAL,0.4714288619,-0.09506133296,0.8929435771,758
758,7.58,-0.0367484078,NORMAL,0.4334272284,-0.0882596677,0.8998906575,759
759,7.59,0.857320052,NORMAL,1.054775232,-0.0882596677,0.8964750891,760
760,7.6,0.2950714821,NORMAL,0.4259752522,-0.0882596677,0.8998906575,761
761,7.61,-0.006783419763,NORMAL,0.4353286075,-0.07972629484,0.898984645,762
762,7.62,-0.04364948169,NORMAL,0.3458923024,-0.07166156355,0.8945413609,763
763,7.63,-0.7233399316,NORMAL,0.7303514143,-0.0680350665,0.8972459726,764
764,7.64,0.9818980241,NORMAL,1.166761301,-0.0680350665,0.8998696562,765
765,7.65,-0.2192740469,NORMAL,0.4916430348,-0.0680350665,0.9036744381,766
766,7.66,0.4516210297,NORMAL,0.5820829198,-0.07166156355,0.8989829035,767
767,7.67,0.03254739946,NORMAL,0.489495692,-0.0680350665,0.8998696562,768
768,7.68,0.5013129707,NORMAL,0.632700562,-0.0680350665,0.8998696562,769
769,7.69,0.1761877592,NORMAL,0.8192993363,-0.06619263781,0.9017741878,770
770,7.7,-1.003902853,NORMAL,1.17242002,-0.06619263781,0.8999775574,771
771,7.71,-0.4566754196,NORMAL,1.182721616,-0.0680350665,0.8972459726,772
772,7.72,-0.6632059033,NORMAL,1.185030996,-0.07166156355,0.8926411106,773
773,7.73,0.06920366413,NORMAL,0.8333705288,-0.07166156355,0.8926411106,774
774,7.74,0.2499113236,NORMAL,0.7575684049,-0.0680350665,0.8919176773,775
775,7.75,0.8574405296,NORMAL,1.04325759,-0.0680350665,0.887101714,776
776,7.76,0.3173742999,NORMAL,0.7575684049,-0.0680350665,0.887101714,777
777,7.77,2.051168185,NORMAL,2.392352533,-0.06619263781,0.885053851,778
778,7.78,2.099035101,NORMAL,2.426767873,-0.06363286093,0.8911721576,779
779,7.79,-0.2334392392,NORMAL,1.181627419,-0.06363286093,0.8911721576,780
780,7.8,-0.6897670046,NORMAL,1.181926491,-0.06363286093,0.8911721576,781
781,7.81,0.1370715934,NORMAL,1.181926491,-0.06363286093,0.8911721576,782
782,7.82,1.093872117,NORMAL,1.286863097,-0.05892911713,0.8958227467,783
783,7.83,1.332563758,NORMAL,1.572648362,-0.05892911713,0.8958227467,784
784,7.84,-0.1315356118,NORMAL,1.54462568,-0.05434693263,0.9026162935,785
785,7.85,-0.3795847649,NORMAL,1.551699266,-0.05434693263,0.9014418005,786
786,7.86,-0.2005841015,NORMAL,1.277986168,-0.05892911713,0.8939116097,787
787,7.87,0.06452052539,NORMAL,1.087639455,-0.06363286093,0.8888489762,788
788,7.88,2.027956769,NORMAL,2.353143994,-0.06363286093,0.8888489762,789
789,7.89,-0.6724295148,NORMAL,0.886505792,-0.05892911713,0.8958227467,790
790,7.9,0.09435979579,NORMAL,0.7563870083,-0.05892911713,0.8958227467,791
791,7.91,1.608903098,NORMAL,1.865768602,-0.05892911713,0.8939116097,792
792,7.92,0.5040151537,NORMAL,0.7908926164,-0.05033559319,0.8973622548,793
793,7.93,1.353296209,NORMAL,1.552478743,-0.04019894475,0.8975937093,794
794,7.94,-0.3917522396,NORMAL,0.9175918588,-0.04019894475,0.9011839324,795
795,7.95,0.3220770983,NORMAL,0.9183859005,-0.05033559319,0.8948425104,796
796,7.96,0.5596904231,NORMAL,1.117948812,-0.04019894475,0.8975937093,797
797,7.97,-0.9377649916,NORMAL,1.117948812,-0.04019894475,0.8936785897,798
798,7.98,-0.7802872548,NORMAL,1.118916233,-0.04019894475,0.8936785897,799
799,7.99,-1.098053723,NORMAL,1.178545222,-0.04019894475,0.8975937093,800
800,8,1.856609936,NORMAL,2.116980546,-0.05033559319,0.9007855706,801
801,8.01,-0.395169106,NORMAL,0.8747534031,-0.04019894475,0.9012472036,802
802,8.02,-0.2263894587,NORMAL,0.7133356908,-0.05033559319,0.9007855706,803
803,8.03,1.604285958,NORMAL,1.843872464,-0.05033559319,0.8973622548,804
804,8.04,-0.213788403,NORMAL,0.9054516921,-0.05033559319,0.9007855706,805
805,8.05,1.672915249,NORMAL,1.937377642,-0.05892911713,0.8939116097,806
806,8.06,-1.196529489,NORMAL,1.29043225,-0.05033559319,0.9007855706,807
807,8.07,-1.050365711,NORMAL,1.107110932,-0.05033559319,0.903279056,808
808,8.08,0.07621715766,NORMAL,0.675191777,-0.05033559319,0.9063998246,809
809,8.09,-1.825469452,NORMAL,1.965210913,-0.05033559319,0.903279056,810
810,8.1,-0.1334021859,NORMAL,0.1243132481,-0.05892911713,0.8981459282,811
811,8.11,1.603628733,NORMAL,1.855900463,-0.05892911713,0.8958227467,812
812,8.12,0.7478383948,NORMAL,0.8836405346,-0.05033559319,0.903279056,813
813,8.13,-0.3104524157,NORMAL,0.5857487388,-0.04019894475,0.9057533233,814
814,8.14,-0.08455654095,NORMAL,0.08166236039,-0.05033559319,0.9063998246,815
815,8.15,-0.4001049381,NORMAL,0.3798668014,-0.05892911713,0.8981459282,816
816,8.16,-0.3732758573,NORMAL,0.4453074131,-0.05892911713,0.8981459282,817
817,8.17,-1.087937313,NORMAL,1.148673886,-0.05892911713,0.8958227467,818
818,8.18,0.3734593454,NORMAL,0.5682698457,-0.06363286093,0.8911721576,819
819,8.19,-1.214872525,NORMAL,1.293129427,-0.05892911713,0.8939116097,820
820,8.2,-0.4944570245,NORMAL,0.6524874286,-0.05892911713,0.8958227467,821
821,8.21,1.420243922,NORMAL,1.665084317,-0.06363286093,0.8911721576,822
822,8.22,-0.8621118838,NORMAL,0.8959873982,-0.06363286093,0.8911721576,823
823,8.23,0.6866729108,NORMAL,0.8760658358,-0.06363286093,0.8911721576,824
824,8.24,-0.3768562178,NORMAL,0.9016489031,-0.05892911713,0.903764982,825
825,8.25,-1.035762212,NORMAL,1.168616958,-0.05892911713,0.903764982,826
826,8.26,-1.006797151,NORMAL,1.585506155,-0.05892911713,0.9083572802,827
827,8.27,1.03220265,NORMAL,1.523904208,-0.06363286093,0.9028255841,828
828,8.28,-1.408267406,NORMAL,1.592508097,-0.05892911713,0.9083572802,829
829,8.29,-1.19859598,NORMAL,1.761145517,-0.06363286093,0.9028255841,830
830,8.3,-0.5189880889,NORMAL,1.690839833,-0.0680350665,0.8991462229,831
831,8.31,-0.2055439185,NORMAL,1.649254815,-0.07166156355,0.8945413609,832
832,8.32,-0.7600183378,NORMAL,1.455877457,-0.07911936367,0.8935599731,833
833,8.33,2.614903274,NORMAL,3.025688889,-0.08516347212,0.8923808247,834
834,8.34,2.792835275,NORMAL,3.211277832,-0.08516347212,0.8962160541,835
835,8.35,-0.3252102627,NORMAL,1.377048876,-0.08516347212,0.8962160541,836
836,8.36,0.2575216821,NORMAL,1.412962205,-0.0882596677,0.8920791399,837
837,8.37,1.653120451,NORMAL,1.952046675,-0.0882596677,0.8920791399,838
838,8.38,1.42048145,NORMAL,1.687222406,-0.08516347212,0.8923808247,839
839,8.39,1.913169429,NORMAL,2.229608368,-0.07911936367,0.8935599731,840
840,8.4,-0.90551732,NORMAL,0.9461223759,-0.07911936367,0.898984645,841
841,8.41,-1.357521628,NORMAL,1.41970025,-0.08516347212,0.8962160541,842
842,8.42,1.492860941,NORMAL,1.760763385,-0.08516347212,0.8962160541,843
843,8.43,0.1444325593,NORMAL,1.250128126,-0.07911936367,0.898984645,844
844,8.44,1.74592434,NORMAL,2.021824772,-0.07166156355,0.8989829035,845
845,8.45,-0.1007620986,NORMAL,1.290050238,-0.0680350665,0.909993552,846
846,8.46,0.8383628116,NORMAL,1.037079427,-0.0680350665,0.909993552,847
847,8.47,0.3978142195,NORMAL,1.040662467,-0.06363286093,0.9137942705,848
848,8.48,1.479133413,NORMAL,1.68813672,-0.05892911713,0.9111006897,849
849,8.49,-0.4806133978,NORMAL,0.4734360415,-0.05033559319,0.9088404069,850
850,8.5,-1.541408109,NORMAL,1.641131861,-0.05033559319,0.9085635053,851
851,8.51,1.137803936,NORMAL,1.315381295,-0.05892911713,0.9097993547,852
852,8.52,-1.315354299,NORMAL,1.380991507,-0.05892911713,0.9097993547,853
853,8.53,0.1160393819,NORMAL,0.402018536,-0.05892911713,0.9097993547,854
854,8.54,-0.9045137942,NORMAL,0.9402793113,-0.05033559319,0.9084302832,855
855,8.55,0.1943485031,NORMAL,0.3284390121,-0.05892911713,0.9097993547,856
856,8.56,-1.39904384,NORMAL,1.475316763,-0.05892911713,0.9083572802,857
857,8.57,1.283187786,NORMAL,1.491783874,-0.06363286093,0.9028255841,858
858,8.58,-1.321766893,NORMAL,1.385209594,-0.06363286093,0.9082625744,859
859,8.59,1.546541782,NORMAL,1.762075661,-0.06363286093,0.9137942705,860
860,8.6,0.5362508107,NORMAL,0.9569349146,-0.05892911713,0.9111006897,861
861,8.61,1.419166476,NORMAL,1.617390596,-0.05033559319,0.9085635053,862
862,8.62,0.1059985094,NORMAL,1.429304972,-0.04019894475,0.9147572688,863
863,8.63,-0.9976816389,NORMAL,1.435777726,-0.03317904149,0.9115916409,864
864,8.64,-0.9460486936,NORMAL,1.456416413,-0.04019894475,0.9147572688,865
865,8.65,0.1156743245,NORMAL,1.456416413,-0.04019894475,0.9147572688,866
866,8.66,-1.442397626,NORMAL,1.545888006,-0.03317904149,0.9115916409,867
867,8.67,1.294017807,NORMAL,1.455911604,-0.03317904149,0.9115916409,868
868,8.68,-0.7411747974,NORMAL,1.158046862,-0.03317904149,0.9137175077,869
869,8.69,0.789347588,NORMAL,0.9634620369,-0.04019894475,0.9183261287,870
870,8.7,1.287910921,NORMAL,1.446228986,-0.04019894475,0.9183261287,871
871,8.71,-1.440213223,NORMAL,1.527107195,-0.03317904149,0.9213722426,872
872,8.72,-0.868177561,NORMAL,0.8964765029,-0.04019894475,0.9235921003,873
873,8.73,-0.5395025805,NORMAL,0.8859597124,-0.05033559319,0.9110855719,874
874,8.74,1.110910046,NORMAL,1.283984499,-0.05892911713,0.9111006897,875
875,8.75,0.6622572047,NORMAL,0.8859597124,-0.05033559319,0.9088404069,876
876,8.76,-1.620754589,NORMAL,1.727937033,-0.05033559319,0.9088404069,877
877,8.77,-0.5791007125,NORMAL,0.8314141276,-0.05033559319,0.9110855719,878
878,8.78,-0.4240739775,NORMAL,0.8376070533,-0.05033559319,0.9088404069,879
879,8.79,-0.6552165141,NORMAL,0.6657552471,-0.05033559319,0.9085635053,880
880,8.8,-0.3527697998,NORMAL,2.017276811,-0.05033559319,0.9085635053,881
881,8.81,0.2811927602,NORMAL,2.015941696,-0.05892911713,0.9097993547,882
882,8.82,0.2274274546,NORMAL,1.651545396,-0.05892911713,0.9083572802,883
883,8.83,-1.46937771,NORMAL,1.565580749,-0.05033559319,0.9063998246,884
884,8.84,1.072421585,NORMAL,1.703278191,-0.05033559319,0.9084302832,885
885,8.85,1.009476624,NORMAL,1.16647016,-0.05033559319,0.9085635053,886
886,8.86,0.8481877422,NORMAL,0.9673978113,-0.04019894475,0.9183261287,887
887,8.87,0.3186876697,NORMAL,0.7851115756,-0.04019894475,0.9183261287,888
888,8.88,-0.8362183788,NORMAL,0.8715688407,-0.03317904149,0.9213722426,889
889,8.89,-0.1321381061,NORMAL,0.7821278635,-0.04019894475,0.9215021031,890
890,8.9,-0.6908503615,NORMAL,0.7047604436,-0.05033559319,0.9088404069,891
891,8.91,1.988861196,NORMAL,2.247600442,-0.05892911713,0.9111006897,892
892,8.92,-1.407960961,NORMAL,1.490118393,-0.05033559319,0.9110855719,893
893,8.93,1.019421395,NORMAL,1.174156436,-0.05033559319,0.9110855719,894
894,8.94,0.788400594,NORMAL,1.004907842,-0.04019894475,0.9235921003,895
895,8.95,1.837723979,NORMAL,2.030281337,-0.04019894475,0.9249569945,896
896,8.96,0.1964909693,NORMAL,0.2552732558,-0.04019894475,0.9272021595,897
897,8.97,0.2524554036,NORMAL,0.9390031549,-0.03317904149,0.9339998089,898
898,8.98,0.4858519558,NORMAL,1.206314371,-0.03317904149,0.9339998089,899
899,8.99,1.056850209,NORMAL,1.333485565,-0.02685029724,0.9343039224,900
900,9,1.828730349,NORMAL,1.973751489,-0.02685029724,0.9401288143,901
901,9.01,0.7763523321,NORMAL,1.52545673,-0.02685029724,0.9401288143,902
902,9.02,-2.208699973,NORMAL,2.298703074,-0.01543716952,0.9541305393,903
903,9.03,0.4287479383,NORMAL,1.325882537,-0.02685029724,0.9433828051,904
904,9.04,0.5341079721,NORMAL,1.51069002,-0.02685029724,0.9433828051,905
905,9.05,0.1143681221,NORMAL,1.668428269,-0.01543716952,0.9541305393,906
906,9.06,-0.4312831582,NORMAL,1.71506503,-0.01543716952,0.9541305393,907
907,9.07,0.5584846722,NORMAL,1.556800401,-0.02685029724,0.9343039224,908
908,9.08,0.4464427747,NORMAL,1.51069002,-0.01543716952,0.9512053997,909
909,9.09,0.4159454611,NORMAL,1.70734533,-0.01543716952,0.9477820839,910
910,9.1,1.975258011,NORMAL,2.100372242,-0.01543716952,0.9477820839,911
911,9.11,-0.3743749124,NORMAL,2.326941328,-0.01543716952,0.9512053997,912
912,9.12,0.05762775437,NORMAL,2.367737753,-0.02685029724,0.9316353789,913
913,9.13,-1.069409022,NORMAL,2.367737753,-0.01543716952,0.9477820839,914
914,9.14,-0.08724772651,NORMAL,2.338034767,-0.01543716952,0.9512053997,915
915,9.15,-0.4905012135,NORMAL,2.324765381,-0.01543716952,0.9477820839,916
916,9.16,-0.01624615741,NORMAL,2.324765381,-0.01543716952,0.9424651313,917
917,9.17,0.2323740321,NORMAL,2.037061958,-0.01151478859,0.9461450432,918
918,9.18,0.9649723967,NORMAL,1.646395975,-0.01151478859,0.9437110623,919
919,9.19,1.124819488,NORMAL,1.646395975,-0.01151478859,0.9461450432,920
920,9.2,-1.978644049,NORMAL,2.068264768,-0.00388496867,0.9547902718,921
921,9.21,0.2627760731,NORMAL,1.844961978,-0.00388496867,0.9550230333,922
922,9.22,-1.406052225,NORMAL,1.87433959,-0.0008548615434,0.9540738613,923
923,9.23,-1.578729117,NORMAL,1.87433959,-0.0008548615434,0.9540738613,924
924,9.24,-0.1070187931,NORMAL,1.477516956,-0.00388496867,0.9550230333,925
925,9.25,0.3534863645,NORMAL,1.505983745,-0.01151478859,0.9507072235,926
926,9.26,0.1641928802,NORMAL,1.505983745,-0.01151478859,0.9461450432,927
927,9.27,-0.5073180767,NORMAL,1.387144367,-0.00388496867,0.9547902718,928
928,9.28,-1.278098031,NORMAL,1.342130333,-0.01151478859,0.9437110623,929
929,9.29,-0.7314710025,NORMAL,1.124323938,-0.01151478859,0.9437110623,930
930,9.3,-0.2526216384,NORMAL,0.8071420974,-0.01151478859,0.9461450432,931
931,9.31,-1.472089571,NORMAL,1.552109045,-0.02016853835,0.9354504039,932
932,9.32,-1.251706115,NORMAL,1.323390115,-0.02685029724,0.9255440281,933
933,9.33,-0.1109234964,NORMAL,0.08690115897,-0.03317904149,0.9213722426,934
934,9.34,0.2773165122,NORMAL,0.3369925197,-0.03317904149,0.9213722426,935
935,9.35,-0.621197472,NORMAL,0.6381985514,-0.03317904149,0.9213722426,936
936,9.36,0.02931390821,NORMAL,0.298574741,-0.04019894475,0.9156575853,937
937,9.37,0.9090716615,NORMAL,1.041929071,-0.04019894475,0.911070276,938
938,9.38,0.5197737598,NORMAL,0.6051682239,-0.03317904149,0.9137175077,939
939,9.39,0.3676688999,NORMAL,0.4397231429,-0.03317904149,0.9115916409,940
940,9.4,-0.9818836582,NORMAL,1.04646469,-0.02685029724,0.9126283668,941
941,9.41,0.2189448473,NORMAL,0.3319422496,-0.03317904149,0.9115916409,942
942,9.42,-0.7617681355,NORMAL,0.8052761289,-0.02685029724,0.9126283668,943
943,9.43,0.151684362,NORMAL,0.478705409,-0.02685029724,0.9168028517,944
944,9.44,1.973387044,NORMAL,2.181752967,-0.02685029724,0.9168028517,945
945,9.45,-0.4611346483,NORMAL,0.4737083514,-0.02016853835,0.9308810129,946
946,9.46,0.9919527837,NORMAL,1.111256449,-0.02685029724,0.9168028517,947
947,9.47,-0.5833618604,NORMAL,0.6077411643,-0.02016853835,0.9266993173,948
948,9.48,0.03796634983,NORMAL,0.1642741568,-0.02685029724,0.9168028517,949
949,9.49,-0.5200859327,NORMAL,0.5379953111,-0.02685029724,0.9168028517,950
950,9.5,-2.240851106,NORMAL,2.421777434,-0.03317904149,0.9115916409,951
951,9.51,-0.641191624,NORMAL,0.7588703216,-0.03317904149,0.9115916409,952
952,9.52,0.6704911817,NORMAL,1.581142053,-0.04019894475,0.9011839324,953
953,9.53,0.688182726,NORMAL,0.8041722309,-0.04019894475,0.9057533233,954
954,9.54,-0.02961575362,NORMAL,0.7588703216,-0.03317904149,0.9115916409,955
955,9.55,-0.5047432034,NORMAL,0.5180092385,-0.03318208071,0.910333422,956
956,9.56,1.140701573,NORMAL,1.289509564,-0.03318208071,0.910333422,957
957,9.57,-0.2511725516,NORMAL,0.2435966064,-0.0296127144,0.9095358121,958
958,9.58,1.014753484,NORMAL,1.148240877,-0.0296127144,0.9095358121,959
959,9.59,1.390769767,NORMAL,1.553337717,-0.02685029724,0.9126283668,960
960,9.6,0.9676866579,NORMAL,1.065993228,-0.02016853835,0.9266993173,961
961,9.61,-0.7945088322,NORMAL,0.8318359523,-0.02016853835,0.9308810129,962
962,9.62,-0.01912169364,NORMAL,0.09354081204,-0.02016853835,0.9308810129,963
963,9.63,-0.7894621439,NORMAL,0.8305025712,-0.02160630646,0.9245676823,964
964,9.64,0.9360500132,NORMAL,1.035788226,-0.02160630646,0.9245676823,965
965,9.65,-1.892542095,NORMAL,2.014467878,-0.02160630646,0.9287493779,966
966,9.66,0.3778252691,NORMAL,0.4279690807,-0.02160630646,0.9333187689,967
967,9.67,-0.7988014789,NORMAL,0.8327221078,-0.02160630646,0.9333187689,968
968,9.68,-1.443736417,NORMAL,1.522124301,-0.02685029724,0.9308609808,969
969,9.69,-1.017796937,NORMAL,1.064548477,-0.02685029724,0.9308609808,970
970,9.7,-0.5597382703,NORMAL,0.568437927,-0.02685029724,0.9374602709,971
971,9.71,-0.06347302497,NORMAL,0.538921516,-0.0296127144,0.9267654211,972
972,9.72,-0.6685502522,NORMAL,0.6895890087,-0.03318208071,0.9213722426,973
973,9.73,0.8482205181,NORMAL,0.9619175636,-0.04019894475,0.9235921003,974
974,9.74,0.9974362385,NORMAL,1.117653319,-0.03318208071,0.922127015,975
975,9.75,0.7612459912,NORMAL,0.847320127,-0.0296127144,0.9333647112,976
976,9.76,1.034177402,NORMAL,1.139736807,-0.0296127144,0.9333647112,977
977,9.77,-1.117575049,NORMAL,1.158285009,-0.0296127144,0.9392872454,978
978,9.78,-1.361858796,NORMAL,1.418358535,-0.0296127144,0.9392872454,979
979,9.79,0.3784033305,NORMAL,0.6469638027,-0.0296127144,0.9392872454,980
980,9.8,2.367629389,NORMAL,2.552192756,-0.0296127144,0.9392872454,981
981,9.81,-0.7965318649,NORMAL,0.81447606,-0.0296127144,0.9416104268,982
982,9.82,1.448233894,NORMAL,1.575504722,-0.03318208071,0.9402802502,983
983,9.83,0.8322611951,NORMAL,0.9159365222,-0.03318208071,0.9448725484,984
984,9.84,-0.008016536851,NORMAL,1.053398193,-0.0296127144,0.9501644909,985
985,9.85,-1.416775024,NORMAL,1.456547119,-0.02685029724,0.9542600505,986
986,9.86,0.2098968854,NORMAL,0.2480950371,-0.02685029724,0.9542600505,987
987,9.87,-0.1334139227,NORMAL,0.1122114815,-0.02685029724,0.9496677524,988
988,9.88,-0.4030092312,NORMAL,0.3948894856,-0.0296127144,0.9455721927,989
989,9.89,1.620627996,NORMAL,1.745229738,-0.0296127144,0.9455721927,990
990,9.9,-1.129444554,NORMAL,1.155444217,-0.02685029724,0.9542600505,991
991,9.91,1.807076186,NORMAL,1.933022038,-0.0296127144,0.9501644909,992
992,9.92,-0.2824505718,NORMAL,0.266984657,-0.02685029724,0.9573594131,993
993,9.93,1.362676274,NORMAL,1.460549441,-0.0296127144,0.9532638534,994
994,9.94,-0.3158490285,NORMAL,0.3001659855,-0.02685029724,0.9627964033,995
995,9.95,-0.373286139,NORMAL,0.3584782749,-0.0296127144,0.9587008437,996
996,9.96,0.09087281204,NORMAL,0.3317364805,-0.0296127144,0.9587008437,997
997,9.97,-0.04453982548,NORMAL,0.3522645849,-0.02685029724,0.9627964033,998
998,9.98,-1.7363813,NORMAL,1.775589311,-0.02685029724,0.9627964033,999
999,9.99,-1.399767631,NORMAL,1.416973812,-0.0296127144,0.9669585313,1000
1000,10,2.849892045,NORMAL,2.9979976,-0.03318208071,0.9616665888,1001
1001,10.01,0.5112030934,NORMAL,0.5592957612,-0.0296127144,0.9669585313,1002
1002,10.02,0.2773800326,NORMAL,0.3159861512,-0.02685029724,0.9627964033,1003
1003,10.03,0.7073397139,NORMAL,0.7559939781,-0.02160630646,0.9642219932,1004
1004,10.04,2.104312706,NORMAL,2.20480245,-0.02160630646,0.9642219932,1005
1005,10.05,-0.3430022329,NORMAL,1.295576838,-0.02160630646,0.9642219932,1006
1006,10.06,-0.1457392086,NORMAL,0.8376792481,-0.02160630646,0.9613462958,1007
1007,10.07,-0.4311521362,NORMAL,0.4236809858,-0.02685029724,0.9542600505,1008
1008,10.08,-0.01923754116,NORMAL,0.01548008524,-0.0296127144,0.9455721927,1009
1009,10.09,1.546529969,NORMAL,1.663709745,-0.02685029724,0.9457059865,1010
1010,10.1,0.06622289448,NORMAL,0.09800605683,-0.02685029724,0.9496677524,1011
1011,10.11,0.6534697198,NORMAL,0.7163768754,-0.02685029724,0.9496677524,1012
1012,10.12,-1.30063624,NORMAL,1.335941058,-0.02166423022,0.9573566153,1013
1013,10.13,0.9807999052,NORMAL,1.042771101,-0.02166423022,0.9613462958,1014
1014,10.14,1.74685475,NORMAL,1.839627394,-0.02166423022,0.9613462958,1015
1015,10.15,0.8801495746,NORMAL,0.9313368165,-0.0191796174,0.9656326005,1016
1016,10.16,-1.825645105,NORMAL,1.868017738,-0.01768392552,0.9678501132,1017
1017,10.17,-0.2545959901,NORMAL,0.2440004042,-0.01768392552,0.9709494757,1018
1018,10.18,-1.958803026,NORMAL,2.002229185,-0.0191796174,0.968731963,1019
1019,10.19,-1.251790381,NORMAL,1.267537172,-0.02166423022,0.9704852663,1020
1020,10.2,0.7954115495,NORMAL,0.847990748,-0.02685029724,0.9696589835,1021
1021,10.21,1.08945982,NORMAL,1.147636761,-0.02685029724,0.972703346,1022
1022,10.22,-1.647420208,NORMAL,1.648575151,-0.02166423022,0.9861582448,1023
1023,10.23,-0.3764845992,NORMAL,0.358110135,-0.02166423022,0.9908135355,1024
1024,10.24,-0.01744404249,NORMAL,0.04591941223,-0.02166423022,0.9908135355,1025
1025,10.25,-0.7551159396,NORMAL,0.7434887314,-0.0191796174,0.9898419318,1026
1026,10.26,-0.8626506555,NORMAL,0.8527905432,-0.02166423022,0.9861582448,1027
1027,10.27,0.3239083389,NORMAL,0.3584768646,-0.02685029724,0.9784693819,1028
1028,10.28,-1.230903149,NORMAL,1.230547296,-0.02685029724,0.9784693819,1029
1029,10.29,1.47895667,NORMAL,1.543965924,-0.0296127144,0.9770742744,1030
1030,10.3,-0.5722664723,NORMAL,0.5547782395,-0.02685029724,0.9831246726,1031
1031,10.31,-0.2981608023,NORMAL,0.2748492054,-0.0296127144,0.9770742744,1032
1032,10.32,0.5654471216,NORMAL,0.6117588044,-0.0296127144,0.972703346,1033
1033,10.33,1.303210914,NORMAL,1.371679357,-0.02685029724,0.9696589835,1034
1034,10.34,1.472520155,NORMAL,1.52663616,-0.02166423022,0.9787429539,1035
1035,10.35,-0.9018877274,NORMAL,0.8984977334,-0.0191796174,0.9824266409,1036
1036,10.36,-1.080013463,NORMAL,1.07980973,-0.0191796174,0.9824266409,1037
1037,10.37,0.7258877822,NORMAL,0.8241864436,-0.02166423022,0.9861582448,1038
1038,10.38,-1.279971136,NORMAL,1.267767763,-0.0191796174,0.9944972225,1039
1039,10.39,-0.8510253762,NORMAL,0.8370506823,-0.02166423022,0.9908135355,1040
1040,10.4,1.032883326,NORMAL,1.07704413,-0.02685029724,0.983927765,1041
1041,10.41,0.2167771807,NORMAL,0.5221484069,-0.02166423022,0.995257387,1042
1042,10.42,1.055653337,NORMAL,1.078559943,-0.0191796174,0.9965444763,1043
1043,10.43,1.085488799,NORMAL,1.10503694,-0.0191796174,0.9996665051,1044
1044,10.44,-0.3299090633,NORMAL,0.5322294587,-0.0191796174,0.9996665051,1045
1045,10.45,1.343219527,NORMAL,1.365339091,-0.02166423022,0.9996665051,1046
1046,10.46,-0.6154210036,NORMAL,0.5925788532,-0.0191796174,1.006180668,1047
1047,10.47,-0.7492415054,NORMAL,1.168392061,-0.0191796174,1.00378407,1048
1048,10.48,1.571307073,NORMAL,1.561605265,-0.02166423022,1.020085767,1049
1049,10.49,-0.6469750738,NORMAL,1.135828106,-0.02166423022,1.033247004,1050
1050,10.5,2.265846405,NORMAL,2.232110185,-0.02685029724,1.027143157,1051
1051,10.51,0.3681246476,NORMAL,0.5928122355,-0.02685029724,1.027143157,1052
1052,10.52,-0.3903582338,NORMAL,0.5877321859,-0.02685029724,1.01515662,1053
1053,10.53,2.146533096,NORMAL,2.183691609,-0.0296127144,0.9965444763,1054
1054,10.54,-0.2785340891,NORMAL,0.5750917098,-0.0296127144,1.01925218,1055
1055,10.55,0.6635728992,NORMAL,0.6800923535,-0.0296127144,1.01925218,1056
1056,10.56,0.7933162332,NORMAL,0.8014956191,-0.0296127144,1.026741666,1057
1057,10.57,0.7184688917,NORMAL,1.339278023,-0.02685029724,1.028118481,1058
1058,10.58,0.4653924334,NORMAL,1.70089093,-0.02685029724,1.033247004,1059
1059,10.59,0.3273552907,NORMAL,2.07179402,-0.02685029724,1.028118481,1060
1060,10.6,0.4101394921,NORMAL,2.019868104,-0.02166423022,1.014957244,1061
1061,10.61,-0.3071049873,NORMAL,2.112432141,-0.0191796174,1.011273557,1062
1062,10.62,0.3470599204,NORMAL,1.894285363,-0.02166423022,1.007467757,1063
1063,10.63,0.7956981888,NORMAL,1.946538698,-0.02166423022,1.007467757,1064
1064,10.64,-0.4106623083,NORMAL,2.199711945,-0.02166423022,1.007467757,1065
1065,10.65,0.5490246767,NORMAL,1.987358177,-0.02685029724,0.9965444763,1066
1066,10.66,-1.133801422,NORMAL,1.957621613,-0.02166423022,0.991616628,1067
1067,10.67,0.3342204779,NORMAL,1.754259647,-0.02166423022,0.9965444763,1068
1068,10.68,-0.4807374949,NORMAL,1.752814008,-0.0191796174,0.9965444763,1069
1069,10.69,-0.4961230097,NORMAL,1.752814008,-0.0191796174,0.995300315,1070
1070,10.7,1.136819141,NORMAL,1.624094721,-0.0191796174,0.995300315,1071
1071,10.71,-0.3459315827,NORMAL,1.66061464,-0.01828286807,0.9966298355,1072
1072,10.72,-0.2440750447,NORMAL,1.663047466,-0.0191796174,0.9965444763,1073
1073,10.73,1.654304201,NORMAL,1.681779862,-0.02166423022,0.9965444763,1074
1074,10.74,-1.24845947,NORMAL,1.638122428,-0.0191796174,1.00378407,1075
1075,10.75,-0.8194977882,NORMAL,1.557319571,-0.02166423022,1.014957244,1076
1076,10.76,-0.4501025002,NORMAL,1.503590987,-0.02685029724,1.028118481,1077
1077,10.77,0.8190990079,NORMAL,1.530892882,-0.0296127144,1.026741666,1078
1078,10.78,1.41621913,NORMAL,1.503590987,-0.02685029724,1.028118481,1079
1079,10.79,0.1662318162,NORMAL,1.557319571,-0.02166423022,1.021061091,1080
1080,10.8,0.3796378543,NORMAL,1.544694836,-0.0191796174,1.017377404,1081
1081,10.81,1.431885169,NORMAL,1.517967773,-0.01828286807,1.016047883,1082
1082,10.82,0.9413649609,NORMAL,1.598551879,-0.01684509995,1.013916248,1083
1083,10.83,-0.9138770871,NORMAL,1.598551879,-0.01684509995,1.013916248,1084
1084,10.84,-1.597386554,NORMAL,1.532957998,-0.01684509995,1.031040287,1085
1085,10.85,0.5672711459,NORMAL,1.515186637,-0.01684509995,1.031040287,1086
1086,10.86,0.1873166348,NORMAL,1.507498863,-0.01684509995,1.031040287,1087
1087,10.87,-2.868498542,NORMAL,2.765802149,-0.01684509995,1.031040287,1088
1088,10.88,0.8850322531,NORMAL,1.487096423,-0.01828286807,1.04524252,1089
1089,10.89,1.291585935,NORMAL,1.477271492,-0.01828286807,1.045634806,1090
1090,10.9,-0.4460991652,NORMAL,1.464985556,-0.01684509995,1.044547315,1091
1091,10.91,1.357309862,NORMAL,1.316051255,-0.01828286807,1.04524252,1092
1092,10.92,-0.01237806849,NORMAL,1.181156921,-0.01828286807,1.04524252,1093
1093,10.93,-0.2153878936,NORMAL,0.8290088876,-0.01684509995,1.031040287,1094
1094,10.94,0.3361617745,NORMAL,0.8495396788,-0.01828286807,1.016047883,1095
1095,10.95,0.5506533485,NORMAL,0.8495396788,-0.01828286807,1.016047883,1096
1096,10.96,0.1447904824,NORMAL,0.8395203738,-0.01828286807,1.016047883,1097
1097,10.97,0.7267940866,NORMAL,0.8614607225,-0.01828286807,1.016047883,1098
1098,10.98,-0.1496648971,NORMAL,0.8395203738,-0.01684509995,1.031040287,1099
1099,10.99,-0.3311656646,NORMAL,0.8564644406,-0.01828286807,1.033171922,1100
1100,11,1.156864276,NORMAL,1.137416842,-0.01828286807,1.033171922,1101
1101,11.01,0.5156234418,NORMAL,0.8395203738,-0.01684509995,1.031040287,1102
1102,11.02,0.479270007,NORMAL,1.220916408,-0.01684509995,1.031040287,1103
1103,11.03,-0.7698771353,NORMAL,1.185216251,-0.01431211295,1.02728488,1104
1104,11.04,1.070869868,NORMAL,1.213835362,-0.01684509995,1.043428089,1105
1105,11.05,0.901659773,NORMAL,1.627736702,-0.01431211295,1.039672682,1106
1106,11.06,0.7340829484,NORMAL,1.618296189,-0.01431211295,1.040791908,1107
1107,11.07,1.00365257,NORMAL,1.930878718,-0.01431211295,1.040791908,1108
1108,11.08,-0.5716958542,NORMAL,2.216534165,-0.01431211295,1.046361746,1109
1109,11.09,0.09341173716,NORMAL,2.254529742,-0.01684509995,1.044547315,1110
1110,11.1,1.578263558,NORMAL,1.932515753,-0.01431211295,1.040791908,1111
1111,11.11,2.525820295,NORMAL,2.450989605,-0.01019730267,1.034691291,1112
1112,11.12,-0.3629980873,NORMAL,2.180081058,-0.007399978307,1.045471993,1113
1113,11.13,0.5898202325,NORMAL,2.180081058,-0.01019730267,1.046361746,1114
1114,11.14,-0.1651873866,NORMAL,2.157711698,-0.007399978307,1.045471993,1115
1115,11.15,-1.522914665,NORMAL,1.783508005,-0.01019730267,1.046361746,1116
1116,11.16,0.449757152,NORMAL,1.783508005,-0.01019730267,1.046361746,1117
1117,11.17,0.3491182182,NORMAL,2.019427479,-0.007399978307,1.030543977,1118
1118,11.18,2.650251719,NORMAL,2.581686222,-0.007399978307,1.029424751,1119
1119,11.19,-0.3322456888,NORMAL,2.020823367,-0.007399978307,1.030543977,1120
1120,11.2,1.427187817,NORMAL,2.019427479,-0.007399978307,1.030543977,1121
1121,11.21,-1.680459789,NORMAL,1.988609936,-0.00388496867,1.040260639,1122
1122,11.22,1.339736153,NORMAL,1.700507495,-0.00388496867,1.060562821,1123
1123,11.23,0.2704615938,NORMAL,1.965426339,0.007477388126,1.059615627,1124
1124,11.24,-2.036740733,NORMAL,1.969319603,0.02262760102,1.045725808,1125
1125,11.25,1.437464594,NORMAL,1.694654454,0.007477388126,1.059615627,1126
1126,11.26,2.039701775,NORMAL,1.965426339,0.007477388126,1.065787094,1127
1127,11.27,0.7527438933,NORMAL,2.093641539,0.02262760102,1.056999335,1128
1128,11.28,-0.3738521358,NORMAL,2.083329948,0.03093065384,1.069309441,1129
1129,11.29,1.790698977,NORMAL,2.097380585,0.02262760102,1.056999335,1130
1130,11.3,-0.006066893183,NORMAL,2.097380585,0.02262760102,1.056999335,1131
1131,11.31,0.3389772569,NORMAL,2.097380585,0.02262760102,1.056999335,1132
1132,11.32,0.4603237945,NORMAL,2.11594572,0.03093065384,1.061325954,1133
1133,11.33,-1.411553664,NORMAL,1.978377438,0.03525687465,1.052844601,1134
1134,11.34,-1.290650891,NORMAL,1.906026675,0.03525687465,1.060109808,1135
1135,11.35,-0.3543758204,NORMAL,1.7010548,0.03093065384,1.061325954,1136
1136,11.36,-1.83463483,NORMAL,1.766921431,0.02262760102,1.051129042,1137
1137,11.37,-0.6596547313,NORMAL,1.469460372,0.02262760102,1.051129042,1138
1138,11.38,-0.3969685835,NORMAL,1.305022267,0.007477388126,1.045865944,1139
1139,11.39,1.456408741,NORMAL,1.376566684,-0.00352670538,1.060562821,1140
1140,11.4,-1.608154087,NORMAL,1.52473353,0.007477388126,1.059615627,1141
1141,11.41,-0.01902180742,NORMAL,0.7803830578,-0.00352670538,1.068812881,1142
1142,11.42,0.9093403297,NORMAL,0.8634712323,-0.006425156473,1.060562821,1143
1143,11.43,0.244742815,NORMAL,0.5836792591,-0.006425156473,1.060562821,1144
1144,11.44,-1.12056462,NORMAL,1.074354376,-0.00352670538,1.039729478,1145
1145,11.45,0.8644277738,NORMAL,0.818390445,-0.00352670538,1.060562821,1146
1146,11.46,1.503804559,NORMAL,1.421255992,-0.00352670538,1.060562821,1147
1147,11.47,-0.1515798279,NORMAL,1.116013617,0.007477388126,1.045865944,1148
1148,11.48,2.29994884,NORMAL,2.211789138,0.007477388126,1.036478303,1149
1149,11.49,1.557352669,NORMAL,1.481906252,0.007477388126,1.045865944,1150
1150,11.5,-0.8746428547,NORMAL,1.062178554,0.02262760102,1.051129042,1151
1151,11.51,0.6465867038,NORMAL,0.5996594625,0.007477388126,1.065787094,1152
1152,11.52,-0.6188875519,NORMAL,1.056866293,0.02262760102,1.05549997,1153
1153,11.53,-0.9736019855,NORMAL,0.9438461533,0.02262760102,1.05549997,1154
1154,11.54,-0.2453027757,NORMAL,0.4042636839,0.02262760102,1.056999335,1155
1155,11.55,0.5441363574,NORMAL,0.4933860782,0.02262760102,1.056999335,1156
1156,11.56,-0.1751694063,NORMAL,0.1873965068,0.02262760102,1.05549997,1157
1157,11.57,0.3771737006,NORMAL,0.3488966218,0.007477388126,1.059615627,1158
1158,11.58,2.370020511,NORMAL,2.229622765,0.007477388126,1.059615627,1159
1159,11.59,-1.112713585,NORMAL,1.080115895,0.02262760102,1.051129042,1160
1160,11.6,0.1449444799,NORMAL,0.497111294,0.02262760102,1.05549997,1161
1161,11.61,0.7054632564,NORMAL,0.6416279095,0.03093065384,1.051283139,1162
1162,11.62,2.795355892,NORMAL,2.637860197,0.03525687465,1.046340144,1163
1163,11.63,-0.9343700563,NORMAL,0.9209592087,0.03525687465,1.052844601,1164
1164,11.64,0.3488443891,NORMAL,0.5384931294,0.03525687465,1.052844601,1165
1165,11.65,2.454298348,NORMAL,2.287663986,0.04400333293,1.05360535,1166
1166,11.66,1.287314184,NORMAL,1.180053662,0.04400333293,1.05360535,1167
1167,11.67,1.300297375,NORMAL,1.175408787,0.05383403519,1.060450929,1168
1168,11.68,0.8253020859,NORMAL,1.099522515,0.05383403519,1.060450929,1169
1169,11.69,0.1724766643,NORMAL,1.369248408,0.06107413988,1.071185108,1170
1170,11.7,0.5509123088,NORMAL,1.392235129,0.06107413988,1.071185108,1171
1171,11.71,0.6089732553,NORMAL,1.806597607,0.06537170993,1.068823485,1172
1172,11.72,-0.7355531266,NORMAL,1.77718349,0.0677132793,1.067161135,1173
1173,11.73,-0.6715264533,NORMAL,1.77718349,0.0677132793,1.067161135,1174
1174,11.74,0.66986045,NORMAL,1.788409809,0.0677132793,1.067161135,1175
1175,11.75,0.8991024471,NORMAL,1.77718349,0.0677132793,1.067161135,1176
1176,11.76,1.131884611,NORMAL,2.096936547,0.0727104109,1.067687946,1177
1177,11.77,1.889052904,NORMAL,2.275531269,0.0727104109,1.067687946,1178
1178,11.78,3.524753401,NORMAL,3.259875079,0.08354498485,1.055625854,1179
1179,11.79,1.090172292,NORMAL,2.168675143,0.0921422746,1.067691781,1180
1180,11.8,1.548672819,NORMAL,2.365865062,0.09388576647,1.079799493,1181
1181,11.81,-0.6050868819,NORMAL,2.312611697,0.09624289984,1.086061937,1182
1182,11.82,1.504862427,NORMAL,2.096963946,0.09624289984,1.086061937,1183
1183,11.83,0.4750680299,NORMAL,2.30011631,0.09624289984,1.092270575,1184
1184,11.84,1.211883932,NORMAL,2.110382302,0.09624289984,1.086061937,1185
1185,11.85,1.444555899,NORMAL,2.360099418,0.1020622566,1.07744891,1186
1186,11.86,1.377626859,NORMAL,2.548505563,0.1101833157,1.08207707,1187
1187,11.87,0.3595442201,NORMAL,2.864617629,0.1150212233,1.087016978,1188
1188,11.88,0.0064127182,NORMAL,2.852662784,0.1158568532,1.085778073,1189
1189,11.89,-0.08354164265,NORMAL,2.874140398,0.1150212233,1.087016978,1190
1190,11.9,0.8585364749,NORMAL,2.874140398,0.1101833157,1.083789414,1191
1191,11.91,0.739521476,NORMAL,2.874140398,0.1101833157,1.083789414,1192
1192,11.92,-0.06427371389,NORMAL,2.984713502,0.1101833157,1.08207707,1193
1193,11.93,1.206056224,NORMAL,2.959998442,0.1101833157,1.080259695,1194
1194,11.94,-0.4307818175,NORMAL,3.193274196,0.1150212233,1.079507318,1195
1195,11.95,0.5342736621,NORMAL,2.948570884,0.1101833157,1.077689942,1196
1196,11.96,0.9337924979,NORMAL,2.932560597,0.1150212233,1.074243615,1197
1197,11.97,0.6465986292,NORMAL,3.193274196,0.1150212233,1.074243615,1198
1198,11.98,0.7833012533,NORMAL,2.937617257,0.1158568532,1.070029258,1199
1199,11.99,0.2962162457,NORMAL,2.841515646,0.1158568532,1.070029258,1200
1200,12,0.3294523522,NORMAL,2.587431915,0.1227812125,1.062738655,1201
1201,12.01,1.83287645,NORMAL,2.358422534,0.1332973182,1.052583086,1202
1202,12.02,1.150140584,NORMAL,2.572131781,0.1332973182,1.052583086,1203
1203,12.03,0.8425571612,NORMAL,2.807007885,0.1332973182,1.058048931,1204
1204,12.04,2.796034853,NORMAL,3.025401059,0.1332973182,1.053874982,1205
1205,12.05,1.142706791,NORMAL,3.17611296,0.1407520764,1.056698301,1206
1206,12.06,1.381434828,NORMAL,3.293188439,0.1446115209,1.056750978,1207
1207,12.07,2.522566274,NORMAL,3.4125648,0.1448674812,1.057273226,1208
1208,12.08,2.825483088,NORMAL,3.758824505,0.1483144209,1.057342437,1209
1209,12.09,1.141330268,NORMAL,3.749174049,0.1578168355,1.055734289,1210
1210,12.1,0.1979545088,NORMAL,3.715306168,0.1640710946,1.058159745,1211
1211,12.11,0.8449803231,NORMAL,3.201507061,0.1652123482,1.050581956,1212
1212,12.12,1.674952241,NORMAL,2.997915312,0.1693542402,1.052388143,1213
1213,12.13,1.058241306,NORMAL,2.99797249,0.1743322117,1.050064352,1214
1214,12.14,0.6231491224,NORMAL,3.178611623,0.1743322117,1.056007672,1215
1215,12.15,-0.5704965187,NORMAL,2.997915312,0.1743322117,1.050064352,1216
1216,12.16,1.448653229,NORMAL,3.006309012,0.1743322117,1.050064352,1217
1217,12.17,2.640051065,NORMAL,2.99797249,0.1743322117,1.056007672,1218
1218,12.18,-0.9471732366,NORMAL,2.979913658,0.1743322117,1.063247426,1219
1219,12.19,1.339290445,NORMAL,2.947560842,0.1693542402,1.061779275,1220
1220,12.2,0.1883839347,NORMAL,2.979913658,0.1743322117,1.069019029,1221
1221,12.21,2.096691236,NORMAL,2.983297406,0.181752197,1.065439226,1222
1222,12.22,-0.5835434605,NORMAL,3.180486276,0.181752197,1.068333653,1223
1223,12.23,0.8658021873,NORMAL,3.119869157,0.181752197,1.073828086,1224
1224,12.24,2.115925766,NORMAL,3.158447453,0.1878502847,1.069481977,1225
1225,12.25,0.6923715051,NORMAL,3.56406501,0.1913662189,1.064269253,1226
1226,12.26,0.3739397186,NORMAL,3.17443955,0.1913662189,1.064269253,1227
1227,12.27,0.4825898019,NORMAL,3.17443955,0.1954197362,1.059994873,1228
1228,12.28,1.349853447,NORMAL,3.159185414,0.197222739,1.062668005,1229
1229,12.29,0.6630376256,NORMAL,3.376051067,0.2039256971,1.077760081,1230
1230,12.3,-0.5975840202,NORMAL,3.370148455,0.213337033,1.069968765,1231
1231,12.31,2.720818055,NORMAL,3.369093141,0.213337033,1.069968765,1232
1232,12.32,0.8882662071,NORMAL,3.937088565,0.213337033,1.075434235,1233
1233,12.33,0.5236234603,NORMAL,3.933594754,0.217861014,1.073908736,1234
1234,12.34,1.182446011,NORMAL,3.387238221,0.217861014,1.073908736,1235
1235,12.35,1.073779549,NORMAL,3.317274379,0.223186151,1.091408928,1236
1236,12.36,0.8259314685,NORMAL,3.718836481,0.223186151,1.091408928,1237
1237,12.37,1.990717716,NORMAL,3.32101457,0.2299007434,1.089500174,1238
1238,12.38,2.397027783,NORMAL,3.297997337,0.2299007434,1.091408928,1239
1239,12.39,0.7223111974,NORMAL,3.297997337,0.2299007434,1.091408928,1240
1240,12.4,2.364839358,NORMAL,2.877259246,0.2299007434,1.091408928,1241
1241,12.41,-1.39547712,NORMAL,2.854230981,0.2385584236,1.101233106,1242
1242,12.42,0.03415557438,NORMAL,2.734227959,0.2385584236,1.102047142,1243
1243,12.43,1.530473677,NORMAL,2.742218508,0.2385584236,1.101233106,1244
1244,12.44,0.4364289291,NORMAL,2.831308411,0.2473270693,1.101004092,1245
1245,12.45,-0.2251380089,NORMAL,2.682364346,0.2511833636,1.102553997,1246
1246,12.46,1.29777742,NORMAL,2.386494689,0.2473270693,1.096836655,1247
1247,12.47,-0.1011352252,NORMAL,2.677897463,0.2511833636,1.098943148,1248
1248,12.48,1.270267897,NORMAL,2.677897463,0.2511833636,1.091705304,1249
1249,12.49,-0.2525828373,NORMAL,2.639452755,0.2549885429,1.091705304,1250
1250,12.5,1.372970809,NORMAL,2.291048605,0.2549885429,1.091705304,1251
1251,12.51,1.959507029,NORMAL,2.584160264,0.2601488776,1.095678195,1252
1252,12.52,0.3131601822,NORMAL,2.560816401,0.2666188334,1.088118052,1253
1253,12.53,-1.393435322,NORMAL,2.588208379,0.2666188334,1.081238598,1254
1254,12.54,0.4782398796,NORMAL,2.291048605,0.2601488776,1.095678195,1255
1255,12.55,1.071139086,NORMAL,2.323770853,0.2601488776,1.089037356,1256
1256,12.56,0.6717101322,NORMAL,2.323770853,0.2601488776,1.095678195,1257
1257,12.57,1.576100746,NORMAL,2.007966412,0.2666188334,1.088118052,1258
1258,12.58,2.26278645,NORMAL,2.268260128,0.273889053,1.086440513,1259
1259,12.59,0.4393097854,NORMAL,2.606617115,0.273889053,1.090164136,1260
1260,12.6,2.3705403,NORMAL,2.582883917,0.2773482724,1.090770247,1261
1261,12.61,1.675351566,NORMAL,2.53203008,0.2782557477,1.090770247,1262
1262,12.62,1.129163681,NORMAL,2.989015946,0.2801621115,1.094230569,1263
1263,12.63,0.1480616431,NORMAL,3.363101259,0.2881321211,1.098832808,1264
1264,12.64,0.8046904887,NORMAL,2.977706663,0.2801621115,1.094230569,1265
1265,12.65,-0.1498691663,NORMAL,2.808257733,0.2881321211,1.098832808,1266
1266,12.66,0.708010145,NORMAL,2.808257733,0.2881321211,1.098832808,1267
1267,12.67,1.446617519,NORMAL,2.263620578,0.2881321211,1.098832808,1268
1268,12.68,0.4908740458,NORMAL,2.255052492,0.2881321211,1.103663552,1269
1269,12.69,2.564255305,NORMAL,2.071400824,0.2881321211,1.098832808,1270
1270,12.7,0.1689290844,NORMAL,2.031182107,0.2956438639,1.097329019,1271
1271,12.71,1.69939239,NORMAL,1.816103386,0.2956438639,1.097329019,1272
1272,12.72,2.001512173,NORMAL,1.978661373,0.2956438639,1.102675887,1273
1273,12.73,2.51832253,NORMAL,1.986626245,0.304688214,1.114268132,1274
1274,12.74,2.339316646,NORMAL,2.68371768,0.315267241,1.113546038,1275
1275,12.75,2.044648036,NORMAL,3.321264156,0.3180309848,1.1163585,1276
1276,12.76,-0.6447144525,NORMAL,3.29068375,0.320382384,1.114322206,1277
1277,12.77,0.9262002709,NORMAL,3.29068375,0.3180309848,1.117508788,1278
1278,12.78,0.5634764731,NORMAL,3.29068375,0.320382384,1.114696326,1279
1279,12.79,0.7703832983,NORMAL,2.885549094,0.320382384,1.114696326,1280
1280,12.8,2.329889288,NORMAL,2.885549094,0.3229927186,1.117820644,1281
1281,12.81,1.484969547,NORMAL,2.882364839,0.3229927186,1.118192288,1282
1282,12.82,0.5851031466,NORMAL,3.278436687,0.3256318148,1.124383052,1283
1283,12.83,0.1859906519,NORMAL,2.843341259,0.3284038215,1.125843146,1284
1284,12.84,1.005106178,NORMAL,2.296006374,0.3284038215,1.124011408,1285
1285,12.85,1.447457189,NORMAL,2.67943849,0.3318364151,1.119038886,1286
1286,12.86,1.097347542,NORMAL,2.959093123,0.3351911262,1.118806921,1287
1287,12.87,-0.7928381419,NORMAL,3.122959919,0.3375695157,1.118551557,1288
1288,12.88,2.462047313,NORMAL,2.975510183,0.3351911262,1.12525344,1289
1289,12.89,0.1357557566,NORMAL,3.214605282,0.3375695157,1.127829772,1290
1290,12.9,1.249028121,NORMAL,2.975510183,0.3351911262,1.12525344,1291
1291,12.91,1.011399189,NORMAL,2.975510183,0.3351911262,1.12525344,1292
1292,12.92,0.6090905952,NORMAL,2.936646678,0.3375695157,1.123870569,1293
1293,12.93,0.978014577,NORMAL,2.728353202,0.3430185886,1.11531137,1294
1294,12.94,0.7292978234,NORMAL,2.630882337,0.3479521547,1.112214476,1295
1295,12.95,1.000553365,NORMAL,2.477255223,0.3479521547,1.112214476,1296
1296,12.96,0.9371632978,NORMAL,2.654794417,0.3479521547,1.110061523,1297
1297,12.97,1.457146972,NORMAL,2.626597964,0.3489813036,1.110061523,1298
1298,12.98,2.726612163,NORMAL,2.679436519,0.3513022913,1.116189311,1299
1299,12.99,1.224130332,NORMAL,2.697488144,0.3565152923,1.123918106,1300
1300,13,1.653958329,NORMAL,2.678850165,0.36360656,1.133646827,1301
1301,13.01,1.348847725,NORMAL,2.860097869,0.36360656,1.133646827,1302
1302,13.02,0.6150831686,NORMAL,2.839837237,0.3678967737,1.133338873,1303
1303,13.03,2.83715795,NORMAL,2.839837237,0.3707919965,1.135662888,1304
1304,13.04,1.863733923,NORMAL,2.839837237,0.3707919965,1.135662888,1305
1305,13.05,0.632611403,NORMAL,2.838896677,0.3707919965,1.136441873,1306
1306,13.06,3.687133741,NORMAL,2.920181491,0.3707919965,1.135662888,1307
1307,13.07,-0.05200640749,NORMAL,2.638764939,0.373699532,1.135009208,1308
1308,13.08,1.4063729,NORMAL,2.593529337,0.373699532,1.135009208,1309
1309,13.09,0.5059679427,NORMAL,2.632558826,0.373699532,1.137623278,1310
1310,13.1,0.6989770404,NORMAL,2.614490024,0.3755567096,1.134869826,1311
1311,13.11,-0.2681884371,NORMAL,2.602152301,0.3774994849,1.129375398,1312
1312,13.12,0.2742530054,NORMAL,2.611779151,0.3774994849,1.126497351,1313
1313,13.13,1.047925238,NORMAL,2.590661208,0.3755567096,1.124989714,1314
1314,13.14,0.2722047462,NORMAL,2.534728036,0.3774994849,1.118429576,1315
1315,13.15,1.918480077,NORMAL,2.515775268,0.3774994849,1.118429576,1316
1316,13.16,1.636242278,NORMAL,2.579440594,0.3774994849,1.118429576,1317
1317,13.17,2.627443681,NORMAL,2.641938171,0.3781142998,1.122087544,1318
1318,13.18,2.182181385,NORMAL,2.641938171,0.3781142998,1.122087544,1319
1319,13.19,0.7176711464,NORMAL,2.655292894,0.3790205924,1.122087544,1320
1320,13.2,1.768622431,NORMAL,2.655292894,0.3887260369,1.123362536,1321
1321,13.21,1.851449636,NORMAL,2.62895486,0.4039768558,1.130725364,1322
1322,13.22,1.206792384,NORMAL,3.056543629,0.4130424766,1.139246024,1323
1323,13.23,0.3119239865,NORMAL,2.977333415,0.4223466997,1.156748275,1324
1324,13.24,2.12474552,NORMAL,2.998065479,0.4130424766,1.139246024,1325
1325,13.25,0.9085889944,NORMAL,3.340725434,0.4130424766,1.14563771,1326
1326,13.26,1.08512046,NORMAL,3.294069889,0.4223466997,1.156748275,1327
1327,13.27,1.403396763,NORMAL,3.276770108,0.4325884337,1.154808641,1328
1328,13.28,2.20286947,NORMAL,3.55366809,0.4378693572,1.159891747,1329
1329,13.29,-0.7873364779,NORMAL,3.905181387,0.44287628,1.16171537,1330
1330,13.3,1.531350553,NORMAL,3.557488064,0.44287628,1.16171537,1331
1331,13.31,2.620204586,NORMAL,3.541059798,0.4480999634,1.175059643,1332
1332,13.32,2.228928302,NORMAL,3.887915465,0.4550404732,1.180172101,1333
1333,13.33,1.777006989,NORMAL,3.884384842,0.4628581139,1.186794724,1334
1334,13.34,1.185706056,NORMAL,3.996434559,0.4628581139,1.186794724,1335
1335,13.35,1.231021624,NORMAL,3.977255595,0.4702302316,1.187218037,1336
1336,13.36,-0.4014008611,NORMAL,3.612964129,0.4702302316,1.187218037,1337
1337,13.37,2.313088517,NORMAL,3.171719952,0.4702302316,1.187218037,1338
1338,13.38,2.284457345,NORMAL,3.49667349,0.4766539547,1.195788695,1339
1339,13.39,2.841175189,NORMAL,3.440741577,0.4787549433,1.195711032,1340
1340,13.4,2.352029882,NORMAL,3.835740471,0.4787549433,1.198847594,1341
1341,13.41,-0.5480150004,NORMAL,4.018123153,0.4809299045,1.195987694,1342
1342,13.42,1.894759885,NORMAL,3.966652858,0.4809299045,1.195987694,1343
1343,13.43,1.664859612,NORMAL,4.395780223,0.4842208789,1.194275144,1344
1344,13.44,1.351757811,NORMAL,4.651850832,0.4883630008,1.193394285,1345
1345,13.45,2.703844249,NORMAL,4.655656596,0.4984209942,1.186993879,1346
1346,13.46,1.184482333,NORMAL,4.926149655,0.4984209942,1.186993879,1347
1347,13.47,2.171168811,NORMAL,5.022614525,0.4984209942,1.183069004,1348
1348,13.48,0.2928604377,NORMAL,4.95645852,0.508585518,1.173291053,1349
1349,13.49,1.728928297,NORMAL,4.90260531,0.508585518,1.173291053,1350
1350,13.5,0.04633238822,NORMAL,4.82622174,0.508585518,1.173291053,1351
1351,13.51,1.105065881,NORMAL,4.446022154,0.4984209942,1.180282003,1352
1352,13.52,0.06683988923,NORMAL,4.476060505,0.4984209942,1.177749088,1353
1353,13.53,1.430643498,NORMAL,3.949715828,0.4984209942,1.173222053,1354
1354,13.54,0.7360723053,NORMAL,3.73445163,0.508585518,1.165732721,1355
1355,13.55,0.9999750303,NORMAL,3.756571257,0.508585518,1.162679165,1356
1356,13.56,1.096437573,NORMAL,3.756571257,0.5134132676,1.158063489,1357
1357,13.57,3.202933796,NORMAL,3.602545284,0.5134132676,1.155521543,1358
1358,13.58,1.603282476,NORMAL,3.726043039,0.5176986008,1.153757856,1359
1359,13.59,1.324760121,NORMAL,3.975875521,0.5176986008,1.1584129,1360
1360,13.6,2.946124245,NORMAL,3.915333894,0.52169861,1.156510335,1361
1361,13.61,1.087000795,NORMAL,3.915333894,0.52169861,1.156510335,1362
1362,13.62,1.338598512,NORMAL,3.915333894,0.5288657162,1.158604389,1363
1363,13.63,2.667288509,NORMAL,3.521360466,0.5341908171,1.166499383,1364
1364,13.64,2.345065597,NORMAL,3.485604403,0.5341908171,1.167991733,1365
1365,13.65,3.30435076,NORMAL,3.477596922,0.5352622364,1.169313098,1366
1366,13.66,2.419861322,NORMAL,3.425171637,0.5401935841,1.176891436,1367
1367,13.67,-0.1249196345,NORMAL,3.931344723,0.546580517,1.178514771,1368
1368,13.68,1.326379932,NORMAL,3.906333802,0.546580517,1.178514771,1369
1369,13.69,2.283862241,NORMAL,3.906333802,0.5498390126,1.176661466,1370
1370,13.7,2.598945262,NORMAL,3.906333802,0.5498390126,1.177967098,1371
1371,13.71,1.614888705,NORMAL,3.855452582,0.5507828287,1.1793664,1372
1372,13.72,1.293394581,NORMAL,3.855452582,0.5507828287,1.1793664,1373
1373,13.73,1.698417563,NORMAL,3.353708173,0.5546984905,1.178151197,1374
1374,13.74,0.7925416985,NORMAL,3.867205849,0.5546984905,1.178151197,1375
1375,13.75,1.943957784,NORMAL,3.3353961,0.5609805726,1.168837382,1376
1376,13.76,1.439135572,NORMAL,3.318341187,0.5644617973,1.165833365,1377
1377,13.77,1.271035553,NORMAL,3.478254386,0.5663591338,1.163020374,1378
1378,13.78,0.8955776146,NORMAL,3.271345379,0.5761871463,1.153976802,1379
1379,13.79,1.727650287,NORMAL,3.277865288,0.5874616895,1.131911146,1380
1380,13.8,-0.4052657831,NORMAL,3.272552978,0.5874616895,1.137261165,1381
1381,13.81,2.457577752,NORMAL,3.277865288,0.5874616895,1.137261165,1382
1382,13.82,1.19733403,NORMAL,3.272552978,0.5874616895,1.145355022,1383
1383,13.83,2.812800458,NORMAL,3.271345379,0.5874616895,1.145355022,1384
1384,13.84,3.330756574,NORMAL,3.468813478,0.5993967439,1.14023667,1385
1385,13.85,1.881500981,NORMAL,3.801538418,0.6090319253,1.136067318,1386
1386,13.86,2.182305427,NORMAL,4.097977332,0.6120868819,1.133600917,1387
1387,13.87,1.402434613,NORMAL,4.278431997,0.6120868819,1.137812417,1388
1388,13.88,-0.06403635129,NORMAL,4.278431997,0.6120868819,1.146511048,1389
1389,13.89,1.778549931,NORMAL,4.249001949,0.6120868819,1.137812417,1390
1390,13.9,2.110797626,NORMAL,4.202963665,0.6191161455,1.141365737,1391
1391,13.91,1.51591125,NORMAL,4.346388779,0.6278802627,1.149067521,1392
1392,13.92,3.191101764,NORMAL,4.384421953,0.6395990534,1.145123276,1393
1393,13.93,1.920604451,NORMAL,4.380864435,0.6465926665,1.14919519,1394
1394,13.94,0.9221731419,NORMAL,4.51712633,0.6500341745,1.154769687,1395
1395,13.95,1.25682477,NORMAL,4.514695794,0.6582536727,1.146065605,1396
1396,13.96,0.9776962011,NORMAL,4.358267151,0.6633052624,1.140789507,1397
1397,13.97,1.743711766,NORMAL,4.132163945,0.6633052624,1.140789507,1398
1398,13.98,0.7617881315,NORMAL,4.117296213,0.6633052624,1.144925535,1399
1399,13.99,0.5965914321,NORMAL,3.759972689,0.6633052624,1.144925535,1400
1400,14,3.979946581,NORMAL,3.759972689,0.6633052624,1.144925535,1401
1401,14.01,2.224830655,NORMAL,4.110143715,0.6667166746,1.143949562,1402
1402,14.02,0.3388709819,NORMAL,4.11252741,0.6701758158,1.141802742,1403
1403,14.03,1.842552191,NORMAL,3.776666796,0.6701758158,1.138821039,1404
1404,14.04,0.3585348257,NORMAL,3.93795543,0.6701758158,1.138821039,1405
1405,14.05,1.066403011,NORMAL,3.934777468,0.6701758158,1.133446315,1406
1406,14.06,2.322947438,NORMAL,3.403991796,0.6701758158,1.133446315,1407
1407,14.07,1.063543374,NORMAL,3.96319456,0.6701758158,1.138821039,1408
1408,14.08,0.9600813771,NORMAL,3.403991796,0.6701758158,1.133446315,1409
1409,14.09,4.055773765,NORMAL,3.288248778,0.6711006569,1.132075145,1410
1410,14.1,2.583107674,NORMAL,3.902636701,0.6799464291,1.132778708,1411
1411,14.11,0.7159062454,NORMAL,4.293160386,0.6902771155,1.121972729,1412
1412,14.12,0.6189529139,NORMAL,3.875658252,0.6902771155,1.121972729,1413
1413,14.13,1.501984884,NORMAL,3.924457691,0.6799464291,1.132778708,1414
1414,14.14,1.593993408,NORMAL,3.445594109,0.6799464291,1.135138279,1415
1415,14.15,2.454863553,NORMAL,3.58859985,0.6902771155,1.121972729,1416
1416,14.16,1.329408496,NORMAL,3.519981275,0.6956742728,1.125929377,1417
1417,14.17,1.494780289,NORMAL,3.282012842,0.7022201484,1.118735401,1418
1418,14.18,2.001835631,NORMAL,3.210199061,0.7064014852,1.130131541,1419
1419,14.19,2.888122711,NORMAL,3.201701292,0.7076749295,1.130131541,1420
1420,14.2,2.151001764,NORMAL,3.230440465,0.7119581952,1.13490293,1421
1421,14.21,1.562605327,NORMAL,3.405137782,0.7167886959,1.139360275,1422
1422,14.22,2.694482327,NORMAL,3.332330939,0.7180700191,1.146632978,1423
1423,14.23,1.169149753,NORMAL,3.332330939,0.7180700191,1.146632978,1424
1424,14.24,4.012261876,NORMAL,3.290069065,0.7203900446,1.139620003,1425
1425,14.25,0.8503900699,NORMAL,3.272152648,0.7240994898,1.146632978,1426
1426,14.26,1.540932246,NORMAL,3.143495239,0.7263409344,1.141098001,1427
1427,14.27,3.087546136,NORMAL,3.231035866,0.728045955,1.141098001,1428
1428,14.28,1.472890021,NORMAL,3.352855046,0.7316903859,1.136697857,1429
1429,14.29,0.8823457152,NORMAL,3.323687008,0.7350776268,1.135375553,1430
1430,14.3,2.810773366,NORMAL,3.176911878,0.7377968906,1.134334045,1431
1431,14.31,2.003421348,NORMAL,3.294451412,0.7377968906,1.136467167,1432
1432,14.32,1.128744693,NORMAL,3.424883411,0.7377968906,1.137508675,1433
1433,14.33,2.68360593,NORMAL,3.294451412,0.7461326846,1.134652019,1434
1434,14.34,2.950375854,NORMAL,3.245426024,0.7569949423,1.149352836,1435
1435,14.35,2.175845519,NORMAL,3.372455155,0.7615170613,1.155224343,1436
1436,14.36,1.091379314,NORMAL,3.367529539,0.7660857149,1.155618528,1437
1437,14.37,1.708554918,NORMAL,3.395662082,0.7768422758,1.150750336,1438
1438,14.38,2.162742337,NORMAL,3.647676497,0.7879214759,1.153605581,1439
1439,14.39,-0.003400070957,NORMAL,3.612025062,0.7929289658,1.157576932,1440
1440,14.4,1.20864056,NORMAL,3.63357297,0.7929289658,1.157576932,1441
1441,14.41,-0.2750926261,NORMAL,3.63971927,0.7943638913,1.145445357,1442
1442,14.42,4.074517609,NORMAL,3.351905293,0.7943638913,1.145445357,1443
1443,14.43,4.273525735,NORMAL,3.346538495,0.7955548691,1.143679613,1444
1444,14.44,1.461489387,NORMAL,3.642863509,0.8001943387,1.143079533,1445
1445,14.45,3.288933437,NORMAL,3.643389456,0.8118947483,1.135620576,1446
1446,14.46,2.496038588,NORMAL,4.417165521,0.8222005469,1.132599558,1447
1447,14.47,2.824393732,NORMAL,4.961087708,0.8256167772,1.146081179,1448
1448,14.48,2.155623997,NORMAL,4.932639136,0.8290963318,1.140922391,1449
1449,14.49,2.109397622,NORMAL,5.176876799,0.8374091782,1.142903406,1450
1450,14.5,1.718294765,NORMAL,5.382960049,0.8374091782,1.148025966,1451
1451,14.51,1.35603988,ANOMALY,5.299155478,0.8437687421,1.152332096,1452
1452,14.52,1.347070419,NORMAL,4.96311694,0.8466004206,1.156530342,1453
1453,14.53,1.039452066,NORMAL,4.199016373,0.849305294,1.151823123,1454
1454,14.54,3.26934658,NORMAL,4.144704163,0.8544632724,1.147490686,1455
1455,14.55,2.272781751,NORMAL,4.1347225,0.8614821244,1.145582385,1456
1456,14.56,3.659202935,NORMAL,4.891341712,0.8651149806,1.158715294,1457
1457,14.57,2.490586978,NORMAL,4.891341712,0.8651149806,1.158715294,1458
1458,14.58,-0.4563053002,NORMAL,5.202913733,0.872975881,1.158140973,1459
1459,14.59,0.2164425313,NORMAL,5.202913733,0.8651149806,1.169795544,1460
1460,14.6,2.627267186,NORMAL,4.894702259,0.8651149806,1.158715294,1461
1461,14.61,1.792543059,NORMAL,5.199393176,0.872975881,1.158140973,1462
1462,14.62,2.030113461,NORMAL,5.22247884,0.8812476449,1.153958376,1463
1463,14.63,3.615141394,NORMAL,4.938913858,0.8836889842,1.150338847,1464
1464,14.64,2.31305257,NORMAL,5.197671641,0.8866492301,1.145949986,1465
1465,14.65,2.553088959,NORMAL,5.297932537,0.8919219109,1.153439102,1466
1466,14.66,2.312145785,ANOMALY,5.249157953,0.8973400309,1.153183883,1467
1467,14.67,2.138640605,ANOMALY,5.22436786,0.90038111,1.148675179,1468
1468,14.68,2.159076398,ANOMALY,5.185037536,0.9051243837,1.141642801,1469
1469,14.69,2.71777025,ANOMALY,5.225774851,0.9051243837,1.159037644,1470
1470,14.7,1.214559193,ANOMALY,5.248377102,0.908964662,1.158401197,1471
1471,14.71,0.4351522834,ANOMALY,5.146755754,0.908964662,1.158401197,1472
1472,14.72,1.85729695,ANOMALY,5.122361221,0.9051243837,1.159037644,1473
1473,14.73,2.676150378,ANOMALY,5.122361221,0.9051243837,1.176859107,1474
1474,14.74,1.045670796,ANOMALY,5.351285286,0.908964662,1.17116551,1475
1475,14.75,1.305670864,ANOMALY,5.108559319,0.9157567358,1.158401197,1476
1476,14.76,2.88972303,ANOMALY,5.050603305,0.9241867064,1.152993772,1477
1477,14.77,1.856085818,ANOMALY,5.090525776,0.9241867064,1.155418683,1478
1478,14.78,1.738785454,ANOMALY,5.070339829,0.9299963844,1.1616072,1479
1479,14.79,2.722805054,NORMAL,4.931612896,0.9354778978,1.169734092,1480
1480,14.8,1.412782815,NORMAL,4.952545027,0.9392641294,1.169808706,1481
1481,14.81,1.200194581,NORMAL,4.719853732,0.950723169,1.156458089,1482
1482,14.82,5.234291002,NORMAL,4.204034266,0.9688887891,1.155294416,1483
1483,14.83,3.085856269,NORMAL,4.735485007,0.977855389,1.163375712,1484
1484,14.84,0.8637041363,NORMAL,4.970093383,0.9794072411,1.164336131,1485
1485,14.85,1.218162361,NORMAL,4.95903497,0.9794072411,1.149728937,1486
1486,14.86,1.316037851,NORMAL,4.946984953,0.9891180719,1.155483247,1487
1487,14.87,2.029503596,NORMAL,4.636289919,0.9903874678,1.155483247,1488
1488,14.88,2.397888866,NORMAL,4.403025645,1.000264197,1.161845927,1489
1489,14.89,1.546698912,NORMAL,4.37238495,1.000264197,1.166946289,1490
1490,14.9,2.063712638,NORMAL,4.021529705,1.002102967,1.164572087,1491
1491,14.91,0.649292618,NORMAL,4.35745527,1.004379374,1.166748228,1492
1492,14.92,1.676257221,NORMAL,4.35745527,1.004379374,1.166748228,1493
1493,14.93,1.733267764,NORMAL,4.021529705,1.004379374,1.156791356,1494
1494,14.94,2.842738015,NORMAL,4.01651397,1.008252683,1.140898916,1495
1495,14.95,2.839613363,NORMAL,3.989883607,1.008252683,1.151048787,1496
1496,14.96,2.445020262,NORMAL,3.922557643,1.022141258,1.147384321,1497
1497,14.97,3.04056226,NORMAL,3.900198446,1.036167696,1.139092397,1498
1498,14.98,0.6296005503,NORMAL,3.883467915,1.042561431,1.14342302,1499
1499,14.99,3.621563325,NORMAL,3.513759272,1.042561431,1.140612446,1500
1500,15,2.853715398,NORMAL,3.458923575,1.046798017,1.146893609,1501
1501,15.01,2.196021427,NORMAL,3.371471849,1.051789287,1.154293666,1502
1502,15.02,-0.2879094377,NORMAL,3.359180127,1.051789287,1.156925934,1503
1503,15.03,3.002755267,NORMAL,3.345799755,1.051789287,1.156925934,1504
1504,15.04,0.7734908044,NORMAL,3.717587708,1.051789287,1.158218133,1505
1505,15.05,2.97879526,NORMAL,3.707216905,1.051789287,1.156925934,1506
1506,15.06,2.613453317,NORMAL,3.673602074,1.051789287,1.158218133,1507
1507,15.07,2.467779775,NORMAL,4.108405137,1.056947321,1.164098561,1508
1508,15.08,1.218504516,NORMAL,4.391457142,1.06089234,1.167789852,1509
1509,15.09,0.5512170614,NORMAL,4.04892145,1.064973192,1.166857797,1510
1510,15.1,1.677434851,NORMAL,4.041806165,1.064973192,1.159434299,1511
1511,15.11,2.874841552,NORMAL,4.091441119,1.068636439,1.148786497,1512
1512,15.12,2.130803687,NORMAL,4.084774905,1.071004477,1.151188692,1513
1513,15.13,4.035813732,NORMAL,4.349542689,1.071004477,1.151188692,1514
1514,15.14,3.102623583,NORMAL,4.493072697,1.072459318,1.155382173,1515
1515,15.15,4.069586365,NORMAL,4.437811174,1.079450005,1.152338069,1516
1516,15.16,-0.09695355574,NORMAL,4.407213908,1.08530463,1.150356706,1517
1517,15.17,2.971148045,NORMAL,4.437811174,1.079450005,1.157229126,1518
1518,15.18,1.649373666,NORMAL,4.949468044,1.08530463,1.150356706,1519
1519,15.19,1.715563061,NORMAL,4.985148056,1.086244797,1.147091641,1520
1520,15.2,0.3552632434,NORMAL,4.965244781,1.088230307,1.144668586,1521
1521,15.21,1.214609183,NORMAL,4.410346812,1.088230307,1.139320392,1522
1522,15.22,2.275291129,NORMAL,4.410346812,1.088230307,1.139320392,1523
1523,15.23,3.032178492,NORMAL,4.665763569,1.089816056,1.136969361,1524
1524,15.24,0.2013471866,NORMAL,5.160232992,1.090775803,1.141472705,1525
1525,15.25,1.282820077,NORMAL,5.165014167,1.090775803,1.141472705,1526
1526,15.26,1.670397184,ANOMALY,5.125012507,1.093908444,1.141472705,1527
1527,15.27,1.947889464,NORMAL,4.58715455,1.093908444,1.141472705,1528
1528,15.28,0.6768392188,NORMAL,4.246551668,1.096892557,1.153994011,1529
1529,15.29,2.437960239,NORMAL,3.751706716,1.096892557,1.143471177,1530
1530,15.3,4.105957801,NORMAL,3.727211695,1.101206711,1.149867342,1531
1531,15.31,1.166105103,NORMAL,4.235939739,1.116905287,1.158969415,1532
1532,15.32,1.271216891,NORMAL,3.712905986,1.128954187,1.171298578,1533
1533,15.33,1.983260808,NORMAL,2.889739389,1.130524146,1.172460239,1534
1534,15.34,2.921973521,NORMAL,2.877792303,1.134351876,1.179301192,1535
1535,15.35,3.070556988,NORMAL,3.39449094,1.139074705,1.186303258,1536
1536,15.36,0.8629070154,NORMAL,3.385451063,1.142018529,1.189772065,1537
1537,15.37,2.068946854,NORMAL,3.393107732,1.142018529,1.183780387,1538
1538,15.38,3.27336367,NORMAL,3.383195362,1.146423687,1.183813894,1539
1539,15.39,2.451194212,NORMAL,3.36926399,1.15350243,1.192783022,1540
1540,15.4,1.739036964,NORMAL,3.362496965,1.161484689,1.199859223,1541
1541,15.41,1.384993463,NORMAL,3.342594083,1.167627428,1.201985916,1542
1542,15.42,2.40685682,NORMAL,3.367509727,1.167627428,1.201985916,1543
1543,15.43,2.166034713,NORMAL,3.57736279,1.175797882,1.209188912,1544
1544,15.44,1.615102046,NORMAL,3.486136772,1.183464172,1.210830173,1545
1545,15.45,1.824993442,NORMAL,3.162531004,1.185094195,1.210661074,1546
1546,15.46,3.418235223,NORMAL,2.859622683,1.185094195,1.210661074,1547
1547,15.47,0.9220271473,NORMAL,2.842487564,1.185094195,1.211069952,1548
1548,15.48,-0.5026891368,NORMAL,2.444734468,1.185094195,1.210661074,1549
1549,15.49,2.293783209,NORMAL,2.444734468,1.185094195,1.210661074,1550
1550,15.5,3.438043894,NORMAL,2.427089687,1.191520043,1.209747238,1551
1551,15.51,2.958779267,NORMAL,2.788951086,1.198764305,1.220487582,1552
1552,15.52,2.058510295,NORMAL,3.080682839,1.203125403,1.224872152,1553
1553,15.53,3.212909206,NORMAL,3.280773997,1.206424304,1.227620267,1554
1554,15.54,1.325641261,NORMAL,3.425575726,1.207716472,1.229536036,1555
1555,15.55,1.656589485,NORMAL,3.210364721,1.210262246,1.230605385,1556
1556,15.56,1.48819242,NORMAL,2.935447014,1.213221562,1.229006227,1557
1557,15.57,2.249536826,NORMAL,2.935447014,1.214584188,1.216211518,1558
1558,15.58,0.7312644361,NORMAL,3.137748587,1.214584188,1.226985998,1559
1559,15.59,2.737332486,NORMAL,3.055041859,1.214584188,1.216211518,1560
1560,15.6,4.136152058,NORMAL,3.194564672,1.216385772,1.21354049,1561
1561,15.61,3.373817817,NORMAL,3.422277615,1.216385772,1.22431497,1562
1562,15.62,2.60638272,NORMAL,3.38967293,1.218333438,1.221427359,1563
1563,15.63,0.5169140701,NORMAL,3.38967293,1.218333438,1.221427359,1564
1564,15.64,0.1312257575,NORMAL,3.406625678,1.218333438,1.210652879,1565
1565,15.65,1.499458377,NORMAL,3.407496475,1.218333438,1.210652879,1566
1566,15.66,3.413652628,NORMAL,3.412708256,1.218333438,1.203092969,1567
1567,15.67,2.153323249,NORMAL,3.393169448,1.221317424,1.200886703,1568
1568,15.68,3.683707062,NORMAL,3.350350654,1.227575978,1.20772437,1569
1569,15.69,0.830192646,NORMAL,3.528610628,1.240024872,1.203395294,1570
1570,15.7,2.41493868,NORMAL,3.527562493,1.240024872,1.203395294,1571
1571,15.71,1.419808008,NORMAL,3.469676802,1.252926445,1.210185537,1572
1572,15.72,2.691810349,NORMAL,3.270726605,1.263546333,1.214268473,1573
1573,15.73,3.332615757,NORMAL,3.472158384,1.270651725,1.220872236,1574
1574,15.74,4.74528648,NORMAL,3.714646175,1.271126222,1.220872236,1575
1575,15.75,1.438576604,NORMAL,3.715971119,1.277018484,1.220872236,1576
1576,15.76,2.74677488,NORMAL,3.630025574,1.285067131,1.222458429,1577
1577,15.77,1.956556172,NORMAL,3.959762415,1.28945006,1.216692079,1578
1578,15.78,1.4697808,NORMAL,3.942353118,1.292490258,1.212566349,1579
1579,15.79,3.441341989,NORMAL,3.626368769,1.295586,1.211033725,1580
1580,15.8,2.482813127,NORMAL,3.898120307,1.299037397,1.213252914,1581
1581,15.81,2.80513335,NORMAL,4.206886795,1.302984119,1.217330034,1582
1582,15.82,2.412260494,NORMAL,4.510589731,1.310854358,1.215679843,1583
1583,15.83,0.7008598483,NORMAL,4.319976893,1.320398986,1.22148935,1584
1584,15.84,1.797794729,NORMAL,3.961837008,1.320398986,1.210300245,1585
1585,15.85,1.287439513,NORMAL,3.943336129,1.325200691,1.203142623,1586
1586,15.86,1.261143022,NORMAL,3.454896638,1.320398986,1.204490737,1587
1587,15.87,0.7976706999,NORMAL,3.460043622,1.320398986,1.197333116,1588
1588,15.88,1.615206737,NORMAL,3.436212217,1.320398986,1.192842197,1589
1589,15.89,2.159584957,NORMAL,3.424175543,1.325200691,1.191402702,1590
1590,15.9,1.998832633,NORMAL,3.18451727,1.326010596,1.196376373,1591
1591,15.91,2.265093473,NORMAL,3.218187481,1.326010596,1.196376373,1592
1592,15.92,1.390243957,NORMAL,3.18451727,1.327894214,1.197212209,1593
1593,15.93,2.313495781,NORMAL,2.877445153,1.334003504,1.189317215,1594
1594,15.94,2.527395375,NORMAL,2.862676901,1.334003504,1.197212209,1595
1595,15.95,2.972721638,NORMAL,2.82909628,1.338944479,1.205677048,1596
1596,15.96,2.268498442,NORMAL,3.137993201,1.339513299,1.204833715,1597
1597,15.97,2.511509564,NORMAL,3.341702806,1.343403286,1.200201459,1598
1598,15.98,3.556040271,NORMAL,3.52584769,1.347959072,1.200003282,1599
1599,15.99,1.816771772,NORMAL,3.520814976,1.349350586,1.197940223,1600
1600,16,1.583448797,NORMAL,3.512513233,1.350805629,1.194595787,1601
1601,16.01,1.570074714,NORMAL,3.268604052,1.353898845,1.192324007,1602
1602,16.02,1.287338496,NORMAL,3.268604052,1.356674871,1.194397662,1603
1603,16.03,2.024955656,NORMAL,2.754975509,1.356674871,1.192283121,1604
1604,16.04,4.52837545,NORMAL,2.802699326,1.364505344,1.185535785,1605
1605,16.05,2.254347881,NORMAL,2.799740113,1.375298834,1.17194457,1606
1606,16.06,1.002744085,NORMAL,2.790907959,1.379530843,1.172253701,1607
1607,16.07,5.205605293,NORMAL,3.27449328,1.379530843,1.168447794,1608
1608,16.08,3.723362322,NORMAL,2.7476501,1.383214145,1.167234211,1609
1609,16.09,2.443354767,NORMAL,2.745575408,1.38761871,1.165158223,1610
1610,16.1,3.395044238,NORMAL,3.149725182,1.396339285,1.166224155,1611
1611,16.11,1.559218164,NORMAL,3.345933884,1.402915688,1.171949531,1612
1612,16.12,3.464828537,NORMAL,3.149666262,1.404884831,1.168091303,1613
1613,16.13,0.7255661832,NORMAL,3.140973137,1.409577857,1.174157343,1614
1614,16.14,2.276357703,NORMAL,2.71165616,1.409577857,1.169080889,1615
1615,16.15,2.43100537,NORMAL,2.683403809,1.416295411,1.171136245,1616
1616,16.16,2.785042798,NORMAL,3.118903654,1.423497913,1.181814673,1617
1617,16.17,3.328856025,NORMAL,3.30572963,1.428915658,1.185581662,1618
1618,16.18,1.486952081,NORMAL,3.332175114,1.434054046,1.197465196,1619
1619,16.19,2.578116588,NORMAL,3.332175114,1.438020599,1.200858761,1620
1620,16.2,0.8978103296,NORMAL,3.353226436,1.438856088,1.205481697,1621
1621,16.21,2.373607058,NORMAL,3.354255362,1.438856088,1.200858761,1622
1622,16.22,3.905877221,NORMAL,3.441085985,1.441845736,1.202002767,1623
1623,16.23,0.4204217494,NORMAL,3.624610592,1.441845736,1.204425196,1624
1624,16.24,2.868916471,NORMAL,3.624610592,1.438856088,1.205481697,1625
1625,16.25,3.978781493,NORMAL,3.843039455,1.441845736,1.204425196,1626
1626,16.26,2.062518105,NORMAL,3.942223126,1.445586709,1.207549134,1627
1627,16.27,2.796388974,NORMAL,3.78094766,1.447037354,1.202193251,1628
1628,16.28,3.396430729,NORMAL,3.783056619,1.448055209,1.201665027,1629
1629,16.29,1.340437729,NORMAL,3.891953661,1.452530985,1.198088872,1630
1630,16.3,2.856761121,NORMAL,3.718984232,1.452530985,1.194884151,1631
1631,16.31,1.321989859,NORMAL,3.718984232,1.452530985,1.194884151,1632
1632,16.32,2.12775264,NORMAL,3.71462648,1.452530985,1.192878256,1633
1633,16.33,1.865423314,NORMAL,3.702207058,1.456777857,1.196082978,1634
1634,16.34,3.384017907,NORMAL,3.669918762,1.45931818,1.185893803,1635
1635,16.35,2.12666944,NORMAL,3.802099424,1.465635094,1.187604,1636
1636,16.36,0.9279397285,NORMAL,3.81807238,1.471335411,1.183699174,1637
1637,16.37,-0.04374324556,NORMAL,3.677634534,1.471335411,1.179896982,1638
1638,16.38,2.989469572,NORMAL,3.626365505,1.471335411,1.183699174,1639
1639,16.39,2.180200775,NORMAL,3.769324951,1.471335411,1.186874391,1640
1640,16.4,3.028584416,NORMAL,3.607254096,1.478929784,1.181475981,1641
1641,16.41,3.861925973,NORMAL,3.60278832,1.485960814,1.174208968,1642
1642,16.42,1.917059189,NORMAL,3.571439096,1.485960814,1.179772082,1643
1643,16.43,3.473609458,NORMAL,3.273004151,1.48757225,1.174208968,1644
1644,16.44,2.139427221,NORMAL,3.593492511,1.491486354,1.174875399,1645
1645,16.45,2.447253062,NORMAL,3.27234421,1.497119333,1.171821291,1646
1646,16.46,2.270357935,NORMAL,3.582126361,1.500721631,1.175533572,1647
1647,16.47,2.338157291,NORMAL,3.546840678,1.502894722,1.169680193,1648
1648,16.48,0.05508901077,NORMAL,3.352332154,1.504333493,1.169680193,1649
1649,16.49,2.191257742,NORMAL,3.134803507,1.504333493,1.169680193,1650
1650,16.5,0.08360070551,NORMAL,2.844428153,1.510386839,1.169502785,1651
1651,16.51,2.665523584,NORMAL,2.835170253,1.510386839,1.169502785,1652
1652,16.52,4.397623904,NORMAL,2.801797201,1.523192464,1.172908096,1653
1653,16.53,1.878022034,NORMAL,3.08714945,1.530912115,1.176350536,1654
1654,16.54,3.809181609,NORMAL,2.803969587,1.5361414,1.171664626,1655
1655,16.55,2.85435753,NORMAL,2.78164702,1.543815579,1.171561951,1656
1656,16.56,2.436175571,NORMAL,3.057996823,1.547685866,1.168562458,1657
1657,16.57,3.254741844,NORMAL,3.049684043,1.553012744,1.164914735,1658
1658,16.58,2.277963208,NORMAL,3.024030501,1.558285416,1.167311988,1659
1659,16.59,2.241436146,NORMAL,3.038341358,1.560911745,1.169733881,1660
1660,16.6,3.546240643,NORMAL,2.900615387,1.56634002,1.162898532,1661
1661,16.61,3.094700581,NORMAL,2.900615387,1.56634002,1.170171018,1662
1662,16.62,3.545033973,NORMAL,3.038341358,1.57308773,1.177691753,1663
1663,16.63,3.514910989,NORMAL,3.028194494,1.579774771,1.172003654,1664
1664,16.64,1.918150265,NORMAL,3.335951827,1.588721102,1.168241622,1665
1665,16.65,4.012177972,NORMAL,3.304718551,1.598637942,1.163037853,1666
1666,16.66,1.999213447,NORMAL,3.436596854,1.609085591,1.16512026,1667
1667,16.67,1.783962346,NORMAL,3.227703289,1.614995376,1.162133208,1668
1668,16.68,0.9740506145,NORMAL,3.231543826,1.615154392,1.159843812,1669
1669,16.69,3.489253654,NORMAL,3.236875481,1.615154392,1.152329072,1670
1670,16.7,3.379588271,NORMAL,3.444348477,1.625724507,1.153521082,1671
1671,16.71,3.045933896,NORMAL,3.444348477,1.625724507,1.157819047,1672
1672,16.72,3.640739686,NORMAL,3.880980727,1.642807972,1.155690253,1673
1673,16.73,2.241304438,NORMAL,3.885696496,1.651665998,1.164117789,1674
1674,16.74,0.6285109512,NORMAL,3.44190868,1.655273907,1.153932137,1675
1675,16.75,3.33615654,NORMAL,3.447032399,1.651665998,1.159281223,1676
1676,16.76,2.301742316,NORMAL,3.420966744,1.655273907,1.153932137,1677
1677,16.77,3.16144598,NORMAL,3.432652972,1.660724549,1.147465211,1678
1678,16.78,2.864464643,NORMAL,3.860611022,1.660724549,1.147465211,1679
1679,16.79,3.296289039,NORMAL,4.673082431,1.667628398,1.147367203,1680
1680,16.8,4.437378751,NORMAL,5.002761262,1.672674713,1.148601898,1681
1681,16.81,1.521215222,NORMAL,5.363344109,1.675151904,1.150565625,1682
1682,16.82,3.818602888,ANOMALY,5.371774917,1.675151904,1.147638752,1683
1683,16.83,1.764174434,ANOMALY,5.824316226,1.675804393,1.14667137,1684
1684,16.84,3.305624039,ANOMALY,5.77913664,1.676846036,1.140611674,1685
1685,16.85,3.872656841,ANOMALY,5.72034627,1.687926207,1.13541372,1686
1686,16.86,2.95051807,ANOMALY,5.934828763,1.698904976,1.137144769,1687
1687,16.87,2.361373757,ANOMALY,5.706458176,1.703973654,1.139371808,1688
1688,16.88,3.128236072,ANOMALY,5.597095051,1.712058989,1.131575861,1689
1689,16.89,3.891306686,ANOMALY,5.680758615,1.716928913,1.141262692,1690
1690,16.9,3.092865098,ANOMALY,5.647454747,1.716928913,1.151066726,1691
1691,16.91,3.406539203,ANOMALY,5.680758615,1.716928913,1.151066726,1692
1692,16.92,1.377890337,ANOMALY,5.778021576,1.722972526,1.155594253,1693
1693,16.93,2.507811051,ANOMALY,5.633380822,1.722972526,1.155594253,1694
1694,16.94,3.532157903,ANOMALY,5.594879225,1.728289292,1.147332008,1695
1695,16.95,2.11865481,ANOMALY,5.530940786,1.73109803,1.154296432,1696
1696,16.96,2.518560686,ANOMALY,5.385344316,1.736026609,1.146989322,1697
1697,16.97,2.33650543,ANOMALY,5.375793024,1.738911209,1.150073715,1698
1698,16.98,2.87376339,ANOMALY,5.08093199,1.741374365,1.146852897,1699
1699,16.99,1.098337344,ANOMALY,5.077203816,1.7539431,1.148555986,1700
1700,17,1.444362681,ANOMALY,5.077543343,1.7539431,1.14314053,1701
1701,17.01,2.959986788,ANOMALY,5.085561068,1.7539431,1.136591375,1702
1702,17.02,3.168659819,NORMAL,4.891233292,1.766398433,1.133817917,1703
1703,17.03,4.461531263,NORMAL,4.904324238,1.77281471,1.143330689,1704
1704,17.04,5.005378259,NORMAL,4.901915163,1.77777846,1.149270655,1705
1705,17.05,2.699516008,NORMAL,4.907357629,1.781256138,1.152470951,1706
1706,17.06,0.3724138343,NORMAL,4.876074971,1.788252703,1.162844057,1707
1707,17.07,2.842355356,NORMAL,4.876074971,1.788252703,1.162844057,1708
1708,17.08,1.177494358,NORMAL,4.651256828,1.795168894,1.1651075,1709
1709,17.09,1.423967613,NORMAL,4.679100958,1.795168894,1.161407608,1710
1710,17.1,3.856040244,NORMAL,4.505938233,1.795168894,1.150522882,1711
1711,17.11,3.418219543,NORMAL,4.665571002,1.807283251,1.14061201,1712
1712,17.12,1.935793243,NORMAL,4.655775792,1.820882607,1.147657813,1713
1713,17.13,2.065208814,NORMAL,4.318840248,1.828934946,1.142123843,1714
1714,17.14,3.904133793,NORMAL,4.44071096,1.833772816,1.143706807,1715
1715,17.15,2.098692027,NORMAL,4.30658433,1.847000913,1.15355776,1716
1716,17.16,3.070140659,NORMAL,4.27181236,1.853767727,1.146921134,1717
1717,17.17,4.527646228,NORMAL,4.27181236,1.853767727,1.146921134,1718
1718,17.18,4.406740525,NORMAL,4.25401929,1.856691384,1.152338069,1719
1719,17.19,2.679366868,NORMAL,4.201981639,1.860515436,1.161077075,1720
1720,17.2,3.487893851,NORMAL,4.201981639,1.860515436,1.168372002,1721
1721,17.21,4.209870152,NORMAL,4.201981639,1.860515436,1.168372002,1722
1722,17.22,2.938150208,NORMAL,4.11865028,1.864578619,1.179864303,1723
1723,17.23,2.530792174,NORMAL,4.094148916,1.871722674,1.181268192,1724
1724,17.24,2.271776165,NORMAL,3.768085159,1.879761507,1.176740924,1725
1725,17.25,1.881582796,NORMAL,3.768085159,1.888130433,1.176567903,1726
1726,17.26,3.020459715,NORMAL,3.715373678,1.888171341,1.173425487,1727
1727,17.27,3.003968718,NORMAL,3.649248442,1.905909537,1.172869487,1728
1728,17.28,0.9433031884,NORMAL,3.941164593,1.917604727,1.167310706,1729
1729,17.29,2.866713272,NORMAL,3.87229204,1.917604727,1.169253291,1730
1730,17.3,3.031256916,NORMAL,3.947971595,1.917604727,1.177944646,1731
1731,17.31,2.4404761,NORMAL,4.033221153,1.918315171,1.177944646,1732
1732,17.32,0.2713250043,NORMAL,4.033221153,1.919542264,1.177944646,1733
1733,17.33,2.887723216,NORMAL,4.044772205,1.919542264,1.177944646,1734
1734,17.34,4.275443126,NORMAL,3.936248622,1.919542264,1.18571215,1735
1735,17.35,3.208762476,NORMAL,3.920404363,1.928198847,1.180905372,1736
1736,17.36,1.509790761,NORMAL,3.909082415,1.939875514,1.163593547,1737
1737,17.37,3.236488638,NORMAL,3.815933291,1.928198847,1.180905372,1738
1738,17.38,3.051822407,NORMAL,3.874109807,1.939875514,1.163593547,1739
1739,17.39,2.570615341,NORMAL,4.010759869,1.945923624,1.156803884,1740
1740,17.4,0.4621353953,NORMAL,3.946841543,1.952222818,1.154798271,1741
1741,17.41,2.79564961,NORMAL,3.946841543,1.952222818,1.16249386,1742
1742,17.42,1.630782079,NORMAL,3.962042067,1.958031601,1.163307651,1743
1743,17.43,1.384259307,NORMAL,3.756561989,1.958031601,1.156308005,1744
1744,17.44,2.835177535,NORMAL,3.583180931,1.952222818,1.154798271,1745
1745,17.45,1.000341657,NORMAL,3.634255584,1.958031601,1.156308005,1746
1746,17.46,2.338148954,NORMAL,3.602278354,1.958031601,1.156308005,1747
1747,17.47,1.650033912,NORMAL,3.437323385,1.971383919,1.165753145,1748
1748,17.48,2.841514534,NORMAL,3.473120227,1.971383919,1.157220319,1749
1749,17.49,2.895594076,NORMAL,3.473967073,1.986989262,1.17696851,1750
1750,17.5,2.48517783,NORMAL,3.438556606,1.99104672,1.185041414,1751
1751,17.51,3.315474442,NORMAL,3.117468335,1.99104672,1.185041414,1752
1752,17.52,2.027894509,NORMAL,3.429048738,1.99902304,1.183258903,1753
1753,17.53,4.623312129,NORMAL,2.909797105,1.99902304,1.183258903,1754
1754,17.54,2.554958792,NORMAL,2.871444602,2.00036281,1.183258903,1755
1755,17.55,3.773632554,NORMAL,2.377660827,2.001673902,1.178367952,1756
1756,17.56,3.397811796,NORMAL,2.809189739,2.00262849,1.184797562,1757
1757,17.57,0.7392306868,NORMAL,3.314255159,2.014188502,1.185493356,1758
1758,17.58,3.88951177,NORMAL,3.325230051,2.014188502,1.185493356,1759
1759,17.59,3.506829909,NORMAL,3.251835353,2.026425082,1.200524468,1760
1760,17.6,4.705956918,NORMAL,3.118312088,2.028699052,1.20144806,1761
1761,17.61,2.262492947,NORMAL,3.189168885,2.029808529,1.20288577,1762
1762,17.62,4.576178563,NORMAL,3.053841366,2.037380749,1.192832052,1763
1763,17.63,2.470527683,NORMAL,3.031731677,2.051579165,1.183775023,1764
1764,17.64,3.096597699,NORMAL,3.022173252,2.0605142,1.178733904,1765
1765,17.65,2.795355436,NORMAL,3.107342841,2.063115371,1.175498364,1766
1766,17.66,3.203885644,NORMAL,3.01862798,2.064460726,1.175363938,1767
1767,17.67,2.562437574,NORMAL,2.96180056,2.067077834,1.175363938,1768
1768,17.68,3.403591005,NORMAL,2.810692544,2.083819441,1.167577879,1769
1769,17.69,4.275446064,NORMAL,2.904368171,2.104044825,1.160678138,1770
1770,17.7,5.45817436,NORMAL,2.877125295,2.110097624,1.163688193,1771
1771,17.71,4.109303654,NORMAL,2.864628915,2.110097624,1.164459211,1772
1772,17.72,4.145167455,NORMAL,2.940873833,2.114726218,1.170550546,1773
1773,17.73,1.287039948,NORMAL,3.058401192,2.114726218,1.17325733,1774
1774,17.74,1.992219515,NORMAL,3.046586911,2.114726218,1.179723149,1775
1775,17.75,4.174499897,NORMAL,3.051788392,2.114726218,1.17325733,1776
1776,17.76,2.236212284,NORMAL,3.528905011,2.121700165,1.183596905,1777
1777,17.77,1.299270623,NORMAL,3.525001277,2.12570748,1.1856306,1778
1778,17.78,3.548343033,NORMAL,3.525001277,2.12570748,1.1856306,1779
1779,17.79,4.713650457,NORMAL,4.108456244,2.12721104,1.187859778,1780
1780,17.8,3.890014615,NORMAL,4.52105735,2.129278163,1.192125261,1781
1781,17.81,2.384477581,NORMAL,4.893092886,2.134722146,1.198995743,1782
1782,17.82,2.763855745,NORMAL,4.889782629,2.134722146,1.198995743,1783
1783,17.83,3.051441662,NORMAL,4.89645538,2.139033913,1.198471385,1784
1784,17.84,3.761464236,NORMAL,4.651726069,2.145214493,1.194915968,1785
1785,17.85,3.972547235,NORMAL,5.028203843,2.152162506,1.200571717,1786
1786,17.86,2.172521642,NORMAL,5.006123641,2.152162506,1.204826566,1787
1787,17.87,4.029078604,ANOMALY,5.006123641,2.152162506,1.204826566,1788
1788,17.88,2.056265547,NORMAL,4.952436062,2.154473623,1.210208969,1789
1789,17.89,1.948150176,NORMAL,4.530941632,2.154473623,1.208253028,1790
1790,17.9,2.490255145,NORMAL,4.530941632,2.154473623,1.201972803,1791
1791,17.91,4.579289296,NORMAL,3.920661461,2.157350197,1.200003282,1792
1792,17.92,2.314201019,NORMAL,3.898781708,2.159330678,1.202611227,1793
1793,17.93,3.069936896,NORMAL,3.59463691,2.159330678,1.202611227,1794
1794,17.94,2.831882116,NORMAL,3.571501364,2.161163647,1.203777732,1795
1795,17.95,5.018419875,NORMAL,3.461955962,2.164388525,1.201631998,1796
1796,17.96,2.417447054,NORMAL,3.560534666,2.168601762,1.202948563,1797
1797,17.97,2.272954502,NORMAL,3.468751488,2.171845226,1.191881744,1798
1798,17.98,2.579366759,NORMAL,3.433227341,2.17418358,1.188414901,1799
1799,17.99,2.809432834,NORMAL,2.962314895,2.178023147,1.182248443,1800
1800,18,3.395027306,NORMAL,2.945406066,2.18119108,1.180986817,1801
1801,18.01,3.079472616,NORMAL,2.937038032,2.18119108,1.182029502,1802
1802,18.02,0.7418163839,NORMAL,2.911950625,2.182243406,1.182546996,1803
1803,18.03,2.010523735,NORMAL,2.453453091,2.182243406,1.182546996,1804
1804,18.04,4.147012206,NORMAL,2.315294826,2.182243406,1.181485273,1805
1805,18.05,2.914424334,NORMAL,2.311808558,2.186781585,1.184838878,1806
1806,18.06,3.057291389,NORMAL,2.437155707,2.193639585,1.176469015,1807
1807,18.07,2.846142426,NORMAL,2.646275257,2.199445449,1.180935023,1808
1808,18.08,2.901061897,NORMAL,2.518718005,2.213850063,1.182454526,1809
1809,18.09,3.847355557,NORMAL,2.659296146,2.226879478,1.184553603,1810
1810,18.1,2.32425228,NORMAL,2.772746885,2.232570293,1.184815951,1811
1811,18.11,2.987358244,NORMAL,2.630258986,2.232570293,1.184815951,1812
1812,18.12,3.003158691,NORMAL,2.627676901,2.238758361,1.181645891,1813
1813,18.13,2.864367821,NORMAL,2.591113888,2.241370292,1.183262748,1814
1814,18.14,3.281912761,NORMAL,2.618594444,2.245486486,1.172564455,1815
1815,18.15,5.01858833,NORMAL,2.707351761,2.251942354,1.17056672,1816
1816,18.16,4.253307274,NORMAL,2.698398758,2.251942354,1.174548715,1817
1817,18.17,2.009977589,NORMAL,2.684222341,2.258420414,1.176015549,1818
1818,18.18,1.19447346,NORMAL,2.567543804,2.258420414,1.172485197,1819
1819,18.19,2.148729296,NORMAL,2.600188012,2.251942354,1.174548715,1820
1820,18.2,4.921192241,NORMAL,2.481410021,2.251942354,1.17056672,1821
1821,18.21,2.699438391,NORMAL,2.583342047,2.258420414,1.16840229,1822
1822,18.22,5.011888009,NORMAL,2.600691833,2.26379321,1.163684688,1823
1823,18.23,2.89043675,NORMAL,2.672922149,2.266795957,1.159756127,1824
1824,18.24,4.029264135,NORMAL,2.604167702,2.269428189,1.158836664,1825
1825,18.25,3.470239034,NORMAL,2.591697885,2.27106705,1.157265646,1826
1826,18.26,2.529507019,NORMAL,2.538056627,2.272278958,1.155468872,1827
1827,18.27,1.910057982,NORMAL,2.517226113,2.272868126,1.153953076,1828
1828,18.28,3.279235015,NORMAL,2.442834449,2.272868126,1.153953076,1829
1829,18.29,2.57015817,NORMAL,2.485906572,2.274122815,1.154235323,1830
1830,18.3,3.291103417,NORMAL,2.485906572,2.274122815,1.154235323,1831
1831,18.31,1.862120495,NORMAL,2.645292432,2.275824416,1.158289479,1832
1832,18.32,2.857744728,NORMAL,2.637967347,2.275824416,1.154508156,1833
1833,18.33,4.419480796,NORMAL,2.434082574,2.277160455,1.154821612,1834
1834,18.34,4.192038659,NORMAL,2.409906902,2.280912724,1.162052082,1835
1835,18.35,2.369185747,NORMAL,2.571383874,2.284159793,1.164195726,1836
1836,18.36,2.633192931,NORMAL,2.581029515,2.289120277,1.157789769,1837
1837,18.37,3.07086647,NORMAL,2.407846673,2.297762762,1.155136206,1838
1838,18.38,1.726973141,NORMAL,2.543484098,2.30694405,1.147622885,1839
1839,18.39,4.802791127,NORMAL,2.35581264,2.30694405,1.140519976,1840
1840,18.4,4.982190034,NORMAL,2.54200299,2.312599178,1.140519976,1841
1841,18.41,2.531709332,NORMAL,2.734964383,2.313070543,1.145252178,1842
1842,18.42,2.216381594,NORMAL,2.517617023,2.313292149,1.140825962,1843
1843,18.43,2.833670329,NORMAL,2.510579327,2.313292149,1.136245147,1844
1844,18.44,4.380102324,NORMAL,2.277741332,2.313292149,1.136245147,1845
1845,18.45,5.072399296,NORMAL,2.41770873,2.3138484,1.140977349,1846
1846,18.46,3.125552755,NORMAL,2.644360015,2.318574228,1.142230047,1847
1847,18.47,2.59667311,NORMAL,2.621180065,2.323599859,1.136892472,1848
1848,18.48,2.456822569,NORMAL,2.208583309,2.330378855,1.131822749,1849
1849,18.49,4.110261202,NORMAL,2.073543462,2.337327192,1.121521144,1850
1850,18.5,3.11537864,NORMAL,2.208583309,2.338153123,1.123063596,1851
1851,18.51,3.680930447,NORMAL,2.610001552,2.341611444,1.126164269,1852
1852,18.52,3.825494118,NORMAL,3.055288356,2.341611444,1.136078477,1853
1853,18.53,4.099258255,NORMAL,3.040605373,2.341611444,1.1455338,1854
1854,18.54,3.828644738,NORMAL,3.137465774,2.353219677,1.143161664,1855
1855,18.55,4.31795546,NORMAL,3.090350742,2.365279752,1.151325854,1856
1856,18.56,3.345149301,NORMAL,3.3711129,2.371396403,1.169769312,1857
1857,18.57,4.651944392,NORMAL,3.373770453,2.379042319,1.16730021,1858
1858,18.58,3.37983188,NORMAL,3.358321168,2.379042319,1.17511693,1859
1859,18.59,2.522392928,NORMAL,3.688265951,2.391183224,1.183936424,1860
1860,18.6,2.666722187,NORMAL,3.688265951,2.402372843,1.185821524,1861
1861,18.61,2.705192376,NORMAL,3.396991404,2.409558657,1.177783764,1862
1862,18.62,3.887899355,NORMAL,3.384050627,2.413599587,1.18130287,1863
1863,18.63,2.150238008,NORMAL,3.481904589,2.416192867,1.178137674,1864
1864,18.64,3.467542796,NORMAL,3.490341907,2.416192867,1.171448507,1865
1865,18.65,3.83262658,NORMAL,3.976467399,2.418654188,1.169756869,1866
1866,18.66,2.615602999,NORMAL,3.9651732,2.425433346,1.164437739,1867
1867,18.67,2.647680429,NORMAL,3.473986548,2.43359047,1.158559455,1868
1868,18.68,2.549822383,NORMAL,3.482931093,2.437067905,1.153699809,1869
1869,18.69,3.643157909,NORMAL,3.469351997,2.43921817,1.144000359,1870
1870,18.7,5.294355533,NORMAL,3.986822905,2.43921817,1.153699809,1871
1871,18.71,3.515942457,NORMAL,4.251125378,2.441915434,1.154088603,1872
1872,18.72,1.755391935,NORMAL,4.160108484,2.444187514,1.157457191,1873
1873,18.73,3.649970275,NORMAL,3.918741785,2.441915434,1.154088603,1874
1874,18.74,3.705711824,NORMAL,4.102613361,2.444187514,1.157457191,1875
1875,18.75,3.268377281,NORMAL,4.413700692,2.446136662,1.160346997,1876
1876,18.76,4.390089892,NORMAL,4.413700692,2.446136662,1.171179242,1877
1877,18.77,3.160827654,NORMAL,4.336570545,2.449223637,1.180019039,1878
1878,18.78,2.466792402,NORMAL,4.071336,2.449223637,1.171179242,1879
1879,18.79,5.05920784,NORMAL,4.071336,2.453028882,1.171179242,1880
1880,18.8,3.276052028,NORMAL,4.320143702,2.455843061,1.174474696,1881
1881,18.81,4.634825781,NORMAL,4.26733586,2.45720016,1.174474696,1882
1882,18.82,3.530652334,NORMAL,4.202094823,2.462185077,1.184710344,1883
1883,18.83,4.279511688,NORMAL,4.324621246,2.462185077,1.194818293,1884
1884,18.84,3.864697978,NORMAL,4.303404967,2.467286089,1.188416343,1885
1885,18.85,4.919729218,NORMAL,4.278753756,2.469153729,1.185647379,1886
1886,18.86,1.811097607,NORMAL,4.203442975,2.476670405,1.185927891,1887
1887,18.87,3.417624596,NORMAL,4.037419635,2.476670405,1.185054913,1888
1888,18.88,3.600835428,NORMAL,3.831454978,2.483995478,1.181007151,1889
1889,18.89,4.364035836,NORMAL,4.021754824,2.487716487,1.175490382,1890
1890,18.9,3.842815886,NORMAL,4.013329493,2.490421062,1.17148058,1891
1891,18.91,4.11416497,NORMAL,4.12527275,2.493312783,1.167193314,1892
1892,18.92,2.764857823,NORMAL,4.271484365,2.50192482,1.168427582,1893
1893,18.93,3.854271057,NORMAL,4.262088777,2.509660308,1.163333875,1894
1894,18.94,3.774608743,NORMAL,4.476822344,2.515035125,1.17025391,1895
1895,18.95,4.052905817,NORMAL,4.440420135,2.520476807,1.171782331,1896
1896,18.96,2.712544133,NORMAL,4.570603484,2.520476807,1.177556014,1897
1897,18.97,2.993510118,NORMAL,4.570603484,2.520476807,1.171782331,1898
1898,18.98,4.409754665,NORMAL,4.420380293,2.524894152,1.17288981,1899
1899,18.99,6.539325703,NORMAL,4.500249186,2.528451197,1.182809578,1900
1900,19,3.483821772,NORMAL,4.597520441,2.530149597,1.182809578,1901
1901,19.01,3.787167703,NORMAL,4.66471384,2.531250753,1.182809578,1902
1902,19.02,2.65559886,NORMAL,4.818649376,2.540765857,1.188829702,1903
1903,19.03,3.94791527,NORMAL,4.510438572,2.551455671,1.201026544,1904
1904,19.04,3.499143685,NORMAL,4.731827083,2.554023876,1.204834164,1905
1905,19.05,4.376692185,NORMAL,4.745885336,2.554023876,1.20848604,1906
1906,19.06,4.965117283,NORMAL,4.8654826,2.558698183,1.215416168,1907
1907,19.07,5.271927917,NORMAL,4.991481255,2.566297872,1.209248622,1908
1908,19.08,4.053667596,NORMAL,5.129994678,2.570386755,1.207300432,1909
1909,19.09,3.005262799,NORMAL,5.099039987,2.574365964,1.207700429,1910
1910,19.1,3.415955905,ANOMALY,5.075069196,2.578741673,1.200789966,1911
1911,19.11,3.579111835,ANOMALY,5.098076673,2.581237216,1.19836392,1912
1912,19.12,4.142113146,NORMAL,4.938944215,2.589890392,1.193708541,1913
1913,19.13,4.108487171,NORMAL,5.073510982,2.589890392,1.193708541,1914
1914,19.14,4.147328313,NORMAL,5.064104778,2.601527915,1.18485461,1915
1915,19.15,2.46536113,ANOMALY,5.107282761,2.609918018,1.178885069,1916
1916,19.16,5.964485894,ANOMALY,5.021380358,2.609918018,1.178885069,1917
1917,19.17,2.969276937,ANOMALY,5.014919969,2.614528158,1.178494596,1918
1918,19.18,3.502735959,NORMAL,4.883107171,2.621435092,1.169268536,1919
1919,19.19,1.857143481,NORMAL,4.883107171,2.630230058,1.163209721,1920
1920,19.2,2.966075945,NORMAL,4.843576939,2.630230058,1.15622912,1921
1921,19.21,3.796361095,NORMAL,4.822859638,2.64043668,1.152699838,1922
1922,19.22,2.251786879,NORMAL,4.734201731,2.64043668,1.152699838,1923
1923,19.23,3.816660581,NORMAL,4.651538455,2.64043668,1.152699838,1924
1924,19.24,2.809432113,NORMAL,4.657169915,2.651639644,1.144325876,1925
1925,19.25,4.583196692,NORMAL,4.667515708,2.660561222,1.138011642,1926
1926,19.26,2.839058665,NORMAL,4.655720422,2.666122885,1.132695957,1927
1927,19.27,3.166010237,NORMAL,4.265361508,2.671436282,1.123629473,1928
1928,19.28,4.502025839,NORMAL,3.68344003,2.677758623,1.127505962,1929
1929,19.29,4.465099809,NORMAL,4.245229866,2.681486399,1.129142025,1930
1930,19.3,3.386116613,NORMAL,4.626438024,2.68770814,1.129142025,1931
1931,19.31,3.281887156,NORMAL,4.102700137,2.693146338,1.133473863,1932
1932,19.32,5.633112744,NORMAL,3.559204882,2.693146338,1.133473863,1933
1933,19.33,3.134989097,NORMAL,4.059308815,2.696960359,1.140453441,1934
1934,19.34,4.751468981,NORMAL,3.524386411,2.699477199,1.133473863,1935
1935,19.35,3.841023129,NORMAL,4.082921169,2.702354192,1.135485944,1936
1936,19.36,4.537793876,NORMAL,4.085765308,2.708868255,1.128517736,1937
1937,19.37,1.758905968,NORMAL,4.540875115,2.708868255,1.128517736,1938
1938,19.38,4.021414031,NORMAL,4.065695145,2.708868255,1.128517736,1939
1939,19.39,4.431452864,NORMAL,4.048132545,2.715157192,1.130933237,1940
1940,19.4,3.104130238,NORMAL,4.038370278,2.715157192,1.137357867,1941
1941,19.41,5.054651045,NORMAL,3.43189025,2.720287652,1.132161989,1942
1942,19.42,3.668547335,NORMAL,4.028369779,2.73006877,1.120532833,1943
1943,19.43,4.475540433,NORMAL,4.190112453,2.73006877,1.124559487,1944
1944,19.44,4.142645882,NORMAL,4.472355641,2.742053683,1.123723977,1945
1945,19.45,4.67232428,NORMAL,4.461943725,2.755315312,1.121278923,1946
1946,19.46,4.868258503,NORMAL,4.439516107,2.764356784,1.126422053,1947
1947,19.47,4.950426127,NORMAL,4.415814512,2.764356784,1.134683809,1948
1948,19.48,2.713317169,NORMAL,4.502689534,2.77495031,1.137937297,1949
1949,19.49,4.752267219,NORMAL,4.376121034,2.77495031,1.133743699,1950
1950,19.5,4.866955534,NORMAL,4.469887241,2.790199117,1.128999995,1951
1951,19.51,6.008455691,NORMAL,4.765120754,2.795502523,1.136862826,1952
1952,19.52,4.334237065,NORMAL,5.346731135,2.796019292,1.137628987,1953
1953,19.53,3.250852803,NORMAL,5.98898995,2.800761162,1.144659283,1954
1954,19.54,4.759027026,ANOMALY,5.971223289,2.807282731,1.148272495,1955
1955,19.55,3.666379483,ANOMALY,6.604808244,2.807282731,1.148272495,1956
1956,19.56,3.761487929,ANOMALY,6.604808244,2.807282731,1.148272495,1957
1957,19.57,2.963124843,ANOMALY,6.606323544,2.809432474,1.148272495,1958
1958,19.58,5.453318023,ANOMALY,6.003956766,2.809432474,1.148272495,1959
1959,19.59,2.57990917,ANOMALY,6.517139691,2.816913283,1.164376193,1960
1960,19.6,5.933571708,ANOMALY,6.517139691,2.809432474,1.155870461,1961
1961,19.61,3.290614524,ANOMALY,6.497377322,2.820657475,1.172512648,1962
1962,19.62,3.872727752,ANOMALY,5.901834148,2.832776223,1.16469518,1963
1963,19.63,3.812181437,ANOMALY,5.968103446,2.834423932,1.162252286,1964
1964,19.64,4.017160597,ANOMALY,5.937764814,2.8371181,1.160355243,1965
1965,19.65,3.156060107,ANOMALY,5.255441957,2.839336014,1.160355243,1966
1966,19.66,4.584561546,ANOMALY,5.268390101,2.840563949,1.158691211,1967
1967,19.67,4.331639021,ANOMALY,5.257912886,2.840563949,1.161136779,1968
1968,19.68,3.319009938,ANOMALY,5.785635779,2.841934945,1.174570679,1969
1969,19.69,3.855045009,ANOMALY,5.171883062,2.841934945,1.163169418,1970
1970,19.7,4.145077929,ANOMALY,5.164193852,2.842546685,1.174570679,1971
1971,19.71,4.237744111,ANOMALY,5.332908312,2.84444022,1.174570679,1972
1972,19.72,3.432464461,ANOMALY,5.340649393,2.849928912,1.174699277,1973
1973,19.73,4.036164169,ANOMALY,5.338602549,2.854036464,1.176476109,1974
1974,19.74,3.652770174,ANOMALY,5.104125177,2.855559326,1.176778294,1975
1975,19.75,5.782429943,ANOMALY,5.079774048,2.857252924,1.177388336,1976
1976,19.76,5.201271783,ANOMALY,5.079774048,2.857252924,1.178853859,1977
1977,19.77,3.841056277,ANOMALY,5.058443936,2.861056274,1.18688368,1978
1978,19.78,5.402499794,NORMAL,4.689163493,2.864416232,1.190597745,1979
1979,19.79,3.063655442,NORMAL,4.573504196,2.865588957,1.193603836,1980
1980,19.8,3.574908004,NORMAL,4.230792559,2.867814871,1.196903976,1981
1981,19.81,3.179404085,NORMAL,4.230792559,2.871339931,1.199729069,1982
1982,19.82,3.859105959,NORMAL,3.882519633,2.874302471,1.200901866,1983
1983,19.83,4.833071401,NORMAL,3.8395335,2.881282384,1.21101979,1984
1984,19.84,3.692960089,NORMAL,3.834900982,2.888723123,1.218171306,1985
1985,19.85,3.686876518,NORMAL,3.795681547,2.89007989,1.213333872,1986
1986,19.86,2.36573485,NORMAL,3.790919399,2.893015413,1.213333872,1987
1987,19.87,0.7820325734,NORMAL,3.694034643,2.893015413,1.195450838,1988
1988,19.88,4.363085261,NORMAL,3.649255701,2.893015413,1.195450838,1989
1989,19.89,5.414105779,NORMAL,3.719885905,2.898327986,1.210111592,1990
1990,19.9,4.379304333,NORMAL,3.744801504,2.907743116,1.20436809,1991
1991,19.91,3.997560355,NORMAL,3.732612494,2.918198928,1.20436809,1992
1992,19.92,5.262809034,NORMAL,3.765563948,2.930061864,1.232613038,1993
1993,19.93,5.883710343,NORMAL,3.753169222,2.944334139,1.218210928,1994
1994,19.94,4.941081717,NORMAL,4.006056108,2.954648668,1.22369431,1995
1995,19.95,4.48976393,NORMAL,4.275403778,2.954648668,1.22369431,1996
1996,19.96,3.744378552,NORMAL,4.32841273,2.954648668,1.226759027,1997
1997,19.97,3.409360106,NORMAL,4.26150966,2.959383027,1.227862645,1998
1998,19.98,4.636495531,NORMAL,4.293937185,2.961555815,1.221470019,1999
1999,19.99,2.67740267,NORMAL,4.286457721,2.964600394,1.221470019,2000
