index,time_seconds,value,decision,score,center,scale,n_observed
0,0,-1.021732306,WARMING,,,,1
1,0.01,-0.1205637637,WARMING,,,,2
2,0.02,-1.424768505,WARMING,,,,3
3,0.03,-0.3973503795,WARMING,,,,4
4,0.04,-0.05117921945,WARMING,,,,5
5,0.05,1.486817219,WARMING,,,,6
6,0.06,1.486142151,WARMING,,,,7
7,0.07,0.5660835481,WARMING,,,,8
8,0.08,0.5546883794,WARMING,,,,9
9,0.09,0.3030467598,WARMING,,,,10
10,0.1,0.4304403953,WARMING,,,,11
11,0.11,-0.2822758668,WARMING,,,,12
12,0.12,-1.129170614,WARMING,,,,13
13,0.13,1.711025384,WARMING,,,,14
14,0.14,0.2940092851,WARMING,,,,15
15,0.15,-2.133911456,WARMING,,,,16
16,0.16,-0.5766551375,WARMING,,,,17
17,0.17,0.4499467547,WARMING,,,,18
18,0.18,-0.7094037479,WARMING,,,,19
19,0.19,-1.143764335,WARMING,,,,20
20,0.2,-1.710045807,WARMING,,,,21
21,0.21,0.6987615319,WARMING,,,,22
22,0.22,-1.995096935,WARMING,,,,23
23,0.23,0.7777412746,WARMING,,,,24
24,0.24,-2.104793601,WARMING,,,,25
25,0.25,-1.30496362,WARMING,,,,26
26,0.26,0.09339457243,WARMING,,,,27
27,0.27,0.07522015719,WARMING,,,,28
28,0.28,-0.267689166,WARMING,,,,29
29,0.29,0.4146107861,WARMING,,,,30
30,0.3,0.4070635138,WARMING,,,,31
31,0.31,-0.03240621018,WARMING,,,,32
32,0.32,0.6102551297,WARMING,,,,33
33,0.33,0.7852003101,WARMING,,,,34
34,0.34,-0.3710956887,WARMING,,,,35
35,0.35,-1.232497025,WARMING,,,,36
36,0.36,-0.5462081747,WARMING,,,,37
37,0.37,-1.665862883,WARMING,,,,38
38,0.38,0.1493544092,WARMING,,,,39
39,0.39,-0.1906553036,WARMING,,,,40
40,0.4,0.5528986201,WARMING,,,,41
41,0.41,-1.107691053,WARMING,,,,42
42,0.42,0.9343039494,WARMING,,,,43
43,0.43,-0.8581897684,WARMING,,,,44
44,0.44,-0.9341235053,WARMING,,,,45
45,0.45,-0.8163791946,WARMING,,,,46
46,0.46,-0.739151786,WARMING,,,,47
47,0.47,-0.04794854779,WARMING,,,,48
48,0.48,0.7482854674,WARMING,,,,49
49,0.49,0.4557420742,WARMING,,,,50
50,0.5,-0.06711638918,WARMING,,,,51
51,0.51,1.922170471,WARMING,,,,52
52,0.52,0.4489532197,WARMING,,,,53
53,0.53,1.239162175,WARMING,,,,54
54,0.54,-0.4123139335,WARMING,,,,55
55,0.55,-0.6100899198,WARMING,,,,56
56,0.56,-0.4934579112,WARMING,,,,57
57,0.57,1.086065904,WARMING,,,,58
58,0.58,1.77495864,WARMING,,,,59
59,0.59,-0.307249331,WARMING,,,,60
60,0.6,-0.3907354939,WARMING,,,,61
61,0.61,0.07410244613,WARMING,,,,62
62,0.62,0.1889274638,WARMING,,,,63
63,0.63,-0.4368708772,WARMING,,,,64
64,0.64,-1.455739705,NORMAL,1.53683285,-0.05914780431,0.9087467775,65
65,0.65,-1.269774716,NORMAL,1.304560482,-0.06711638918,0.92188775,66
66,0.66,1.009800511,NORMAL,1.327946364,-0.09384007643,0.957796966,67
67,0.67,0.4014586695,NORMAL,0.7963247265,-0.06711638918,0.938782227,68
68,0.68,-0.2823898097,NORMAL,0.3063135672,-0.05914780431,0.9185207645,69
69,0.69,0.3221640546,NORMAL,0.4222644718,-0.06711638918,0.92188775,70
70,0.7,-0.5085405254,NORMAL,0.4945191909,-0.05914780431,0.9087467775,71
71,0.71,-0.2327370538,NORMAL,0.2841129487,-0.06711638918,0.9192342528,72
72,0.72,1.254842367,NORMAL,1.561476389,-0.09384007643,0.8637225979,73
73,0.73,1.758714614,NORMAL,1.986252141,-0.06711638918,0.9192342528,74
74,0.74,-0.5201869048,NORMAL,0.5073350596,-0.05914780431,0.9087467775,75
75,0.75,0.378139426,NORMAL,0.4843768755,-0.06711638918,0.9192342528,76
76,0.76,-0.4805340274,NORMAL,0.4887771528,-0.05914780431,0.8621234047,77
77,0.77,1.743891225,NORMAL,2.249663809,-0.06711638918,0.8050125565,78
78,0.78,-1.204158582,NORMAL,1.328128632,-0.05914780431,0.8621234047,79
79,0.79,-1.646901673,NORMAL,1.718588356,-0.06711638918,0.9192342528,80
80,0.8,0.7586586817,NORMAL,0.9120687793,-0.09384007643,0.9346869199,81
81,0.81,-0.006327694841,NORMAL,0.4278999896,-0.06711638918,0.92188775,82
82,0.82,-0.2697295671,NORMAL,0.2317276583,-0.05914780431,0.9087467775,83
83,0.83,0.2269260084,NORMAL,0.3198775467,-0.06711638918,0.9192342528,84
84,0.84,0.1978546002,NORMAL,0.2981039641,-0.05914780431,0.8621234047,85
85,0.85,-0.3710513229,NORMAL,0.3860201242,-0.05117921945,0.8286410044,86
86,0.86,-0.1722305048,NORMAL,0.7374896888,-0.05914780431,0.7920415763,87
87,0.87,-0.2870082277,NORMAL,0.5565441157,-0.06711638918,0.7751899578,88
88,0.88,-0.2515127213,NORMAL,0.5459610535,-0.09384007643,0.8054818484,89
89,0.89,1.251592426,NORMAL,1.625072996,-0.1205637637,0.8443658796,90
90,0.9,-1.053813436,NORMAL,1.191800115,-0.09384007643,0.8054818484,91
91,0.91,0.579104883,NORMAL,0.8271890204,-0.1205637637,0.8458388946,92
92,0.92,-0.09130517234,NORMAL,0.5527015687,-0.09384007643,0.8105144262,93
93,0.93,0.1834750745,NORMAL,0.3424223141,-0.09130517234,0.8024601071,94
94,0.94,-0.1101341525,NORMAL,0.2898833736,-0.07921078076,0.7858051869,95
95,0.95,-0.863626863,NORMAL,0.9642124053,-0.09130517234,0.8009870921,96
96,0.96,-1.762438819,NORMAL,2.037215642,-0.1007196624,0.8156815226,97
97,0.97,-1.823429807,NORMAL,2.063277059,-0.1101341525,0.8303759531,98
98,0.98,0.8814748727,NORMAL,1.183309231,-0.1153489581,0.8424034942,99
99,0.99,1.218299875,NORMAL,1.583414242,-0.1101341525,0.8389680937,100
100,1,-0.3969882801,NORMAL,0.3430136232,-0.1007196624,0.8637225979,101
101,1.01,-0.823781557,NORMAL,0.8506252023,-0.1101341525,0.8389680937,102
102,1.02,-1.539759737,NORMAL,1.649153076,-0.1153489581,0.8637225979,103
103,1.03,0.6487336858,NORMAL,0.8811969888,-0.1205637637,0.8730141605,104
104,1.04,-0.9217896799,NORMAL,0.8932683214,-0.1153489581,0.902797852,105
105,1.05,-1.502028664,NORMAL,1.506309977,-0.1205637637,0.9171186018,106
106,1.06,-0.2089197202,NORMAL,0.8362989421,-0.1463971342,0.9430234966,107
107,1.07,0.416903991,NORMAL,0.6706408054,-0.1722305048,0.9310321457,108
108,1.08,-0.4438479051,NORMAL,0.7514831313,-0.1463971342,0.8884355201,109
109,1.09,0.5502271859,NORMAL,0.783202904,-0.1722305048,0.922440005,110
110,1.1,-1.595874617,NORMAL,1.631494295,-0.1463971342,0.8884355201,111
111,1.11,-1.184603599,NORMAL,1.087366423,-0.1722305048,0.9310321457,112
112,1.12,0.4225688654,NORMAL,0.6405055355,-0.1814429042,0.9430234966,113
113,1.13,-1.246675999,NORMAL,1.154036946,-0.1722305048,0.9310321457,114
114,1.14,-0.7908718242,NORMAL,0.848893329,-0.1814429042,0.9430234966,115
115,1.15,-0.2565889288,NORMAL,0.8434296881,-0.1906553036,0.9482835967,116
116,1.16,0.1723889387,NORMAL,0.9476153757,-0.1997875119,0.948099452,117
117,1.17,1.440514383,NORMAL,1.737740103,-0.1906553036,0.9386729832,118
118,1.18,-0.6996787258,NORMAL,0.9484244269,-0.1814429042,0.9387274263,119
119,1.19,-0.1264040218,NORMAL,1.019252954,-0.1906553036,0.9386729832,120
120,1.2,-1.426106032,NORMAL,1.330675602,-0.1814429042,0.9353618009,121
121,1.21,-1.504366915,NORMAL,1.399541305,-0.1906553036,0.9386729832,122
122,1.22,0.4106649995,NORMAL,1.572158927,-0.1997875119,0.948099452,123
123,1.23,0.009305341446,NORMAL,0.9467719529,-0.1906553036,0.9386729832,124
124,1.24,0.8581388563,NORMAL,1.117650999,-0.1814429042,0.9353618009,125
125,1.25,0.2300221449,NORMAL,1.142739637,-0.1722305048,0.922440005,126
126,1.26,0.3279404481,NORMAL,1.228568631,-0.1493172633,0.8927649035,127
127,1.27,-0.8981583699,NORMAL,1.147938707,-0.1264040218,0.8643553938,128
128,1.28,1.195201725,NORMAL,1.50601685,-0.1493172633,0.8927649035,129
129,1.29,0.4829324472,NORMAL,0.6707357282,-0.1264040218,0.9084598351,130
130,1.3,2.011294856,NORMAL,2.356447289,-0.1234838928,0.9059310421,131
131,1.31,-0.7318280167,NORMAL,0.6665051301,-0.1205637637,0.9171186018,132
132,1.32,0.9103210581,NORMAL,1.139354641,-0.1234838928,0.9073601083,133
133,1.33,-0.6999521421,NORMAL,0.6317485844,-0.1205637637,0.9171186018,134
134,1.34,1.623053604,NORMAL,1.924855943,-0.1234838928,0.9073601083,135
135,1.35,0.7204886184,NORMAL,0.9170595607,-0.1205637637,0.9171186018,136
136,1.36,0.9605462127,NORMAL,1.125629263,-0.1153489581,0.9558166319,137
137,1.37,1.403985047,NORMAL,1.54651605,-0.1101341525,0.9790517204,138
138,1.38,-0.08886007568,NORMAL,1.458471359,-0.1007196624,0.9670741315,139
139,1.39,0.9179814424,NORMAL,1.588766111,-0.09130517234,0.9550965427,140
140,1.4,-1.383843343,NORMAL,1.551418535,-0.09008262401,0.9546107411,141
141,1.41,0.1409156734,NORMAL,1.606962411,-0.09130517234,0.9577500399,142
142,1.42,-0.04610975373,NORMAL,1.355388078,-0.09008262401,0.9546107411,143
143,1.43,-0.01801824036,NORMAL,1.405056823,-0.08886007568,0.9532642694,144
144,1.44,-1.449706692,NORMAL,1.463835437,-0.07798823243,0.937071494,145
145,1.45,-0.3679678211,NORMAL,1.058791867,-0.08886007568,0.9532642694,146
146,1.46,0.6252965148,NORMAL,1.085313478,-0.09008262401,0.9523678559,147
147,1.47,-2.073520457,NORMAL,2.081962416,-0.08886007568,0.9532642694,148
148,1.48,-0.7778325065,NORMAL,1.502638018,-0.09008262401,0.9546107411,149
149,1.49,-0.6557275209,NORMAL,1.132683327,-0.09130517234,0.9577500399,150
150,1.5,-0.2007645557,NORMAL,0.7553793865,-0.1007196624,0.9670741315,151
151,1.51,0.4182202655,NORMAL,0.7954351726,-0.1101341525,0.9790517204,152
152,1.52,0.005399960441,NORMAL,1.10024882,-0.1007196624,0.9558166319,153
153,1.53,1.341486251,NORMAL,1.506400359,-0.09130517234,0.9511358744,154
154,1.54,0.6455732055,NORMAL,1.632824331,-0.09008262401,0.9523678559,155
155,1.55,-1.573444958,NORMAL,1.611489939,-0.08886007568,0.9532642694,156
156,1.56,0.1197209863,NORMAL,1.578899643,-0.09008262401,0.9546107411,157
157,1.57,0.6515254812,NORMAL,1.321254421,-0.08886007568,0.9532642694,158
158,1.58,-0.616197328,NORMAL,1.262804113,-0.07798823243,0.9464535833,159
159,1.59,0.9786903114,NORMAL,1.119889228,-0.08886007568,0.9532642694,160
160,1.6,1.673206612,NORMAL,1.850270183,-0.07798823243,0.9464535833,161
161,1.61,-0.05990586736,NORMAL,1.141993907,-0.06711638918,0.952255238,162
162,1.62,0.5372474405,NORMAL,0.8305379258,-0.06351112827,0.9481649727,163
163,1.63,-1.886673963,NORMAL,1.925899457,-0.05990586736,0.9485272399,164
164,1.64,-0.7147812308,NORMAL,0.8304735423,-0.06351112827,0.9481649727,165
165,1.65,0.989668829,NORMAL,1.109770969,-0.06711638918,0.952255238,166
166,1.66,-1.055650898,NORMAL,1.038703336,-0.06351112827,0.955171448,167
167,1.67,0.259618086,NORMAL,0.5056859053,-0.06711638918,0.9580876581,168
168,1.68,0.5666483869,NORMAL,0.6597344555,-0.06351112827,0.955171448,169
169,1.69,-0.1941219072,NORMAL,0.4310594861,-0.05990586736,0.948932607,170
170,1.7,1.028616696,NORMAL,1.151833126,-0.06351112827,0.9481649727,171
171,1.71,-0.3587901183,NORMAL,0.3622301898,-0.05990586736,0.948932607,172
172,1.72,1.599807252,NORMAL,1.754249975,-0.06351112827,0.9481649727,173
173,1.73,-1.782446061,NORMAL,1.815239756,-0.05990586736,0.948932607,174
174,1.74,-0.2699996514,NORMAL,0.2478760668,-0.06351112827,0.955171448,175
175,1.75,-0.3737640954,NORMAL,0.3220225985,-0.06711638918,0.952255238,176
176,1.76,0.06307827326,NORMAL,0.2136483322,-0.07798823243,0.9495050606,177
177,1.77,1.143709636,NORMAL,1.2886342,-0.06711638918,0.939619657,178
178,1.78,-0.940018852,NORMAL,0.9244253363,-0.06351112827,0.9481649727,179
179,1.79,0.8752365976,NORMAL,0.9896012636,-0.06711638918,0.952255238,180
180,1.8,-0.2157386126,NORMAL,0.5331375716,-0.06351112827,0.955171448,181
181,1.81,-0.3567189088,NORMAL,0.5369360312,-0.06711638918,0.952255238,182
182,1.82,-0.9894678842,NORMAL,0.9599523895,-0.07798823243,0.9495050606,183
183,1.83,0.2907435496,NORMAL,0.6047390361,-0.08886007568,0.9541249396,184
184,1.84,1.547908534,NORMAL,1.712362402,-0.07798823243,0.9495050606,185
185,1.85,-0.5465516652,NORMAL,0.7886624602,-0.06711638918,0.952255238,186
186,1.86,-0.68748255,NORMAL,0.6419073924,-0.07798823243,0.9495050606,187
187,1.87,-1.84549474,NORMAL,1.842757272,-0.08886007568,0.9532642694,188
188,1.88,-1.983969544,NORMAL,1.983936319,-0.09008262401,0.9546107411,189
189,1.89,-1.272230879,NORMAL,1.233020785,-0.09130517234,0.9577500399,190
190,1.9,0.5699487849,NORMAL,0.7172105835,-0.1007196624,0.9703812143,191
191,1.91,-1.038897744,NORMAL,0.9865644424,-0.09130517234,0.9604973894,192
192,1.92,-1.175555502,NORMAL,1.096597598,-0.1007196624,0.9801552014,193
193,1.93,-0.6317781001,NORMAL,1.066273296,-0.1101341525,0.9899295796,194
194,1.94,-0.4437027524,NORMAL,1.280275284,-0.1153489581,0.9920706081,195
195,1.95,-1.293770997,NORMAL,1.333210117,-0.1205637637,0.9945146619,196
196,1.96,-1.608357807,NORMAL,1.483650823,-0.1234838928,1.000824379,197
197,1.97,0.05655040296,NORMAL,1.298027739,-0.1264040218,1.007134097,198
198,1.98,0.6260426939,NORMAL,1.310301106,-0.1234838928,1.000824379,199
199,1.99,-0.6562185493,NORMAL,1.254593265,-0.1205637637,0.9984753303,200
200,2,0.5918080885,NORMAL,1.311563438,-0.1234838928,1.000824379,201
201,2.01,0.6433501982,NORMAL,1.336539706,-0.1205637637,0.9984753303,202
202,2.02,0.6966348805,NORMAL,1.322500543,-0.1153489581,0.997463779,203
203,2.03,0.952129786,NORMAL,1.337785788,-0.1101341525,1.002560363,204
204,2.04,-0.3995601022,NORMAL,1.319192523,-0.1007196624,0.9918864549,205
205,2.05,-0.5200879289,NORMAL,1.428099765,-0.1101341525,1.002560363,206
206,2.06,-0.8053572959,NORMAL,1.403747723,-0.1153489581,0.997463779,207
207,2.07,0.9130229682,NORMAL,1.545393431,-0.1205637637,1.001128827,208
208,2.08,0.4792092322,NORMAL,1.503000236,-0.1153489581,1.005911017,209
209,2.09,-2.153061066,NORMAL,2.037709638,-0.1101341525,1.002560363,210
210,2.1,0.5227277699,NORMAL,1.834068925,-0.1153489581,1.005911017,211
211,2.11,0.800257406,NORMAL,1.548069656,-0.1101341525,1.002560363,212
212,2.12,0.04928211396,NORMAL,1.559695599,-0.1007196624,0.9918864549,213
213,2.13,-0.02647246218,NORMAL,1.549368406,-0.09130517234,0.9754819469,214
214,2.14,0.4307099321,NORMAL,1.506826293,-0.09008262401,0.9732506817,215
215,2.15,0.07130622917,NORMAL,0.5419926783,-0.08886007568,0.9710194166,216
216,2.16,-0.8338480943,NORMAL,0.788845568,-0.07798823243,0.9581848368,217
217,2.17,1.923893958,NORMAL,2.072825732,-0.08886007568,0.9710194166,218
218,2.18,0.5657341538,NORMAL,0.6670648926,-0.07798823243,0.965007143,219
219,2.19,0.3394983485,NORMAL,0.4387915756,-0.06711638918,0.9580876581,220
220,2.2,-2.23669881,NORMAL,2.27518074,-0.06351112827,0.955171448,221
221,2.21,0.5083353249,NORMAL,0.628689641,-0.06711638918,0.9580876581,222
222,2.22,-1.379320854,NORMAL,1.377563922,-0.06351112827,0.955171448,223
223,2.23,0.9902111722,NORMAL,1.103581235,-0.06711638918,0.9580876581,224
224,2.24,-0.03466984777,NORMAL,0.7021211853,-0.06351112827,0.9615867259,225
225,2.25,0.950260022,NORMAL,1.049037385,-0.05990586736,0.9629455576,226
226,2.26,-0.2578089309,NORMAL,1.352372509,-0.05554254341,0.9645883343,227
227,2.27,-0.1165488094,NORMAL,1.371479998,-0.05990586736,0.9629455576,228
228,2.28,1.181575561,NORMAL,1.375537013,-0.06351112827,0.955171448,229
229,2.29,0.4996699586,NORMAL,2.126691811,-0.05990586736,0.9629455576,230
230,2.3,-0.3106539227,NORMAL,2.421004774,-0.05554254341,0.9575818589,231
231,2.31,0.850184293,NORMAL,2.122132596,-0.05990586736,0.948932607,232
232,2.32,-1.962712955,NORMAL,2.42269071,-0.05554254341,0.9575818589,233
233,2.33,0.1473017086,NORMAL,2.123596672,-0.05990586736,0.9629455576,234
234,2.34,-0.4280018583,NORMAL,1.508638627,-0.05554254341,0.9575818589,235
235,2.35,1.907779078,NORMAL,2.073577123,-0.05990586736,0.948932607,236
236,2.36,0.1137779474,NORMAL,0.8887696258,-0.05554254341,0.9575818589,237
237,2.37,-1.087744647,NORMAL,1.07811,-0.05117921945,0.9614653681,238
238,2.38,0.6136728734,NORMAL,1.035405908,-0.05554254341,0.9575818589,239
239,2.39,-1.471119619,NORMAL,1.527489926,-0.05117921945,0.9618707352,240
240,2.4,-0.6841117545,NORMAL,1.027375306,-0.05554254341,0.9645883343,241
241,2.41,0.9203921256,NORMAL,1.018020162,-0.05990586736,0.9629455576,242
242,2.42,1.510378273,NORMAL,1.623408413,-0.05554254341,0.9645883343,243
243,2.43,-1.013112467,NORMAL,1.009905226,-0.05117921945,0.9758836858,244
244,2.44,0.4166580568,NORMAL,0.8199377565,-0.05554254341,0.9734009498,245
245,2.45,-0.256780341,NORMAL,0.9573287177,-0.05117921945,0.9758836858,246
246,2.46,-0.1592206948,NORMAL,0.9545270535,-0.05554254341,0.9645883343,247
247,2.47,0.7529771921,NORMAL,0.8441630506,-0.05990586736,0.9629455576,248
248,2.48,1.320296821,NORMAL,1.426348749,-0.05554254341,0.9645883343,249
249,2.49,0.382064586,NORMAL,1.442129943,-0.05117921945,0.9758836858,250
250,2.5,-0.02585822102,NORMAL,1.404046988,-0.04956388362,0.9712566506,251
251,2.51,-0.3650508449,NORMAL,0.8699901761,-0.04794854779,0.966660529,252
252,2.52,-0.5037266505,NORMAL,0.4746187723,-0.04956388362,0.9640629485,253
253,2.53,1.182061086,NORMAL,1.282667423,-0.05117921945,0.9614653681,254
254,2.54,1.588558116,NORMAL,1.699185724,-0.04956388362,0.9640629485,255
255,2.55,0.1195023613,NORMAL,0.8709866396,-0.04794854779,0.966660529,256
256,2.56,0.5904320324,NORMAL,0.7911828117,-0.04702915076,0.9678209435,257
257,2.57,2.041152086,NORMAL,2.154078428,-0.04610975373,0.968981358,258
258,2.58,-0.9833663094,NORMAL,0.9749754492,-0.04038980075,0.9671797473,259
259,2.59,-2.01431788,NORMAL,2.030364224,-0.04610975373,0.969386725,260
260,2.6,-0.4654373331,NORMAL,0.8715615938,-0.04702915076,0.9712566506,261
261,2.61,1.473690519,NORMAL,1.574119374,-0.04794854779,0.966660529,262
262,2.62,-0.824027718,NORMAL,0.7999930469,-0.04702915076,0.9712566506,263
263,2.63,-1.138539064,NORMAL,1.1175769,-0.04794854779,0.9758527722,264
264,2.64,-0.009094725689,NORMAL,0.4397679977,-0.04956388362,0.9782631259,265
265,2.65,0.6689498284,NORMAL,0.7346378436,-0.04794854779,0.9758527722,266
266,2.66,-1.247183773,NORMAL,1.228378777,-0.04702915076,0.9770232476,267
267,2.67,0.4729720601,NORMAL,0.5311865965,-0.04794854779,0.9806734796,268
268,2.68,0.5311969311,NORMAL,0.5918242818,-0.04702915076,0.9770232476,269
269,2.69,0.7857143531,NORMAL,0.8547953855,-0.04610975373,0.9731265762,270
270,2.7,0.3598250313,NORMAL,1.355933807,-0.04038980075,0.9776644438,271
271,2.71,0.5227082657,NORMAL,1.281976315,-0.03466984777,0.9784661292,272
272,2.72,-0.8801564813,NORMAL,1.875034392,-0.03353802897,0.9731631207,273
273,2.73,1.225453819,NORMAL,1.897912389,-0.03466984777,0.9784661292,274
274,2.74,0.7835325368,NORMAL,1.875946595,-0.03353802897,0.9773412372,275
275,2.75,0.3608191059,NORMAL,1.835704295,-0.03240621018,0.9762163451,276
276,2.76,-1.525819267,NORMAL,1.862020774,-0.02943933618,0.9737162633,277
277,2.77,-0.6653812353,NORMAL,1.790359384,-0.03240621018,0.9762163451,278
278,2.78,-2.333472533,NORMAL,2.353256382,-0.03353802897,0.9773412372,279
279,2.79,0.3869315228,NORMAL,1.853759882,-0.03466984777,0.9795724142,280
280,2.8,0.452615501,NORMAL,1.831811171,-0.03353802897,0.9773412372,281
281,2.81,-1.053971342,NORMAL,1.792022973,-0.03240621018,0.9751100601,282
282,2.82,1.394885116,NORMAL,1.461539829,-0.03353802897,0.9773412372,283
283,2.83,1.722885556,NORMAL,1.798056113,-0.03240621018,0.9762163451,284
284,2.84,0.3497390079,NORMAL,1.867887367,-0.02943933618,0.9846558939,285
285,2.85,-0.4697441937,NORMAL,1.880497481,-0.02647246218,0.9800135562,286
286,2.86,1.501655256,NORMAL,1.808903512,-0.02943933618,0.9737162633,287
287,2.87,-0.5848859224,NORMAL,1.797327415,-0.02647246218,0.9800135562,288
288,2.88,0.9665496114,NORMAL,1.791520003,-0.02943933618,0.9737162633,289
289,2.89,-1.283405049,NORMAL,1.785721967,-0.02647246218,0.9800135562,290
290,2.9,1.636698118,NORMAL,1.739856964,-0.02943933618,0.9846558939,291
291,2.91,-0.1246187954,NORMAL,1.785738829,-0.02647246218,0.9930790763,292
292,2.92,-1.347625036,NORMAL,1.786710466,-0.02943933618,0.9846558939,293
293,2.93,-0.4975660336,NORMAL,1.799635288,-0.03240621018,0.9892982317,294
294,2.94,0.4274917191,NORMAL,1.763148528,-0.03353802897,0.9827572884,295
295,2.95,-0.730461037,NORMAL,1.783424008,-0.03240621018,0.9762163451,296
296,2.96,-0.1074693776,NORMAL,1.786435648,-0.03353802897,0.9827572884,297
297,2.97,0.8011976908,NORMAL,1.78415448,-0.03466984777,0.9795724142,298
298,2.98,0.4989556911,NORMAL,1.778364284,-0.03353802897,0.9827572884,299
299,2.99,0.9995260348,NORMAL,1.835061685,-0.03240621018,0.9762163451,300
300,3,-0.08842989997,NORMAL,1.838270099,-0.02943933618,0.9846558939,301
301,3.01,-0.9725737679,NORMAL,1.782523161,-0.03240621018,0.9762163451,302
302,3.02,0.3695194826,NORMAL,1.725434492,-0.03353802897,0.9827572884,303
303,3.03,2.063352488,NORMAL,2.146817874,-0.03240621018,0.9762163451,304
304,3.04,-0.5440924135,NORMAL,1.706205262,-0.02943933618,0.9846558939,305
305,3.05,-2.010360251,NORMAL,2.026143129,-0.03240621018,0.9762163451,306
306,3.06,1.547612339,NORMAL,1.608892029,-0.03353802897,0.9827572884,307
307,3.07,0.9364587441,NORMAL,0.9793456849,-0.03240621018,0.9892982317,308
308,3.08,-1.256003999,NORMAL,1.234093121,-0.02943933618,0.9938996026,309
309,3.09,-1.371650072,NORMAL,1.353176712,-0.03240621018,0.9897035987,310
310,3.1,-1.199960366,NORMAL,1.172246009,-0.03353802897,0.9950320395,311
311,3.11,-0.5879373333,NORMAL,0.721682607,-0.03466984777,1.00036048,312
312,3.12,0.9408674217,NORMAL,0.9912025051,-0.04038980075,0.9899664473,313
313,3.13,-1.065078988,NORMAL,1.030037832,-0.03466984777,1.00036048,314
314,3.14,-0.4998227116,NORMAL,0.4613399027,-0.04038980075,0.9958664061,315
315,3.15,-0.9825085313,NORMAL,0.9407006641,-0.04610975373,0.9954269338,316
316,3.16,0.07444475805,NORMAL,1.163782499,-0.04702915076,0.9973431743,317
317,3.17,-0.3710404701,NORMAL,1.18246251,-0.04610975373,0.9954269338,318
318,3.18,0.1758380227,NORMAL,0.9602720515,-0.04702915076,0.9933996328,319
319,3.19,0.9877733135,NORMAL,1.042880696,-0.04610975373,0.9913723319,320
320,3.2,1.836453075,NORMAL,1.895865139,-0.04038980075,0.9899664473,321
321,3.21,-0.4681043229,NORMAL,0.4332782869,-0.03466984777,1.00036048,322
322,3.22,0.1625809447,NORMAL,0.3768358482,-0.04038980075,0.9899664473,323
323,3.23,-1.6391396,NORMAL,1.626677925,-0.03466984777,0.9863475296,324
324,3.24,2.008818473,NORMAL,2.069977503,-0.04038980075,0.9899664473,325
325,3.25,-0.3796764977,NORMAL,0.3448823266,-0.03466984777,1.00036048,326
326,3.26,-0.4347668086,NORMAL,0.3983741155,-0.04038980075,0.9899664473,327
327,3.27,-0.5420379398,NORMAL,0.9085896795,-0.04610975373,0.9913723319,328
328,3.28,-0.1260845648,NORMAL,0.8977523258,-0.04702915076,0.9860229058,329
329,3.29,0.6256688208,NORMAL,0.9366202616,-0.04794854779,0.9809199191,330
330,3.3,-0.5869064876,NORMAL,0.9386781962,-0.04702915076,0.9860229058,331
331,3.31,-0.1756820459,NORMAL,1.507416022,-0.04794854779,0.9809199191,332
332,3.32,-0.2988545132,NORMAL,1.507667667,-0.04956388362,0.9807966994,333
333,3.33,-1.495998492,NORMAL,1.507900415,-0.05117921945,0.980642566,334
334,3.34,-1.075223169,NORMAL,1.493158568,-0.05554254341,0.982249454,335
335,3.35,-0.249842709,NORMAL,1.648520037,-0.05990586736,0.9935806942,336
336,3.36,1.327165034,NORMAL,1.647586453,-0.06351112827,0.9801981027,337
337,3.37,0.1823517011,NORMAL,1.5088515,-0.05990586736,0.9935806942,338
338,3.38,0.5539124273,NORMAL,1.317458339,-0.05554254341,0.982249454,339
339,3.39,-0.1823388651,NORMAL,1.313864766,-0.05117921945,0.980642566,340
340,3.4,0.0424547522,NORMAL,1.320809272,-0.05554254341,0.9734009498,341
341,3.41,-0.3787678792,NORMAL,1.050588893,-0.05117921945,0.9758836858,342
342,3.42,0.00240641768,NORMAL,1.040232012,-0.05554254341,0.9645883343,343
343,3.43,0.7904964515,NORMAL,0.8750403148,-0.05117921945,0.9618707352,344
344,3.44,0.1127352089,NORMAL,0.6020457076,-0.04956388362,0.9712566506,345
345,3.45,0.7302769734,NORMAL,0.8050659956,-0.04794854779,0.966660529,346
346,3.46,0.3688698454,NORMAL,0.4771845337,-0.04702915076,0.9712566506,347
347,3.47,-0.6561537126,NORMAL,0.6293091736,-0.04610975373,0.969386725,348
348,3.48,-1.330922755,NORMAL,1.326581753,-0.04702915076,0.9678209435,349
349,3.49,-0.5560938463,NORMAL,0.5256708878,-0.04794854779,0.966660529,350
350,3.5,-0.4050934213,NORMAL,0.4498868879,-0.04956388362,0.9640629485,351
351,3.51,-0.005513912729,NORMAL,0.5769739183,-0.05117921945,0.9614653681,352
352,3.52,-0.04120953131,NORMAL,0.6027469842,-0.04956388362,0.9573791754,353
353,3.53,-1.234587734,NORMAL,1.251065046,-0.04794854779,0.9485031889,354
354,3.54,-1.747107271,NORMAL,1.773115011,-0.04956388362,0.9573791754,355
355,3.55,0.3925232992,NORMAL,0.7920789152,-0.05117921945,0.9614653681,356
356,3.56,0.9190614279,NORMAL,1.011746794,-0.04956388362,0.9573791754,357
357,3.57,0.877698388,NORMAL,0.9579735998,-0.04794854779,0.9662551619,358
358,3.58,0.9467004272,NORMAL,1.02677007,-0.04702915076,0.9678209435,359
359,3.59,-0.9129731989,NORMAL,0.8942390305,-0.04610975373,0.969386725,360
360,3.6,-0.794434185,NORMAL,0.7695237235,-0.04702915076,0.9712566506,361
361,3.61,-0.9009476996,NORMAL,0.8741063981,-0.04794854779,0.9758527722,362
362,3.62,-0.1964376644,NORMAL,0.5769683847,-0.04956388362,0.9782631259,363
363,3.63,1.164146252,NORMAL,1.245358939,-0.05117921945,0.9758836858,364
364,3.64,0.8335925925,NORMAL,0.9027800933,-0.04956388362,0.9782631259,365
365,3.65,-1.989876464,NORMAL,1.980198258,-0.04794854779,0.9806734796,366
366,3.66,0.4671988074,NORMAL,0.5268805364,-0.04956388362,0.9807966994,367
367,3.67,-2.034366379,NORMAL,2.025564953,-0.04794854779,0.9806734796,368
368,3.68,0.8849385486,NORMAL,0.952799324,-0.04956388362,0.9807966994,369
369,3.69,0.4510164459,NORMAL,0.5086704673,-0.04794854779,0.9809199191,370
370,3.7,0.96979943,NORMAL,1.03673736,-0.04702915076,0.9807966994,371
371,3.71,2.478811183,NORMAL,2.567542983,-0.04610975373,0.9833996757,372
372,3.72,-1.255322388,NORMAL,1.224627503,-0.04365964252,0.9894133047,373
373,3.73,-0.8242853103,NORMAL,0.7849478258,-0.04610975373,0.9913723319,374
374,3.74,0.1436813646,NORMAL,0.2416366501,-0.04702915076,0.9933996328,375
375,3.75,1.098083706,NORMAL,1.154151092,-0.04610975373,0.9913723319,376
376,3.76,-0.1567016806,NORMAL,0.4587200445,-0.04365964252,0.9920703893,377
377,3.77,-0.616489504,NORMAL,0.5753436241,-0.04610975373,0.9913723319,378
378,3.78,0.267624837,NORMAL,0.3191142781,-0.04702915076,0.9860229058,379
379,3.79,-0.4896431852,NORMAL,0.4510205184,-0.04610975373,0.9833996757,380
380,3.8,-0.2130203682,NORMAL,0.2318010517,-0.04702915076,0.9807966994,381
381,3.81,-1.343179595,NORMAL,1.320756678,-0.04794854779,0.9806734796,382
382,3.82,0.4731592193,NORMAL,0.5329576489,-0.04956388362,0.9807966994,383
383,3.83,-1.973575848,NORMAL,1.9635764,-0.04794854779,0.9806734796,384
384,3.84,1.826061693,NORMAL,1.912348989,-0.04956388362,0.9807966994,385
385,3.85,0.8404351446,NORMAL,0.9056638315,-0.04794854779,0.9809199191,386
386,3.86,-0.7984371052,NORMAL,1.152543944,-0.04702915076,0.9860229058,387
387,3.87,-1.451046012,NORMAL,1.419210993,-0.04794854779,0.9886461359,388
388,3.88,1.047362097,NORMAL,1.1042142,-0.04956388362,0.9933996328,389
389,3.89,-2.206003177,NORMAL,2.16204765,-0.04794854779,0.9981531298,390
390,3.9,-0.3982081975,NORMAL,0.5789535936,-0.04956388362,1.000824017,391
391,3.91,0.6668581485,NORMAL,0.7159304394,-0.05117921945,1.002942924,392
392,3.92,0.5730892782,NORMAL,0.6221405074,-0.04956388362,1.000824017,393
393,3.93,0.7220092616,NORMAL,0.7713824526,-0.04794854779,0.9981531298,394
394,3.94,0.6351103839,NORMAL,1.128974107,-0.04702915076,0.9970660222,395
395,3.95,0.8182228693,NORMAL,1.820512391,-0.04610975373,0.9959789147,396
396,3.96,1.13967906,NORMAL,1.809139298,-0.04365964252,0.9939527754,397
397,3.97,-0.1940435923,NORMAL,1.797762107,-0.04120953131,0.9986374017,398
398,3.98,0.637641246,NORMAL,1.804864502,-0.04365964252,0.9939527754,399
399,3.99,0.06570264155,NORMAL,1.798157081,-0.04120953131,0.9986374017,400
400,4,12.2648934,ANOMALY,12.34371144,-0.03793968954,0.9966883259,401
401,4.01,-1.869180957,NORMAL,1.840458685,-0.03466984777,0.9967684277,402
402,4.02,-0.3718271675,NORMAL,1.115854312,-0.03793968954,0.999740167,403
403,4.03,-0.2972799695,NORMAL,0.6642547828,-0.04120953131,0.9986374017,404
404,4.04,-1.344390065,NORMAL,1.308644088,-0.04365964252,0.9939527754,405
405,4.05,0.172661837,NORMAL,0.2195326624,-0.04610975373,0.9965332188,406
406,4.06,0.3058877791,NORMAL,0.6617879332,-0.04365964252,0.9939527754,407
407,4.07,0.9194247679,NORMAL,0.9696865702,-0.04120953131,0.9906647455,408
408,4.08,1.318484259,NORMAL,1.360930909,-0.03793968954,0.9966883259,409
409,4.09,-1.864327217,NORMAL,1.835589209,-0.03466984777,0.9967684277,410
410,4.1,-0.6070093274,NORMAL,1.17458005,-0.03793968954,0.999740167,411
411,4.11,-0.2633602291,NORMAL,0.7286926141,-0.04120953131,0.9986374017,412
412,4.12,-0.02133819602,NORMAL,0.7347657333,-0.04365964252,0.9939527754,413
413,4.13,1.46057586,NORMAL,1.51593705,-0.04120953131,0.9906647455,414
414,4.14,0.7662373318,NORMAL,1.277120284,-0.03793968954,0.9966883259,415
415,4.15,-0.93150909,NORMAL,1.27026572,-0.03466984777,0.9967684277,416
416,4.16,-0.4730181154,NORMAL,1.27737743,-0.03793968954,0.999740167,417
417,4.17,-0.7562134739,NORMAL,0.7391101393,-0.04120953131,0.9986374017,418
418,4.18,-0.3265134436,NORMAL,0.3045228557,-0.04365964252,1.000674654,419
419,4.19,-0.7857928595,NORMAL,0.7422563461,-0.04610975373,0.9965332188,420
420,4.2,1.362982611,NORMAL,1.403529986,-0.04702915076,1.004618195,421
421,4.21,-1.813150156,NORMAL,1.749584836,-0.04610975373,1.009976976,422
422,4.22,0.06155578348,NORMAL,0.311129087,-0.04702915076,1.012298094,423
423,4.23,0.9215442374,NORMAL,0.9580950992,-0.04610975373,1.009976976,424
424,4.24,0.1987288983,NORMAL,0.490960151,-0.04365964252,1.008220569,425
425,4.25,-0.9360333461,NORMAL,0.8924036996,-0.04120953131,1.002711906,426
426,4.26,0.6279390204,NORMAL,0.6661227547,-0.04365964252,1.008220569,427
427,4.27,-0.4813955763,NORMAL,0.4389955302,-0.04120953131,1.002711906,428
428,4.28,0.06676512705,NORMAL,0.279753718,-0.04365964252,1.001028309,429
429,4.29,-0.0829852982,NORMAL,0.2891229802,-0.04120953131,0.9986374017,430
430,4.3,0.8068722425,NORMAL,0.8544980185,-0.04365964252,0.9953585222,431
431,4.31,-0.9528538279,NORMAL,0.9128881965,-0.04120953131,0.9986374017,432
432,4.32,-0.2732384926,NORMAL,0.5894345511,-0.04365964252,1.001028309,433
433,4.33,-0.2103578008,NORMAL,1.018323079,-0.04610975373,0.9993447125,434
434,4.34,-1.31871444,NORMAL,1.272573465,-0.04702915076,0.9993020637,435
435,4.35,0.111602987,NORMAL,0.8513393181,-0.04794854779,1.002070909,436
436,4.36,-0.517991672,NORMAL,0.4712914527,-0.04702915076,0.9993020637,437
437,4.37,-0.05967694935,NORMAL,0.4385831588,-0.04794854779,0.9992594149,438
438,4.38,-0.7107690748,NORMAL,0.6602958583,-0.04956388362,1.00137716,439
439,4.39,0.8764085001,NORMAL,0.9243571795,-0.05117921945,1.003494905,440
440,4.4,-1.236549127,NORMAL,1.185352824,-0.04956388362,1.00137716,441
441,4.41,-0.2644603205,NORMAL,1.019059889,-0.05117921945,1.004049209,442
442,4.42,0.09412464564,NORMAL,0.9828098059,-0.0554280844,1.006036415,443
443,4.43,0.1709097169,NORMAL,0.8519494845,-0.05117921945,1.003494905,444
444,4.44,-0.2656973881,NORMAL,0.4507157322,-0.04956388362,1.000824017,445
445,4.45,-1.078236559,NORMAL,1.024043657,-0.05117921945,1.002942924,446
446,4.46,1.276416509,NORMAL,1.329428758,-0.0554280844,1.001817198,447
447,4.47,1.431395595,NORMAL,1.477411403,-0.05117921945,1.003494905,448
448,4.48,-0.3204466575,NORMAL,0.8680018556,-0.04956388362,1.00137716,449
449,4.49,0.1241609153,NORMAL,0.8547889687,-0.05117921945,1.003494905,450
450,4.5,0.6887346258,NORMAL,0.7376906397,-0.04956388362,1.000824017,451
451,4.51,1.158839843,NORMAL,1.208353074,-0.04794854779,0.9987051107,452
452,4.52,0.3773266121,NORMAL,0.4253684952,-0.04702915076,0.9976191648,453
453,4.53,-0.408772331,NORMAL,0.364126762,-0.04610975373,0.9959789147,454
454,4.54,-0.5106934598,NORMAL,0.4650286929,-0.04702915076,0.9970660222,455
455,4.55,0.7586428234,NORMAL,0.8080837971,-0.04794854779,0.9981531298,456
456,4.56,1.162200603,NORMAL,1.212788046,-0.04702915076,0.9970660222,457
457,4.57,-0.07144748187,NORMAL,0.1307862356,-0.04610975373,0.9959789147,458
458,4.58,0.7254395996,NORMAL,0.7747418256,-0.04702915076,0.9970660222,459
459,4.59,1.305131648,NORMAL,1.356696796,-0.04610975373,0.9959789147,460
460,4.6,-1.603057763,NORMAL,1.568885524,-0.04365964252,0.9939527754,461
461,4.61,-1.758174695,NORMAL,1.718020944,-0.04610975373,0.9965332188,462
462,4.62,0.2520770058,NORMAL,0.2993150594,-0.04702915076,0.9993020637,463
463,4.63,0.1675990101,NORMAL,0.2144522228,-0.04610975373,0.9965332188,464
464,4.64,0.721407475,NORMAL,0.7697217981,-0.04365964252,0.9939527754,465
465,4.65,0.2802936059,NORMAL,0.6494344109,-0.04120953131,0.9926889792,466
466,4.66,1.639525325,NORMAL,1.683314989,-0.03793968954,0.9965247297,467
467,4.67,1.777857761,NORMAL,1.818403913,-0.03466984777,0.9967684277,468
468,4.68,-0.9815187734,NORMAL,0.9493435708,-0.03353802897,0.998564454,469
469,4.69,0.9403042173,NORMAL,0.9746227328,-0.03466984777,1.00036048,470
470,4.7,0.01256744721,NORMAL,1.136187779,-0.03353802897,1.0027965,471
471,4.71,-0.3374679891,NORMAL,1.140893995,-0.03240621018,1.001876451,472
472,4.72,-0.3638206215,NORMAL,0.9525002765,-0.03353802897,0.998564454,473
473,4.73,-0.2490830498,NORMAL,0.9570517112,-0.03466984777,0.9967684277,474
474,4.74,0.1672100771,NORMAL,0.9736465466,-0.03793968954,0.9965247297,475
475,4.75,-0.05144753897,NORMAL,0.9577266329,-0.03466984777,0.9930161715,476
476,4.76,-0.1745067062,NORMAL,0.9452588432,-0.03793968954,0.9913721941,477
477,4.77,-2.697626139,NORMAL,2.681448614,-0.04120953131,0.9906647455,478
478,4.78,0.03734897696,NORMAL,0.9699909868,-0.04365964252,0.9926235319,479
479,4.79,0.03676414982,NORMAL,0.8555839625,-0.04120953131,0.9906647455,480
480,4.8,1.039952158,NORMAL,1.093389519,-0.03793968954,0.9858260285,481
481,4.81,-0.514511825,NORMAL,0.8557112916,-0.03466984777,0.9863475296,482
482,4.82,-1.661700714,NORMAL,1.647107074,-0.03793968954,0.9858260285,483
483,4.83,-0.9547883056,NORMAL,0.9221876306,-0.04120953131,0.9906647455,484
484,4.84,-0.512873113,NORMAL,0.4727003294,-0.04365964252,0.9926235319,485
485,4.85,-1.071562818,NORMAL,1.030164072,-0.04610975373,0.9954269338,486
486,4.86,-0.8621795887,NORMAL,0.8175491088,-0.04702915076,0.9970660222,487
487,4.87,-1.276861446,NORMAL,1.230506268,-0.04794854779,0.9987051107,488
488,4.88,1.22148592,NORMAL,1.269301773,-0.04956388362,1.00137716,489
489,4.89,0.5038444161,NORMAL,0.5522019164,-0.04794854779,0.9992594149,490
490,4.9,0.2341331129,NORMAL,0.2818332622,-0.04702915076,0.9976191648,491
491,4.91,-1.001542096,NORMAL,0.959289728,-0.04610975373,0.9959789147,492
492,4.92,0.3665261299,NORMAL,0.4145422375,-0.04702915076,0.9976191648,493
493,4.93,-0.4652940516,NORMAL,0.4208766789,-0.04610975373,0.9959789147,494
494,4.94,0.4903602499,NORMAL,0.5389707288,-0.04702915076,0.9970660222,495
495,4.95,-1.06715478,NORMAL,1.025735784,-0.04610975373,0.9954269338,496
496,4.96,0.3563513134,NORMAL,0.4045674561,-0.04702915076,0.9970660222,497
497,4.97,-0.368840619,NORMAL,0.3242135152,-0.04610975373,0.9954269338,498
498,4.98,0.0004850333281,NORMAL,0.7619066787,-0.04702915076,0.9933996328,499
499,4.99,0.2096410862,NORMAL,0.7761001181,-0.04610975373,0.9913723319,500
500,5,-0.3490023846,NORMAL,0.7797079556,-0.04365964252,0.9904254216,501
501,5.01,0.9248027715,NORMAL,0.9852739678,-0.04610975373,0.9854239094,502
502,5.02,-1.069165812,NORMAL,1.035419878,-0.04365964252,0.9904254216,503
503,5.03,-1.34797272,NORMAL,1.313192758,-0.04610975373,0.9913723319,504
504,5.04,-0.1987327141,NORMAL,1.161651188,-0.04702915076,0.9933996328,505
505,5.05,0.9270543815,NORMAL,0.9862001114,-0.04794854779,0.9886461359,506
506,5.06,0.2243889757,NORMAL,0.6519320956,-0.04702915076,0.9933996328,507
507,5.07,-1.038188465,NORMAL,1.000712526,-0.04610975373,0.9913723319,508
508,5.08,1.772117234,NORMAL,1.831233196,-0.04702915076,0.9933996328,509
509,5.09,-0.3059111612,NORMAL,1.026397375,-0.04610975373,0.9954269338,510
510,5.1,-0.4905515981,NORMAL,0.9187813938,-0.04702915076,0.9933996328,511
511,5.11,-1.463286029,NORMAL,1.431591578,-0.04794854779,0.9886461359,512
512,5.12,-0.0565762089,NORMAL,1.423277883,-0.04956388362,0.9933996328,513
513,5.13,-1.024001781,NORMAL,1.439878892,-0.04956388362,0.9847830275,514
514,5.14,1.032951165,NORMAL,1.439878892,-0.04956388362,0.9933996328,515
515,5.15,-1.436832046,NORMAL,1.399037053,-0.04702915076,0.9933996328,516
516,5.16,-0.9162971555,NORMAL,1.29819889,-0.04702915076,0.9970660222,517
517,5.17,-0.3263316361,NORMAL,1.29819889,-0.04702915076,0.9976191648,518
518,5.18,1.091992596,NORMAL,1.226595575,-0.04969804338,1.001022922,519
519,5.19,0.1936089466,NORMAL,0.9189015195,-0.04969804338,1.001022922,520
520,5.2,-1.429963966,NORMAL,1.378855461,-0.04969804338,1.001022922,521
521,5.21,1.65787879,NORMAL,1.701618985,-0.05401187393,1.006036415,522
522,5.22,-0.2453415848,NORMAL,0.8980209376,-0.05401187393,1.007418608,523
523,5.23,-0.9326638543,NORMAL,0.9999625167,-0.05812657912,1.011465525,524
524,5.24,-2.696858589,NORMAL,2.603534644,-0.05812657912,1.01351907,525
525,5.25,-0.699675095,NORMAL,1.196562998,-0.05812657912,1.01351907,526
526,5.26,-1.335707255,NORMAL,1.261452629,-0.05979140835,1.011465525,527
527,5.27,0.8304131581,NORMAL,1.273494164,-0.06351112827,1.021502202,528
528,5.28,0.4352453865,NORMAL,1.179087294,-0.05979140835,1.015987345,529
529,5.29,-1.763283216,NORMAL,1.682411992,-0.05812657912,1.01351907,530
530,5.3,-0.226229163,NORMAL,1.179087294,-0.05979140835,1.016540488,531
531,5.31,0.8478818499,NORMAL,1.198255296,-0.05979140835,1.016540488,532
532,5.32,0.553080946,NORMAL,1.233496288,-0.05812657912,1.014072212,533
533,5.33,0.3068808471,NORMAL,1.055737972,-0.05401187393,1.00797175,534
534,5.34,0.9478392787,NORMAL,1.055737972,-0.05401187393,1.007418608,535
535,5.35,0.4859555806,NORMAL,0.8787753631,-0.04969804338,1.003258964,536
536,5.36,0.2538540146,NORMAL,0.7438652982,-0.04969804338,1.001576065,537
537,5.37,0.1528534888,NORMAL,0.4313935376,-0.04702915076,0.9970660222,538
538,5.38,0.1331304218,NORMAL,0.4598122204,-0.04365964252,0.9920703893,539
539,5.39,-1.253872238,NORMAL,1.219885815,-0.04365964252,0.9920703893,540
540,5.4,0.9295963867,NORMAL,0.9794993668,-0.04702915076,0.9970660222,541
541,5.41,1.025255067,NORMAL,1.075418004,-0.04365964252,0.9939527754,542
542,5.42,-0.9758046872,NORMAL,0.9364917503,-0.04365964252,0.9953585222,543
543,5.43,0.5633178798,NORMAL,0.6066923509,-0.04702915076,1.006023942,544
544,5.44,-0.4654522597,NORMAL,0.8409783056,-0.04702915076,1.006023942,545
545,5.45,-0.2093089023,NORMAL,0.8559936108,-0.04969804338,1.006981963,546
546,5.46,-0.2203247125,NORMAL,0.8754190223,-0.05401187393,1.007418608,547
547,5.47,-0.4193904013,NORMAL,0.3626878883,-0.05401187393,1.007418608,548
548,5.48,0.5840620079,NORMAL,0.6342453137,-0.05401187393,1.006036415,549
549,5.49,0.01918961525,NORMAL,0.8543500783,-0.04969804338,1.001576065,550
550,5.5,-0.6983137324,NORMAL,0.8548191756,-0.04702915076,0.9970660222,551
551,5.51,1.882237995,NORMAL,1.929961837,-0.04969804338,1.001022922,552
552,5.52,0.005801977445,NORMAL,0.5463474303,-0.04702915076,0.9976191648,553
553,5.53,-0.2823025881,NORMAL,0.5635778627,-0.04702915076,0.9976191648,554
554,5.54,-0.2818112602,NORMAL,0.2690922413,-0.04702915076,0.9970660222,555
555,5.55,-0.1788631526,NORMAL,0.2884250196,-0.04969804338,0.9933996328,556
556,5.56,-1.19600179,NORMAL,1.164016555,-0.04969804338,0.9847830275,557
557,5.57,-1.002583089,NORMAL,0.9676091266,-0.04969804338,0.9847830275,558
558,5.58,-1.128051207,NORMAL,1.095015991,-0.04969804338,0.9847830275,559
559,5.59,-1.143181558,NORMAL,1.110380139,-0.04969804338,0.9847830275,560
560,5.6,-0.04501879553,NORMAL,0.1410244952,-0.05401187393,0.9964064678,561
561,5.61,-0.9918355451,NORMAL,0.9523150227,-0.05401187393,0.9847830275,562
562,5.62,1.845089233,NORMAL,1.910079745,-0.05812657912,0.9964064678,563
563,5.63,2.074479078,NORMAL,2.120186454,-0.05401187393,1.003916871,564
564,5.64,0.4388985064,NORMAL,0.4909872465,-0.05401187393,1.003916871,565
565,5.65,1.588139975,NORMAL,1.635744847,-0.05401187393,1.003916871,566
566,5.66,-0.9891417704,NORMAL,0.9314814038,-0.05401187393,1.003916871,567
567,5.67,-1.403233926,NORMAL,1.341126455,-0.05401187393,1.006036415,568
568,5.68,1.286984563,NORMAL,1.33112137,-0.05401187393,1.007418608,569
569,5.69,0.7772530559,NORMAL,0.8203043679,-0.04877864635,1.006981963,570
570,5.7,-0.3975844899,NORMAL,0.6606235262,-0.04877864635,1.006981963,571
571,5.71,-0.2221588763,NORMAL,0.7527294186,-0.05401187393,1.007418608,572
572,5.72,0.3064479372,NORMAL,0.7516663373,-0.05401187393,1.007418608,573
573,5.73,0.9294038085,NORMAL,0.9763314613,-0.04877864635,1.001895866,574
574,5.74,1.044564248,NORMAL,1.085762144,-0.04877864635,1.006981963,575
575,5.75,0.1918920538,NORMAL,0.6483671565,-0.04877864635,1.011675654,576
576,5.76,-0.2544712666,NORMAL,0.6779623244,-0.04556427463,1.011044377,577
577,5.77,0.9658590248,NORMAL,1.007542129,-0.04556427463,1.003852117,578
578,5.78,0.944600358,NORMAL,0.9870486052,-0.04311416342,1.000674654,579
579,5.79,0.5327085482,NORMAL,0.5754344924,-0.04311416342,1.000674654,580
580,5.8,-0.3420565046,NORMAL,0.2987407945,-0.04311416342,1.000674654,581
581,5.81,0.2990288592,NORMAL,0.3419123501,-0.04311416342,1.000674654,582
582,5.82,-1.189119333,NORMAL,1.145232534,-0.04311416342,1.000674654,583
583,5.83,-0.05441426077,NORMAL,0.105625158,-0.04311416342,1.007411842,584
584,5.84,0.6496725036,NORMAL,0.6876896202,-0.04311416342,1.007411842,585
585,5.85,-0.3832116828,NORMAL,0.3375953162,-0.04311416342,1.007411842,586
586,5.86,-0.7100037149,NORMAL,0.6618897634,-0.04556427463,1.003852117,587
587,5.87,-1.473554478,NORMAL,1.422510526,-0.04556427463,1.003852117,588
588,5.88,-0.6779911625,NORMAL,0.6219508331,-0.04877864635,1.011675654,589
589,5.89,-1.088373892,NORMAL,1.027597374,-0.04877864635,1.011675654,590
590,5.9,0.5875850779,NORMAL,0.635399741,-0.05293089987,1.008051997,591
591,5.91,0.04687133154,NORMAL,0.5530117093,-0.04877864635,1.006981963,592
592,5.92,1.630482561,NORMAL,1.680870534,-0.04556427463,0.9971302384,593
593,5.93,-0.604165961,NORMAL,1.301225476,-0.04556427463,0.9971302384,594
594,5.94,0.7622358352,NORMAL,1.309365379,-0.04877864635,1.001895866,595
595,5.95,-0.3528689809,NORMAL,1.298727085,-0.04556427463,1.003852117,596
596,5.96,-1.960934591,NORMAL,1.898897911,-0.04877864635,1.006981963,597
597,5.97,0.3137593184,NORMAL,0.3637612141,-0.05293089987,1.008051997,598
598,5.98,0.7809119353,NORMAL,0.8201151999,-0.04877864635,1.011675654,599
599,5.99,-0.6945056525,NORMAL,0.7236368008,-0.04556427463,1.014174222,600
600,6,1.082454534,NORMAL,1.11225348,-0.04556427463,1.014174222,601
601,6.01,0.5059426149,NORMAL,0.7047933901,-0.04311416342,1.018406269,602
602,6.02,0.8556557409,NORMAL,0.8867806159,-0.04311416342,1.013520016,603
603,6.03,0.3503336061,NORMAL,1.247919207,-0.03793968954,1.006782828,604
604,6.04,0.06283568069,NORMAL,1.503625976,-0.03793968954,1.006782828,605
605,6.05,0.7061848219,NORMAL,1.247919207,-0.03057115497,1.007232035,606
606,6.06,1.074722143,NORMAL,1.243512104,-0.03057115497,1.007894075,607
607,6.07,-0.9996862446,NORMAL,1.232587806,-0.0261653416,1.009301593,608
608,6.08,0.3449920582,NORMAL,0.9378718968,-0.0261653416,1.009301593,609
609,6.09,-0.5910680346,NORMAL,1.481888654,-0.02359820852,1.002559658,610
610,6.1,-0.2793434422,NORMAL,0.9155075696,-0.02359820852,1.002354283,611
611,6.11,-0.6042148689,NORMAL,0.5781762611,-0.0261653416,0.9997808042,612
612,6.12,-1.513835845,NORMAL,1.482073528,-0.03057115497,1.000803714,613
613,6.13,0.2329361965,NORMAL,0.2622499957,-0.03057115497,1.004794493,614
614,6.14,-1.7058584,NORMAL,1.681789195,-0.0261653416,0.9987536269,615
615,6.15,0.2309726905,NORMAL,0.257458922,-0.0261653416,0.9987536269,616
616,6.16,1.020247945,NORMAL,1.047934623,-0.0261653416,0.9985482519,617
617,6.17,1.279591188,NORMAL,1.302361343,-0.02359820852,1.000635809,618
618,6.18,-2.015710869,NORMAL,1.989423619,-0.01967821819,1.003322084,619
619,6.19,1.495341135,NORMAL,1.504257606,-0.01967821819,1.007154191,620
620,6.2,1.44084333,NORMAL,1.448691446,-0.01967821819,1.008166061,621
621,6.21,0.5469143327,NORMAL,1.322053763,-0.01355648303,1.016230276,622
622,6.22,0.5868360348,NORMAL,1.594824385,-0.01355648303,1.016230276,623
623,6.23,0.08103707273,NORMAL,1.565776459,-0.007304319209,1.021667626,624
624,6.24,-0.7631530711,NORMAL,1.556112219,-0.002514439701,1.020189792,625
625,6.25,-1.160790791,NORMAL,1.308634533,-0.007304319209,1.021667626,626
626,6.26,-1.680941313,NORMAL,1.638142338,-0.007304319209,1.021667626,627
627,6.27,0.8296989111,NORMAL,1.115260002,-0.007304319209,1.021667626,628
628,6.28,-1.158392247,NORMAL,1.295904996,-0.002514439701,1.028769102,629
629,6.29,-1.347702408,NORMAL,1.308634533,-0.007304319209,1.026511604,630
630,6.3,0.9613592373,NORMAL,1.12972433,-0.01355648303,1.017242146,631
631,6.31,-0.6470827008,NORMAL,1.115260002,-0.007304319209,1.026714287,632
632,6.32,1.082335801,NORMAL,1.115260002,-0.007304319209,1.026714287,633
633,6.33,-0.7547507756,NORMAL,1.092145758,-0.002514439701,1.032601209,634
634,6.34,1.073067915,NORMAL,1.041624148,-0.002514439701,1.032601209,635
635,6.35,-0.4736498612,NORMAL,0.7333334535,-0.002514439701,1.033815763,636
636,6.36,-1.135009471,NORMAL,1.095461874,-0.007304319209,1.029433501,637
637,6.37,0.09108655596,NORMAL,0.3707647079,-0.01355648303,1.025101435,638
638,6.38,-1.171078734,NORMAL,1.129178256,-0.01355648303,1.025101435,639
639,6.39,-0.6182181624,NORMAL,1.565302769,-0.01967821819,1.024043943,640
640,6.4,0.8000477339,NORMAL,1.565302769,-0.01967821819,1.022218262,641
641,6.41,-1.840746671,NORMAL,1.781486911,-0.01967821819,1.022218262,642
642,6.42,-0.7241473381,NORMAL,1.548677091,-0.02359820852,1.024209272,643
643,6.43,-0.7520827868,NORMAL,2.251243357,-0.0261653416,1.024209272,644
644,6.44,1.302080615,NORMAL,2.284966798,-0.0261653416,1.024209272,645
645,6.45,-1.964199784,NORMAL,1.892225052,-0.0261653416,1.024209272,646
646,6.46,0.5554732231,NORMAL,2.291440148,-0.0261653416,1.029027189,647
647,6.47,2.603261312,NORMAL,2.5672748,-0.0261653416,1.024209272,648
648,6.48,-2.665987441,NORMAL,2.577424528,-0.0261653416,1.024209272,649
649,6.49,0.5608174667,NORMAL,2.285149385,-0.03057115497,1.021352954,650
650,6.5,0.7481352809,NORMAL,2.285149385,-0.03057115497,1.012843166,651
651,6.51,-0.4649790283,NORMAL,0.7465552241,-0.0261653416,1.024209272,652
652,6.52,-0.1438584504,NORMAL,1.944476497,-0.03057115497,1.012843166,653
653,6.53,0.7223424591,NORMAL,1.955317005,-0.03057115497,1.00990286,654
654,6.54,-1.183375242,NORMAL,1.955317005,-0.03057115497,1.012843166,655
655,6.55,0.8392575337,NORMAL,2.314877411,-0.03057115497,1.021352954,656
656,6.56,0.838555838,NORMAL,2.333447136,-0.03057115497,1.031152367,657
657,6.57,-1.567133895,NORMAL,1.996567926,-0.0261653416,1.029027189,658
658,6.58,-1.073503802,NORMAL,1.981213672,-0.0261653416,1.03270293,659
659,6.59,-1.346042284,NORMAL,1.947116649,-0.03057115497,1.037383275,660
660,6.6,0.07533340264,NORMAL,2.298819158,-0.03057115497,1.037383275,661
661,6.61,-1.329424177,NORMAL,1.966939181,-0.0261653416,1.03270293,662
662,6.62,0.9305068203,NORMAL,1.961452501,-0.0261653416,1.039508453,663
663,6.63,0.7837900369,NORMAL,1.976748501,-0.02359820852,1.052049745,664
664,6.64,1.398997696,NORMAL,1.339593211,-0.02359820852,1.061961119,665
665,6.65,0.406618749,NORMAL,1.246042404,-0.02359820852,1.073934407,666
666,6.66,0.9291968105,NORMAL,0.8972032987,-0.02359820852,1.061961119,667
667,6.67,-0.1616491063,NORMAL,0.1285468618,-0.02359820852,1.073934407,668
668,6.68,0.2247163688,NORMAL,0.2338264301,-0.02359820852,1.061961119,669
669,6.69,1.071335183,NORMAL,1.031048474,-0.02359820852,1.061961119,670
670,6.7,-0.2271018083,NORMAL,0.7565843812,-0.02359820852,1.073934407,671
671,6.71,0.3875574824,NORMAL,0.7519737305,-0.02359820852,1.073934407,672
672,6.72,0.4772358359,NORMAL,1.455158435,-0.02359820852,1.061961119,673
673,6.73,1.086346251,NORMAL,1.455158435,-0.02359820852,1.052049745,674
674,6.74,-2.201185667,NORMAL,2.066316654,-0.01521646085,1.057906204,675
675,6.75,0.6865347483,NORMAL,1.858709258,-0.02359820852,1.073934407,676
676,6.76,1.115772309,NORMAL,2.050290099,-0.01521646085,1.057906204,677
677,6.77,1.052079981,NORMAL,1.994504364,-0.007304319209,1.067471805,678
678,6.78,-0.5081114875,NORMAL,2.33916191,-0.007304319209,1.067471805,679
679,6.79,0.4867553677,NORMAL,2.003028363,-0.007304319209,1.06030523,680
680,6.8,0.6035079809,NORMAL,1.994504364,-0.007304319209,1.06030523,681
681,6.81,2.383820321,NORMAL,2.255128591,-0.007304319209,1.06030523,682
682,6.82,0.8729431445,NORMAL,2.159835876,-0.002514439701,1.071589783,683
683,6.83,-0.7825700911,NORMAL,2.159835876,-0.002514439701,1.071589783,684
684,6.84,0.6315932308,NORMAL,2.159835876,-0.002514439701,1.073732735,685
685,6.85,-1.736759207,NORMAL,2.460603553,-0.002514439701,1.071589783,686
686,6.86,-1.20612096,NORMAL,2.163640196,-0.002514439701,1.071589783,687
687,6.87,-0.3815830959,NORMAL,2.159835876,-0.002514439701,1.073732735,688
688,6.88,-0.2226962515,NORMAL,1.944934984,-0.002514439701,1.073732735,689
689,6.89,1.10941563,NORMAL,1.735992084,-0.007304319209,1.076270128,690
690,6.9,0.1133513475,NORMAL,1.933779686,-0.007304319209,1.076270128,691
691,6.91,-0.6665572439,NORMAL,1.933779686,-0.002514439701,1.071589783,692
692,6.92,0.8266014501,NORMAL,1.977473609,-0.007304319209,1.06030523,693
693,6.93,-0.1538887345,NORMAL,2.097766008,-0.002514439701,1.071589783,694
694,6.94,-0.382209467,NORMAL,2.090693837,-0.002514439701,1.071589783,695
695,6.95,-0.7028301327,NORMAL,1.90530105,-0.002514439701,1.06030523,696
696,6.96,-0.1911213114,NORMAL,1.715937579,-0.007304319209,1.06030523,697
697,6.97,0.7720642369,NORMAL,1.347206828,-0.01521646085,1.053225859,698
698,6.98,-0.5644096592,NORMAL,1.333348117,-0.007304319209,1.06030523,699
699,6.99,1.316916941,NORMAL,1.248905714,-0.007304319209,1.06030523,700
700,7,0.1915157122,NORMAL,1.299670919,-0.002514439701,1.06030523,701
701,7.01,0.5317232563,NORMAL,1.215561419,0.001445725504,1.055362302,702
702,7.02,-2.151034226,NORMAL,2.045851852,0.004104197563,1.053418614,703
703,7.03,-0.07910152649,NORMAL,1.215561419,0.001445725504,1.055362302,704
704,7.04,-1.312025243,NORMAL,1.251138543,0.001445725504,1.049820562,705
705,7.05,0.5356575684,NORMAL,0.5088601443,0.001445725504,1.049820562,706
706,7.06,0.216838266,NORMAL,0.201946373,0.004104197563,1.053418614,707
707,7.07,-0.7047699218,NORMAL,0.6762295853,0.009184712328,1.055787339,708
708,7.08,-1.047820256,NORMAL,1.001153291,0.009184712328,1.055787339,709
709,7.09,-0.05580046016,NORMAL,0.5479379479,0.009184712328,1.055787339,710
710,7.1,0.1962839686,NORMAL,0.5463982736,0.004104197563,1.049538804,711
711,7.11,-2.635835931,NORMAL,2.515333515,0.004104197563,1.049538804,712
712,7.12,0.1296231179,NORMAL,0.5463982736,0.004104197563,1.05485658,713
713,7.13,0.7755017649,NORMAL,0.7312819409,0.004104197563,1.05485658,714
714,7.14,-0.9932562373,NORMAL,0.9415244992,0.004104197563,1.059303752,715
715,7.15,1.157741692,NORMAL,1.089126819,0.001445725504,1.061672476,716
716,7.16,-0.1132251602,NORMAL,0.5149647152,0.001445725504,1.061672476,717
717,7.17,-1.368950194,NORMAL,1.290789721,0.001445725504,1.061672476,718
718,7.18,0.5816763105,NORMAL,0.6066583902,0.001445725504,1.067861394,719
719,7.19,1.23377645,NORMAL,1.158240682,0.004104197563,1.061672476,720
720,7.2,-0.07824420121,NORMAL,0.3140096569,0.004104197563,1.061672476,721
721,7.21,0.2067565832,NORMAL,0.2913488273,0.001445725504,1.061672476,722
722,7.22,-0.3342568145,NORMAL,0.3194183079,0.004104197563,1.059303752,723
723,7.23,-0.6951899383,NORMAL,0.6600914801,0.001445725504,1.055362302,724
724,7.24,0.03697419801,NORMAL,0.3398816962,-0.002514439701,1.049490961,725
725,7.25,-0.9367152822,NORMAL,0.8901466306,-0.002514439701,1.049490961,726
726,7.26,-0.4703766915,NORMAL,0.4454185365,-0.002514439701,1.050387924,727
727,7.27,-0.1827298549,NORMAL,0.3269744985,-0.007304319209,1.050387924,728
728,7.28,-0.1278792898,NORMAL,0.3098496867,-0.01521646085,1.0473694,729
729,7.29,0.2746993273,NORMAL,0.3100496974,-0.01521646085,1.042047112,730
730,7.3,0.4558057241,NORMAL,0.4547330451,-0.01521646085,1.035821324,731
731,7.31,-0.05359874126,NORMAL,0.2425457157,-0.01521646085,1.035821324,732
732,7.32,1.28186771,NORMAL,1.264125317,-0.02359820852,1.03270293,733
733,7.33,0.9110507403,NORMAL,0.894234536,-0.01521646085,1.035821324,734
734,7.34,0.9239509183,NORMAL,0.9012715149,-0.01521646085,1.042047112,735
735,7.35,0.0695377153,NORMAL,0.212451788,-0.007304319209,1.042389485,736
736,7.36,-1.080514868,NORMAL,1.033978994,-0.007304319209,1.037942313,737
737,7.37,0.9232218617,NORMAL,0.8926856938,-0.007304319209,1.042389485,738
738,7.38,1.39326752,NORMAL,1.343616622,-0.007304319209,1.042389485,739
739,7.39,0.2354064542,NORMAL,0.226507644,-0.002514439701,1.050387924,740
740,7.4,-1.717307319,NORMAL,1.628590524,0.001445725504,1.055362302,741
741,7.41,-0.4190420852,NORMAL,0.3965464912,-0.002514439701,1.050387924,742
742,7.42,0.9170879024,NORMAL,0.8800484095,-0.007304319209,1.050387924,743
743,7.43,-0.09311732059,NORMAL,0.2479938942,-0.002514439701,1.06030523,744
744,7.44,0.4399302303,NORMAL,0.4257803612,-0.007304319209,1.050387924,745
745,7.45,-1.024116325,NORMAL,0.9734260926,-0.002514439701,1.049490961,746
746,7.46,-0.8545744941,NORMAL,0.8066259672,-0.007304319209,1.050387924,747
747,7.47,1.351401996,NORMAL,1.281429419,-0.007304319209,1.06030523,748
748,7.48,0.9046307452,NORMAL,0.8600684392,-0.007304319209,1.06030523,749
749,7.49,0.2775131585,NORMAL,0.2769275618,-0.007304319209,1.067471805,750
750,7.5,0.6146796838,NORMAL,0.6202586699,-0.002514439701,1.06030523,751
751,7.51,0.8745480772,NORMAL,0.82717928,-0.002514439701,1.06030523,752
752,7.52,-1.658769988,NORMAL,1.563773904,0.001445725504,1.061672476,753
753,7.53,-2.060998435,NORMAL,1.931378147,0.001445725504,1.067861394,754
754,7.54,0.09678487307,NORMAL,0.2479938942,-0.002514439701,1.071589783,755
755,7.55,-0.9892753806,NORMAL,0.9306385678,-0.002514439701,1.06030523,756
756,7.56,-0.0933023565,NORMAL,0.4105883125,-0.002514439701,1.06030523,757
757,7.57,-1.04253542,NORMAL,0.9763519705,-0.007304319209,1.06030523,758
758,7.58,1.473954495,NORMAL,1.38763273,-0.007304319209,1.067471805,759
759,7.59,-0.2535987769,NORMAL,0.7507215915,-0.002514439701,1.073732735,760
760,7.6,-1.484243978,NORMAL,1.383586576,-0.007304319209,1.067471805,761
761,7.61,0.189992034,NORMAL,0.8391143732,-0.01521646085,1.064985575,762
762,7.62,-0.2027809627,NORMAL,0.7436678456,-0.01521646085,1.064985575,763
763,7.63,-0.07066309091,NORMAL,0.4822028664,-0.01521646085,1.064985575,764
764,7.64,1.545969304,NORMAL,1.465921981,-0.01521646085,1.064985575,765
765,7.65,1.268837453,NORMAL,1.185707695,-0.007304319209,1.076270128,766
766,7.66,-0.3217135089,NORMAL,0.4105883125,-0.007304319209,1.076270128,767
767,7.67,1.363414113,NORMAL,1.294506335,-0.01521646085,1.064985575,768
768,7.68,-0.03483001005,NORMAL,0.1180180439,-0.01521646085,1.080834095,769
769,7.69,-0.4669506425,NORMAL,0.408104356,-0.02808410303,1.075378229,770
770,7.7,-0.9918306725,NORMAL,0.8966834788,-0.03801977068,1.063709686,771
771,7.71,-0.730750011,NORMAL,0.6512399476,-0.03801977068,1.063709686,772
772,7.72,-0.3904323672,NORMAL,0.3575039989,-0.03801977068,1.060647608,773
773,7.73,-0.1929949317,NORMAL,0.3541601724,-0.03801977068,1.060647608,774
774,7.74,0.1469532561,NORMAL,0.3255123002,-0.04311416342,1.053838695,775
775,7.75,-2.359643967,NORMAL,2.218248142,-0.03801977068,1.046602565,776
776,7.76,1.525377737,NORMAL,1.493783371,-0.03801977068,1.046602565,777
777,7.77,0.04332880286,NORMAL,0.5857628367,-0.03801977068,1.053411478,778
778,7.78,0.07991306372,NORMAL,0.2861273583,-0.03801977068,1.051860915,779
779,7.79,-0.5339345393,NORMAL,0.485666963,-0.02808410303,1.041558259,780
780,7.8,-0.9293129278,NORMAL,0.8602826113,-0.03801977068,1.036046929,781
781,7.81,-0.4212527376,NORMAL,0.5324531996,-0.04311416342,1.051860915,782
782,7.82,0.6196223965,NORMAL,0.7618476673,-0.04823316725,1.039121197,783
783,7.83,-0.5167120859,NORMAL,0.7618476673,-0.04823316725,1.039121197,784
784,7.84,0.5134582106,NORMAL,0.8815093879,-0.05252314012,1.039121197,785
785,7.85,2.325717476,NORMAL,2.314251795,-0.04823316725,1.025796176,786
786,7.86,0.0475880404,NORMAL,0.457866431,-0.04823316725,1.025796176,787
787,7.87,0.8202211887,NORMAL,0.8556189786,-0.04823316725,1.015001277,788
788,7.88,0.07207753084,NORMAL,0.1608716944,-0.04823316725,1.025796176,789
789,7.89,-0.1029284623,NORMAL,0.05868319837,-0.04311416342,1.019274691,790
790,7.9,-0.1034440345,NORMAL,0.05918902099,-0.04311416342,1.019274691,791
791,7.91,1.239029587,NORMAL,1.263967731,-0.04311416342,1.01438013,792
792,7.92,0.4064592398,NORMAL,0.441071879,-0.04311416342,1.019274691,793
793,7.93,0.5103012076,NORMAL,0.5429501741,-0.04311416342,1.019274691,794
794,7.94,-1.21410763,NORMAL,1.154824482,-0.03801977068,1.018412649,795
795,7.95,0.7164000248,NORMAL,0.7487471077,-0.04311416342,1.01438013,796
796,7.96,-0.5526310551,NORMAL,0.502293841,-0.04311416342,1.01438013,797
797,7.97,-1.11189564,NORMAL,1.050518065,-0.04823316725,1.012512311,798
798,7.98,-1.778319397,NORMAL,1.704516309,-0.04823316725,1.015001277,799
799,7.99,-0.4873105093,NORMAL,0.4256938709,-0.05252314012,1.021361591,800
800,8,2.3910281,NORMAL,2.392444813,-0.05252314012,1.021361591,801
801,8.01,-2.023394876,NORMAL,1.929651314,-0.05252314012,1.021361591,802
802,8.02,1.254983129,NORMAL,1.280160014,-0.05252314012,1.021361591,803
803,8.03,1.469150806,NORMAL,1.489848414,-0.05252314012,1.021361591,804
804,8.04,1.096560767,NORMAL,1.116005266,-0.04823316725,1.025796176,805
805,8.05,-0.2800219805,NORMAL,0.4726496436,-0.04311416342,1.02330721,806
806,8.06,0.3275963635,NORMAL,0.4726496436,-0.04311416342,1.02330721,807
807,8.07,1.682036733,NORMAL,1.685858244,-0.04311416342,1.02330721,808
808,8.08,-0.08718983626,NORMAL,0.5396137074,-0.03801977068,1.036046929,809
809,8.09,-0.9262310914,NORMAL,0.8573080004,-0.03801977068,1.036046929,810
810,8.1,-0.4831678454,NORMAL,0.4518270581,-0.04311416342,1.039121197,811
811,8.11,0.1965843148,NORMAL,0.2356005082,-0.04823316725,1.039121197,812
812,8.12,-0.331667053,NORMAL,0.4726496436,-0.04823316725,1.025796176,813
813,8.13,-0.6865539558,NORMAL,0.6222686371,-0.04823316725,1.025796176,814
814,8.14,-0.243026563,NORMAL,0.4726496436,-0.04823316725,1.015001277,815
815,8.15,-0.1704910958,NORMAL,0.1376532302,-0.05252314012,1.021361591,816
816,8.16,1.27719998,NORMAL,1.306285906,-0.05400650102,1.019077428,817
817,8.17,-1.314917458,NORMAL,1.235991572,-0.05252314012,1.021361591,818
818,8.18,-0.6497542704,NORMAL,0.5847401505,-0.05252314012,1.021361591,819
819,8.19,-0.602387477,NORMAL,0.5381151235,-0.05400650102,1.019077428,820
820,8.2,-0.5205845798,NORMAL,0.4584205544,-0.05510736047,1.01539343,821
821,8.21,-0.6118831611,NORMAL,0.7086107249,-0.05510736047,1.011001665,822
822,8.22,1.735886754,NORMAL,1.781174004,-0.05510736047,1.00551328,823
823,8.23,1.636216932,NORMAL,1.680955853,-0.05400650102,1.00551328,824
824,8.24,-0.3789499864,NORMAL,0.9771407279,-0.05252314012,1.007196179,825
825,8.25,1.109167407,NORMAL,1.173437852,-0.05400650102,1.00551328,826
826,8.26,-1.0949586,NORMAL,1.211969685,-0.05252314012,1.00551328,827
827,8.27,-0.1008654952,NORMAL,1.209275789,-0.05252314012,1.007196179,828
828,8.28,-0.07229893869,NORMAL,1.253462681,-0.05252314012,1.00551328,829
829,8.29,-1.315150373,NORMAL,1.254228957,-0.05400650102,1.00551328,830
830,8.3,1.244076047,NORMAL,1.286033022,-0.05400650102,1.009369531,831
831,8.31,0.1555257906,NORMAL,0.7306703582,-0.05400650102,1.013761296,832
832,8.32,0.7435377235,NORMAL,0.7901409741,-0.05400650102,1.009369531,833
833,8.33,-1.831816719,NORMAL,1.761307591,-0.05400650102,1.009369531,834
834,8.34,-0.09256468623,NORMAL,0.4008192771,-0.05400650102,1.013761296,835
835,8.35,-0.3459586541,NORMAL,0.3988043179,-0.05510736047,1.01539343,836
836,8.36,0.05215209028,NORMAL,0.7242714965,-0.05510736047,1.011001665,837
837,8.37,0.2452812349,NORMAL,0.7242714965,-0.05510736047,1.00551328,838
838,8.38,-0.9375400781,NORMAL,0.8786891179,-0.05400650102,1.00551328,839
839,8.39,-0.225747848,NORMAL,0.7647983911,-0.05400650102,1.009369531,840
840,8.4,0.2629282012,NORMAL,0.9324823768,-0.05400650102,1.009369531,841
841,8.41,1.240690361,NORMAL,1.283973796,-0.05252314012,1.007196179,842
842,8.42,1.523151649,NORMAL,1.557664965,-0.05252314012,1.011562065,843
843,8.43,0.6238272487,NORMAL,0.6637553033,-0.04823316725,1.012512311,844
844,8.44,1.275265235,NORMAL,1.305980578,-0.04311416342,1.009493877,845
845,8.45,-0.6325160281,NORMAL,0.5837479122,-0.03801977068,1.018412649,846
846,8.46,-1.224768463,NORMAL,1.175587805,-0.03801977068,1.009493877,847
847,8.47,-0.9058439767,NORMAL,0.859662674,-0.03801977068,1.009493877,848
848,8.48,0.5552871408,NORMAL,0.5825800693,-0.03801977068,1.018412649,849
849,8.49,-0.0528049161,NORMAL,0.3523427437,-0.03801977068,1.009493877,850
850,8.5,-1.314724705,NORMAL,1.259651564,-0.04311416342,1.009493877,851
851,8.51,-0.08910571093,NORMAL,0.1897161322,-0.04823316725,1.015001277,852
852,8.52,-0.07044501692,NORMAL,0.1823282326,-0.04823316725,1.015001277,853
853,8.53,-0.08334476333,NORMAL,0.1207096777,-0.05212622753,1.020773128,854
854,8.54,-0.7442471375,NORMAL,0.6780359816,-0.05212622753,1.020773128,855
855,8.55,0.0405998362,NORMAL,0.1460054382,-0.05320182868,1.024393859,856
856,8.56,0.6276507894,NORMAL,0.6659566238,-0.05320182868,1.022367814,857
857,8.57,0.02193620918,NORMAL,0.09733844025,-0.05320182868,1.022367814,858
858,8.58,-2.814499375,NORMAL,2.712781029,-0.05320182868,1.017884421,859
859,8.59,-1.013932389,NORMAL,0.9387865458,-0.05400650102,1.022517731,860
860,8.6,-1.076356216,NORMAL,0.9980045334,-0.05400650102,1.024393859,861
861,8.61,0.6218170811,NORMAL,0.6597302164,-0.05400650102,1.024393859,862
862,8.62,0.1424663447,NORMAL,0.1910087334,-0.05320182868,1.024393859,863
863,8.63,1.878741245,NORMAL,1.884887786,-0.05212622753,1.024393859,864
864,8.64,1.005762434,NORMAL,1.025138532,-0.05212622753,1.031947028,865
865,8.65,0.7579591856,NORMAL,0.7795870354,-0.05212622753,1.039121197,866
866,8.66,2.774020262,NORMAL,2.716000249,-0.04823316725,1.039121197,867
867,8.67,0.1435037255,NORMAL,0.3314262276,-0.03992440279,1.046052349,868
868,8.68,-0.8612657647,NORMAL,0.7851818918,-0.03992440279,1.046052349,869
869,8.69,0.3060455416,NORMAL,0.3518161357,-0.04823316725,1.039121197,870
870,8.7,0.4046572434,NORMAL,0.4382898239,-0.04823316725,1.03331263,871
871,8.71,0.0181371159,NORMAL,0.6135284421,-0.04823316725,1.024393859,872
872,8.72,-0.7725517724,NORMAL,0.7193816481,-0.03992440279,1.018412649,873
873,8.73,1.809514467,NORMAL,1.816001473,-0.03992440279,1.018412649,874
874,8.74,-1.203596139,NORMAL,1.151069015,-0.02808410303,1.021235061,875
875,8.75,1.695051368,NORMAL,1.671077452,-0.02808410303,1.031152367,876
876,8.76,-0.08521282683,NORMAL,0.2573683345,-0.02808410303,1.031152367,877
877,8.77,-1.09224304,NORMAL,1.033292977,-0.03992440279,1.018412649,878
878,8.78,1.469495608,NORMAL,1.482130071,-0.03992440279,1.018412649,879
879,8.79,-0.4282118694,NORMAL,0.3794436927,-0.03992440279,1.02330721,880
880,8.8,-0.2566875822,NORMAL,0.2940165571,-0.03992440279,1.018412649,881
881,8.81,-0.2660528681,NORMAL,0.2151279531,-0.04823316725,1.012512311,882
882,8.82,1.040779128,NORMAL,1.075387577,-0.05212622753,1.016289734,883
883,8.83,-0.5434316779,NORMAL,0.483430496,-0.05212622753,1.016289734,884
884,8.84,0.4213730224,NORMAL,0.4686842915,-0.05320182868,1.012568289,885
885,8.85,-0.4359238257,NORMAL,0.3807322954,-0.05212622753,1.008051071,886
886,8.86,-1.126463512,NORMAL,1.066887726,-0.05212622753,1.006982513,887
887,8.87,-0.08902406167,NORMAL,0.3739680478,-0.05320182868,1.009645757,888
888,8.88,-1.090097201,NORMAL,1.028081219,-0.05400650102,1.007790708,889
889,8.89,-1.068629935,NORMAL,1.003744088,-0.05400650102,1.010838764,890
890,8.9,1.044849516,NORMAL,1.083939603,-0.05400650102,1.013761296,891
891,8.91,-1.043988137,NORMAL,0.9714488894,-0.05400650102,1.019077428,892
892,8.92,-0.3426648562,NORMAL,0.2823015646,-0.05400650102,1.022517731,893
893,8.93,-1.68548048,NORMAL,1.595545906,-0.05400650102,1.022517731,894
894,8.94,-1.492603566,NORMAL,1.406916498,-0.05400650102,1.022517731,895
895,8.95,-1.986432123,NORMAL,1.883864643,-0.05510736047,1.025192956,896
896,8.96,-0.2189805316,NORMAL,0.9047378282,-0.05510736047,1.025192956,897
897,8.97,-1.472354933,NORMAL,1.384979993,-0.05618833453,1.022517731,898
898,8.98,-0.9417531791,NORMAL,1.09061387,-0.05812657912,1.025185856,899
899,8.99,0.2776663274,NORMAL,1.459564434,-0.05812657912,1.025185856,900
900,9,9.932320684,ANOMALY,9.79351557,-0.05618833453,1.019910465,901
901,9.01,-0.3847014014,NORMAL,1.113805786,-0.05618833453,1.019910465,902
902,9.02,-0.2338447817,NORMAL,1.422221666,-0.05618833453,1.016996083,903
903,9.03,-0.2637464606,NORMAL,1.464340581,-0.05618833453,1.016996083,904
904,9.04,-1.193419376,NORMAL,1.469881959,-0.05812657912,1.016947192,905
905,9.05,1.705140519,NORMAL,1.732197285,-0.06506098313,1.021939889,906
906,9.06,1.155538023,NORMAL,1.422221666,-0.06506098313,1.021939889,907
907,9.07,1.41072094,NORMAL,1.444098561,-0.06506098313,1.021939889,908
908,9.08,-1.070662642,NORMAL,1.117028554,-0.06506098313,1.021939889,909
909,9.09,2.224665163,NORMAL,2.239494928,-0.07055405392,1.024882525,910
910,9.1,-0.2362755048,NORMAL,1.094936425,-0.06506098313,1.023618385,911
911,9.11,1.149373199,NORMAL,1.190309351,-0.07055405392,1.024882525,912
912,9.12,-0.4075292915,NORMAL,0.9189757376,-0.07055405392,1.026678374,913
913,9.13,0.165574615,NORMAL,1.089841817,-0.07105528639,1.025051454,914
914,9.14,-1.248536341,NORMAL,1.154989755,-0.07055405392,1.019907131,915
915,9.15,-0.3964132854,NORMAL,1.351597015,-0.07055405392,1.024882525,916
916,9.16,-0.4108612533,NORMAL,1.351597015,-0.07055405392,1.024882525,917
917,9.17,-1.246441938,NORMAL,1.478377279,-0.07055405392,1.019907131,918
918,9.18,-0.8348129952,NORMAL,1.471333977,-0.07105528639,1.025051454,919
919,9.19,-0.9185499354,NORMAL,1.465083771,-0.07187321028,1.026838306,920
920,9.2,0.385867903,NORMAL,1.512223133,-0.07527156995,1.031876714,921
921,9.21,-0.6126469666,NORMAL,1.456404072,-0.07527156995,1.026585762,922
922,9.22,0.9606128158,NORMAL,1.456404072,-0.07527156995,1.021387421,923
923,9.23,-0.3498577887,NORMAL,1.458910957,-0.07187321028,1.025051454,924
924,9.24,0.3785215906,NORMAL,1.351856836,-0.07187321028,1.025051454,925
925,9.25,0.6384387945,NORMAL,1.345040186,-0.07187321028,1.025051454,926
926,9.26,0.8206897671,NORMAL,1.072131072,-0.07187321028,1.025051454,927
927,9.27,1.172122893,NORMAL,1.213593813,-0.07187321028,1.025051454,928
928,9.28,-0.9389620694,NORMAL,0.8466958215,-0.07105528639,1.025051454,929
929,9.29,-0.4342909691,NORMAL,0.7938067895,-0.07105528639,1.026678374,930
930,9.3,-0.9129126106,NORMAL,0.8199815499,-0.07105528639,1.026678374,931
931,9.31,0.7706611526,NORMAL,0.8181991778,-0.07105528639,1.028742709,932
932,9.32,-2.488526356,NORMAL,2.351727637,-0.07055405392,1.028168511,933
933,9.33,1.202769743,NORMAL,1.238234806,-0.07105528639,1.028742709,934
934,9.34,-1.248407512,NORMAL,1.145584061,-0.07055405392,1.028168511,935
935,9.35,0.1793579426,NORMAL,1.039323762,-0.07105528639,1.033067237,936
936,9.36,-0.8280524414,NORMAL,0.9607419335,-0.07105528639,1.028742709,937
937,9.37,-0.009233677264,NORMAL,0.9559843239,-0.07187321028,1.034279891,938
938,9.38,-0.6684883251,NORMAL,0.9581426386,-0.07105528639,1.028742709,939
939,9.39,-0.6593147788,NORMAL,1.302920509,-0.07187321028,1.026838306,940
940,9.4,-1.003547126,NORMAL,1.446021565,-0.07187321028,1.026838306,941
941,9.41,-0.3996288532,NORMAL,1.41354799,-0.07527156995,1.033645631,942
942,9.42,-0.1853776954,NORMAL,1.447991745,-0.07527156995,1.033645631,943
943,9.43,-0.03972546897,NORMAL,1.420405448,-0.07867286385,1.032018711,944
944,9.44,2.236333955,NORMAL,2.251741268,-0.07527156995,1.026585762,945
945,9.45,1.289664776,NORMAL,1.426979366,-0.07187321028,1.026838306,946
946,9.46,-0.3691166656,NORMAL,1.460958505,-0.07105528639,1.028742709,947
947,9.47,0.7300714133,NORMAL,1.395383685,-0.07105528639,1.026678374,948
948,9.48,0.8160431669,NORMAL,1.261833452,-0.07105528639,1.028742709,949
949,9.49,-0.1081299624,NORMAL,0.8681049992,-0.07055405392,1.03232411,950
950,9.5,0.1577427498,NORMAL,0.3244358453,-0.07105528639,1.033067237,951
951,9.51,1.199352913,NORMAL,1.230143668,-0.07055405392,1.03232411,952
952,9.52,1.429994309,NORMAL,1.453563225,-0.07055405392,1.03232411,953
953,9.53,1.1262283,NORMAL,1.157675006,-0.06351061291,1.027696812,954
954,9.54,1.330689648,NORMAL,1.341649768,-0.05618833453,1.033710895,955
955,9.55,-0.6127672767,NORMAL,0.6156580788,-0.05618833453,1.041098977,956
956,9.56,0.5153942785,NORMAL,0.6174442615,-0.06351061291,1.03900005,957
957,9.57,-0.297017979,NORMAL,0.6156580788,-0.05618833453,1.041098977,958
958,9.58,-0.2743323821,NORMAL,0.2110300362,-0.05618833453,1.033710895,959
959,9.59,-0.7558651357,NORMAL,0.6736953105,-0.06351061291,1.027696812,960
960,9.6,-2.083227959,NORMAL,1.957533112,-0.07055405392,1.028168511,961
961,9.61,-1.750756282,NORMAL,1.627591773,-0.07055405392,1.03232411,962
962,9.62,-1.598534822,NORMAL,1.471602553,-0.07105528639,1.037970159,963
963,9.63,0.06799349219,NORMAL,0.3203085162,-0.07187321028,1.037970159,964
964,9.64,1.266110104,NORMAL,1.29363756,-0.07187321028,1.034279891,965
965,9.65,-0.6586486541,NORMAL,0.5653105137,-0.07187321028,1.037970159,966
966,9.66,-1.615730962,NORMAL,1.487381635,-0.07187321028,1.037970159,967
967,9.67,-2.080132924,NORMAL,1.929362875,-0.07187321028,1.040892691,968
968,9.68,0.4785360056,NORMAL,0.6668887915,-0.07527156995,1.045075222,969
969,9.69,1.183469155,NORMAL,1.211121488,-0.07527156995,1.039318299,970
970,9.7,1.40164261,NORMAL,1.413213278,-0.07527156995,1.045075222,971
971,9.71,0.2767922636,NORMAL,0.3368789406,-0.07527156995,1.045075222,972
972,9.72,-1.719893663,NORMAL,1.582404634,-0.07527156995,1.039318299,973
973,9.73,-2.240304138,NORMAL,2.083127536,-0.07527156995,1.039318299,974
974,9.74,0.08139971453,NORMAL,0.3912412858,-0.07527156995,1.039318299,975
975,9.75,-1.124269549,NORMAL,1.009313489,-0.07527156995,1.039318299,976
976,9.76,0.26208001,NORMAL,0.6557058302,-0.07867286385,1.045396739,977
977,9.77,-1.704588018,NORMAL,1.559537573,-0.07867286385,1.042562348,978
978,9.78,0.08663673808,NORMAL,0.2567793127,-0.08122314491,1.048142104,979
979,9.79,1.544561293,NORMAL,1.557536944,-0.08122314491,1.043817576,980
980,9.8,0.7808205592,NORMAL,0.8258566666,-0.08122314491,1.043817576,981
981,9.81,0.5237211507,NORMAL,0.6557058302,-0.07867286385,1.042562348,982
982,9.82,-0.4166469346,NORMAL,0.7102609495,-0.07867286385,1.04003653,983
983,9.83,0.7784001147,NORMAL,0.8257095432,-0.08122314491,1.041072211,984
984,9.84,0.3764696667,NORMAL,0.6557058302,-0.07867286385,1.042562348,985
985,9.85,0.4361070999,NORMAL,0.6446142053,-0.07527156995,1.039318299,986
986,9.86,-0.7670198653,NORMAL,0.6700952281,-0.0714810148,1.037970159,987
987,9.87,2.280146338,NORMAL,2.266310436,-0.07527156995,1.039318299,988
988,9.88,-0.9941708629,NORMAL,0.8792661752,-0.07527156995,1.045075222,989
989,9.89,0.09242440646,NORMAL,0.1599665113,-0.07527156995,1.04831927,990
990,9.9,0.1236550952,NORMAL,0.6307541026,-0.0714810148,1.040892691,991
991,9.91,0.602547672,NORMAL,0.6821365011,-0.0714810148,1.040892691,992
992,9.92,1.097970839,NORMAL,1.123508566,-0.0714810148,1.040892691,993
993,9.93,0.3347777828,NORMAL,0.8019093929,-0.0714810148,1.040892691,994
994,9.94,0.719073981,NORMAL,1.150867895,-0.07055405392,1.040892691,995
995,9.95,-0.06431311697,NORMAL,1.468823827,-0.06351061291,1.041866504,996
996,9.96,-0.3100609852,NORMAL,1.468487621,-0.06044466294,1.03900005,997
997,9.97,0.2159849795,NORMAL,1.135436615,-0.06044466294,1.03900005,998
998,9.98,-1.103384515,NORMAL,1.332085374,-0.05618833453,1.03651475,999
999,9.99,-0.2864060254,NORMAL,1.332085374,-0.05618833453,1.03651475,1000
1000,10,0.2606398958,NORMAL,1.332085374,-0.05618833453,1.033710895,1001
1001,10.01,-0.2698210791,NORMAL,1.332294048,-0.05618833453,1.030793648,1002
1002,10.02,0.2797426474,NORMAL,1.041889129,-0.06044466294,1.027696812,1003
1003,10.03,-1.810746701,NORMAL,1.703130746,-0.06044466294,1.027696812,1004
1004,10.04,-0.8123048997,NORMAL,0.7709927053,-0.06044466294,1.027696812,1005
1005,10.05,0.4276588187,NORMAL,0.7807321726,-0.06737906695,1.031002902,1006
1006,10.06,0.5621139336,NORMAL,1.034392704,-0.06044466294,1.030204318,1007
1007,10.07,-0.9062061962,NORMAL,1.319503621,-0.06044466294,1.030204318,1008
1008,10.08,-1.021006184,NORMAL,1.319503621,-0.06044466294,1.030204318,1009
1009,10.09,-0.9607371655,NORMAL,1.034392704,-0.06737906695,1.033925434,1010
1010,10.1,-0.5028402863,NORMAL,1.026574848,-0.06737906695,1.036791888,1011
1011,10.11,-1.085292133,NORMAL,1.026574848,-0.07055405392,1.037970159,1012
1012,10.12,0.1891091269,NORMAL,0.7617001352,-0.0714810148,1.040892691,1013
1013,10.13,0.8215334172,NORMAL,0.857040768,-0.07055405392,1.040892691,1014
1014,10.14,0.004074245675,NORMAL,0.7513604883,-0.07055405392,1.040892691,1015
1015,10.15,-1.09142874,NORMAL,0.987709959,-0.06737906695,1.036791888,1016
1016,10.16,0.4509613673,NORMAL,0.4999464601,-0.06737906695,1.036791888,1017
1017,10.17,0.9356957052,NORMAL,0.9587491051,-0.06044466294,1.03900005,1018
1018,10.18,0.2551209909,NORMAL,0.4964485075,-0.06044466294,1.03900005,1019
1019,10.19,-0.4242081922,NORMAL,0.7491864492,-0.06044466294,1.03900005,1020
1020,10.2,-0.7924792866,NORMAL,0.7082395432,-0.06044466294,1.033597503,1021
1021,10.21,-1.232166274,NORMAL,1.126567903,-0.06737906695,1.033925434,1022
1022,10.22,-0.001770888737,NORMAL,0.1689657811,-0.06737906695,1.036791888,1023
1023,10.23,1.954425215,NORMAL,1.939239443,-0.06044466294,1.03900005,1024
1024,10.24,-1.509208387,NORMAL,1.394553331,-0.05618833453,1.041925052,1025
1025,10.25,1.123666602,NORMAL,1.132449472,-0.06005678857,1.045277003,1026
1026,10.26,-1.013452143,NORMAL,0.9150382206,-0.05510736047,1.047327598,1027
1027,10.27,0.8814140662,NORMAL,0.9353680464,-0.06005678857,1.045277003,1028
1028,10.28,-0.1968266626,NORMAL,0.940218078,-0.05510736047,1.047327598,1029
1029,10.29,0.6411051468,NORMAL,0.753881665,-0.05510736047,1.041925052,1030
1030,10.3,-1.063082082,NORMAL,0.9684723287,-0.05400650102,1.041925052,1031
1031,10.31,0.3086807244,NORMAL,0.753881665,-0.05510736047,1.041925052,1032
1032,10.32,1.527965392,NORMAL,1.519372962,-0.05510736047,1.041925052,1033
1033,10.33,0.06062925655,NORMAL,0.1909315427,-0.05400650102,1.041925052,1034
1034,10.34,1.182610991,NORMAL,1.18934171,-0.05400650102,1.039749537,1035
1035,10.35,1.094158812,NORMAL,1.101193064,-0.05320182868,1.041925052,1036
1036,10.36,1.937551141,NORMAL,1.896741694,-0.04891185581,1.047302858,1037
1037,10.37,-1.093081643,NORMAL,0.9940500011,-0.04237213225,1.056998652,1038
1038,10.38,0.8665637604,NORMAL,0.8548839137,-0.04237213225,1.063227273,1039
1039,10.39,0.043723174,NORMAL,0.3465677181,-0.03727773951,1.069251034,1040
1040,10.4,-0.2427890016,NORMAL,0.4494093927,-0.03727773951,1.064551598,1041
1041,10.41,-0.2942111038,NORMAL,0.4502893274,-0.04237213225,1.056998652,1042
1042,10.42,-1.287185353,NORMAL,1.180818976,-0.04237213225,1.054194797,1043
1043,10.43,-1.619454568,NORMAL,1.492038266,-0.04237213225,1.056998652,1044
1044,10.44,-1.823827023,NORMAL,1.69474871,-0.04891185581,1.047302858,1045
1045,10.45,-0.2553703386,NORMAL,0.3350412525,-0.05320182868,1.047327598,1046
1046,10.46,-0.3774987733,NORMAL,0.3088740073,-0.05400650102,1.047327598,1047
1047,10.47,-0.5245837043,NORMAL,0.4505855223,-0.05510736047,1.041925052,1048
1048,10.48,0.9629809492,NORMAL,0.9827672602,-0.06005678857,1.040976617,1049
1049,10.49,-0.3474219803,NORMAL,0.2749177404,-0.06005678857,1.045277003,1050
1050,10.5,1.033739737,NORMAL,1.052727744,-0.06737906695,1.045967307,1051
1051,10.51,1.297328885,NORMAL,1.301677936,-0.06737906695,1.048422128,1052
1052,10.52,-0.2708038746,NORMAL,0.2006744234,-0.06005678857,1.050194053,1053
1053,10.53,0.3111030085,NORMAL,0.3618488578,-0.06737906695,1.045967307,1054
1054,10.54,-0.3817269785,NORMAL,0.3880614995,-0.06737906695,1.04138825,1055
1055,10.55,-0.7684582371,NORMAL,0.6762004778,-0.06737906695,1.036791888,1056
1056,10.56,-0.9090655724,NORMAL,0.8078377892,-0.07055405392,1.037970159,1057
1057,10.57,-0.04723466438,NORMAL,0.6444470931,-0.07055405392,1.040892691,1058
1058,10.58,-0.586929347,NORMAL,0.6721058751,-0.06737906695,1.042454515,1059
1059,10.59,0.5137510497,NORMAL,0.6680698377,-0.06737906695,1.042454515,1060
1060,10.6,-1.083416743,NORMAL,0.9790323056,-0.06005678857,1.045277003,1061
1061,10.61,0.2437878589,NORMAL,0.7867819376,-0.06737906695,1.045967307,1062
1062,10.62,-0.3448708806,NORMAL,0.7867819376,-0.06737906695,1.045967307,1063
1063,10.63,-1.252994438,NORMAL,1.133510926,-0.06737906695,1.045967307,1064
1064,10.64,0.8767696932,NORMAL,0.9055955517,-0.07055405392,1.046078181,1065
1065,10.65,-0.5685133892,NORMAL,0.8417989193,-0.07055405392,1.053129364,1066
1066,10.66,1.605989455,NORMAL,1.591963501,-0.07055405392,1.053129364,1067
1067,10.67,-0.5510109013,NORMAL,0.9311130979,-0.06737906695,1.055370454,1068
1068,10.68,-1.457487139,NORMAL,1.317175469,-0.06737906695,1.055370454,1069
1069,10.69,0.8016225534,NORMAL,1.193059471,-0.06737906695,1.055370454,1070
1070,10.7,0.03088624408,NORMAL,1.086268832,-0.06005678857,1.054294856,1071
1071,10.71,1.394927966,NORMAL,1.372427639,-0.05510736047,1.056547745,1072
1072,10.72,0.5644183258,NORMAL,1.136128576,-0.05400650102,1.058179879,1073
1073,10.73,-2.259441983,NORMAL,2.084178244,-0.05400650102,1.058179879,1074
1074,10.74,0.4477976896,NORMAL,1.251244519,-0.05400650102,1.058179879,1075
1075,10.75,-0.3910544428,NORMAL,1.065923911,-0.05400650102,1.054247159,1076
1076,10.76,0.7965781481,NORMAL,1.047701326,-0.05510736047,1.047327598,1077
1077,10.77,-0.4874240183,NORMAL,0.8519774551,-0.05510736047,1.052615025,1078
1078,10.78,-0.0615347223,NORMAL,1.04263355,-0.06005678857,1.045277003,1079
1079,10.79,-0.04774494252,NORMAL,0.4612169282,-0.05866759123,1.040976617,1080
1080,10.8,0.5022540451,NORMAL,0.5368963128,-0.05510736047,1.038117402,1081
1081,10.81,0.5258064508,NORMAL,0.5610994011,-0.05510736047,1.035313547,1082
1082,10.82,-0.4639976757,NORMAL,0.3959160607,-0.05510736047,1.032770215,1083
1083,10.83,-0.4944686355,NORMAL,0.4254201647,-0.05510736047,1.032770215,1084
1084,10.84,-1.550810937,NORMAL,1.448244299,-0.05510736047,1.032770215,1085
1085,10.85,0.3552115376,NORMAL,0.6150092967,-0.05866759123,1.033597503,1086
1086,10.86,-0.4607703324,NORMAL,0.6181141671,-0.05866759123,1.032771428,1087
1087,10.87,0.0877719611,NORMAL,0.6011015364,-0.06292391963,1.026528572,1088
1088,10.88,-0.9948596642,NORMAL,0.9078517346,-0.06292391963,1.026528572,1089
1089,10.89,0.7848862805,NORMAL,0.824298818,-0.06292391963,1.028522887,1090
1090,10.9,0.549187976,NORMAL,0.5951368738,-0.06292391963,1.028522887,1091
1091,10.91,-0.2787737523,NORMAL,0.2616308943,-0.06292391963,1.026528572,1092
1092,10.92,-0.5051314521,NORMAL,0.42598793,-0.06737906695,1.027616874,1093
1093,10.93,0.2799477076,NORMAL,0.3379924787,-0.06737906695,1.027616874,1094
1094,10.94,-0.5432971672,NORMAL,0.4631279538,-0.06737906695,1.027616874,1095
1095,10.95,-0.2208011948,NORMAL,0.1499299085,-0.06737906695,1.023292346,1096
1096,10.96,-0.1082105447,NORMAL,0.07072552449,-0.07055405392,1.026678374,1097
1097,10.97,-2.083481413,NORMAL,1.962828686,-0.0714810148,1.025051454,1098
1098,10.98,0.1023695028,NORMAL,0.1693329888,-0.0714810148,1.026678374,1099
1099,10.99,0.6985897575,NORMAL,0.7491575074,-0.07055405392,1.026678374,1100
1100,11,-0.05995828451,NORMAL,0.06683269836,-0.06737906695,1.023292346,1101
1101,11.01,-1.788265546,NORMAL,1.683630884,-0.06292391963,1.02477428,1102
1102,11.02,0.457014202,NORMAL,0.5073684339,-0.06292391963,1.02477428,1103
1103,11.03,0.6130457247,NORMAL,0.6596278394,-0.06292391963,1.02477428,1104
1104,11.04,-0.187679937,NORMAL,0.1217399966,-0.06292391963,1.02477428,1105
1105,11.05,1.241126169,NORMAL,1.281245674,-0.06737906695,1.021275827,1106
1106,11.06,-0.5458332367,NORMAL,0.4712348138,-0.06292391963,1.02477428,1107
1107,11.07,-0.5742194447,NORMAL,0.4962815766,-0.06737906695,1.021275827,1108
1108,11.08,-1.419721849,NORMAL,1.32416997,-0.06737906695,1.021275827,1109
1109,11.09,-0.6026065055,NORMAL,0.5240772612,-0.06737906695,1.021275827,1110
1110,11.1,-1.021202118,NORMAL,0.9275678344,-0.07055405392,1.024882525,1111
1111,11.11,0.4123612244,NORMAL,0.5738967084,-0.0714810148,1.025051454,1112
1112,11.12,-0.09601865661,NORMAL,0.5917900592,-0.07055405392,1.024882525,1113
1113,11.13,-0.271807923,NORMAL,0.5929409833,-0.0714810148,1.020965885,1114
1114,11.14,1.139434203,NORMAL,1.188894313,-0.07527156995,1.021710475,1115
1115,11.15,0.4090446658,NORMAL,0.5770311495,-0.07527156995,1.021710475,1116
1116,11.16,0.00930934592,NORMAL,0.3268795329,-0.07527156995,1.021710475,1117
1117,11.17,0.02044456142,NORMAL,0.1290097474,-0.07527156995,1.021710475,1118
1118,11.18,-1.062282542,NORMAL,0.9674907173,-0.07527156995,1.020176167,1119
1119,11.19,0.7403157016,NORMAL,0.8047629243,-0.07867286385,1.01767681,1120
1120,11.2,0.006047202987,NORMAL,0.1298775236,-0.07527156995,1.020176167,1121
1121,11.21,-0.151970095,NORMAL,0.07518164754,-0.07527156995,1.020176167,1122
1122,11.22,0.4317096995,NORMAL,0.4969546297,-0.07527156995,1.020176167,1123
1123,11.23,-0.6794443919,NORMAL,0.5983357964,-0.0714810148,1.016090598,1124
1124,11.24,-1.51672156,NORMAL,1.422354019,-0.0714810148,1.016090598,1125
1125,11.25,1.660191031,NORMAL,1.70424965,-0.0714810148,1.016090598,1126
1126,11.26,-0.2186983264,NORMAL,0.1441941536,-0.0714810148,1.020965885,1127
1127,11.27,-0.9776441511,NORMAL,0.8918133267,-0.0714810148,1.016090598,1128
1128,11.28,-0.2905592777,NORMAL,0.2107130279,-0.07527156995,1.021710475,1129
1129,11.29,-0.0634142263,NORMAL,0.2069822729,-0.07867286385,1.01767681,1130
1130,11.3,0.625526322,NORMAL,0.6950894561,-0.07867286385,1.013105838,1131
1131,11.31,-0.08136633868,NORMAL,0.01892541395,-0.07527156995,1.014450567,1132
1132,11.32,-1.073574695,NORMAL,0.9843793633,-0.07867286385,1.010689443,1133
1133,11.33,-1.129215737,NORMAL,1.036139927,-0.08023393259,1.012393961,1134
1134,11.34,0.3820237429,NORMAL,0.4573991923,-0.08235555101,1.015260415,1135
1135,11.35,1.087850283,NORMAL,1.152616429,-0.08235555101,1.015260415,1136
1136,11.36,1.151682749,NORMAL,1.214426054,-0.08235555101,1.016149395,1137
1137,11.37,-0.5162528663,NORMAL,0.4277651669,-0.08023393259,1.019295089,1138
1138,11.38,0.5248351909,NORMAL,0.5955567175,-0.08023393259,1.015972292,1139
1139,11.39,-0.5495385866,NORMAL,0.4658856643,-0.07867286385,1.010689443,1140
1140,11.4,0.2516986847,NORMAL,0.329628051,-0.08023393259,1.006991414,1141
1141,11.41,0.02408192525,NORMAL,0.1024291477,-0.07867286385,1.003179187,1142
1142,11.42,-0.6110551613,NORMAL,0.533549322,-0.07527156995,1.004187559,1143
1143,11.43,-1.036271519,NORMAL,0.9647484203,-0.07867286385,0.992588985,1144
1144,11.44,0.5732864118,NORMAL,0.6517146664,-0.07867286385,1.000375332,1145
1145,11.45,-2.168522535,NORMAL,2.105453216,-0.07867286385,0.992588985,1146
1146,11.46,-0.06900709601,NORMAL,0.2263899663,-0.07867286385,0.992588985,1147
1147,11.47,0.4565120637,NORMAL,0.5444918993,-0.07867286385,0.982907052,1148
1148,11.48,0.6158910792,NORMAL,0.7031821043,-0.07527156995,0.982907052,1149
1149,11.49,-0.575415682,NORMAL,0.5103458184,-0.0714810148,0.9874376336,1150
1150,11.5,1.215185848,NORMAL,1.312898728,-0.07527156995,0.982907052,1151
1151,11.51,0.2810152369,NORMAL,0.356980775,-0.0714810148,0.9874376336,1152
1152,11.52,-0.8316176579,NORMAL,0.7700161409,-0.07055405392,0.9883735724,1153
1153,11.53,-2.305091606,NORMAL,2.262027003,-0.0714810148,0.9874376336,1154
1154,11.54,0.8497339732,NORMAL,0.9329348575,-0.0714810148,0.9874376336,1155
1155,11.55,-0.7307504844,NORMAL,0.6612683516,-0.07055405392,0.9983789923,1156
1156,11.56,-0.1795616949,NORMAL,0.1102898796,-0.07055405392,0.9883739234,1157
1157,11.57,0.9083835359,NORMAL,1.002488137,-0.0714810148,0.9774325647,1158
1158,11.58,0.2053270956,NORMAL,0.2818545272,-0.07055405392,0.9788068769,1159
1159,11.59,0.6141775361,NORMAL,0.699557396,-0.07055405392,0.9788068769,1160
1160,11.6,0.5073006633,NORMAL,0.5903664255,-0.07055405392,0.9788068769,1161
1161,11.61,-0.5138195302,NORMAL,0.844881943,-0.06972605647,0.9729016321,1162
1162,11.62,-0.7398697497,NORMAL,0.844881943,-0.07055405392,0.9729016321,1163
1163,11.63,0.4193136793,NORMAL,0.5044648687,-0.0714810148,0.9729016321,1164
1164,11.64,1.926131679,NORMAL,2.052299705,-0.07055405392,0.9729016321,1165
1165,11.65,-1.087668465,NORMAL,1.330085859,-0.06972605647,0.9800344659,1166
1166,11.66,0.422887117,NORMAL,1.349012938,-0.07055405392,0.9788068769,1167
1167,11.67,-0.0727466197,NORMAL,1.351022741,-0.06972605647,0.9729016321,1168
1168,11.68,2.286402074,NORMAL,2.453176311,-0.07055405392,0.9607773064,1169
1169,11.69,-0.03879849685,NORMAL,0.844881943,-0.07055405392,0.9607773064,1170
1170,11.7,0.9436906462,NORMAL,1.069655826,-0.06972605647,0.9474231602,1171
1171,11.71,-0.4014483896,NORMAL,0.8517055191,-0.06666010649,0.9474231602,1172
1172,11.72,-0.4333025897,NORMAL,0.8648299456,-0.06666010649,0.9446236465,1173
1173,11.73,0.9592735637,NORMAL,1.093692345,-0.06972605647,0.940849248,1174
1174,11.74,0.1381956151,NORMAL,0.7159569549,-0.06666010649,0.9446236465,1175
1175,11.75,-1.846527939,NORMAL,1.894663036,-0.06666010649,0.9394112823,1176
1176,11.76,-0.7674245337,NORMAL,1.156059494,-0.06972605647,0.9394112823,1177
1177,11.77,0.1106791638,NORMAL,0.5848325844,-0.07055405392,0.939141002,1178
1178,11.78,1.241961434,NORMAL,1.397570211,-0.07055405392,0.939141002,1179
1179,11.79,-0.06498726797,NORMAL,1.1703386,-0.07055405392,0.939141002,1180
1180,11.8,-1.724399681,NORMAL,1.761394243,-0.06972605647,0.9394112823,1181
1181,11.81,2.03542632,NORMAL,2.238382375,-0.07055405392,0.940849248,1182
1182,11.82,0.4615667842,NORMAL,0.949182465,-0.07055405392,0.940849248,1183
1183,11.83,1.173275621,NORMAL,1.321148611,-0.06972605647,0.940849248,1184
1184,11.84,-2.256330629,NORMAL,2.307949251,-0.06972605647,0.9474231602,1185
1185,11.85,1.812458805,NORMAL,1.95988482,-0.07055405392,0.9607773064,1186
1186,11.86,0.4633708246,NORMAL,1.154594242,-0.07055405392,0.9607773064,1187
1187,11.87,-1.060869528,NORMAL,1.150232075,-0.06972605647,0.9474231602,1188
1188,11.88,0.5912285287,NORMAL,1.154594242,-0.07055405392,0.9479839623,1189
1189,11.89,-0.1791218341,NORMAL,1.81522382,-0.07055405392,0.9479839623,1190
1190,11.9,0.7859691431,NORMAL,1.168753948,-0.0714810148,0.9410761164,1191
1191,11.91,-0.1736165295,NORMAL,1.656570316,-0.07055405392,0.9479839623,1192
1192,11.92,1.116101554,NORMAL,1.25093192,-0.0714810148,0.9493582746,1193
1193,11.93,0.2290801624,NORMAL,0.9444658012,-0.0714810148,0.9493582746,1194
1194,11.94,0.3500734302,NORMAL,1.235836831,-0.0714810148,0.9410761164,1195
1195,11.95,0.8514092118,NORMAL,1.731728781,-0.0714810148,0.939141002,1196
1196,11.96,0.9920307255,NORMAL,1.749027154,-0.07055405392,0.939141002,1197
1197,11.97,0.8515227463,NORMAL,1.749027154,-0.07055405392,0.939141002,1198
1198,11.98,-0.1776622356,NORMAL,2.20471974,-0.06972605647,0.9394112823,1199
1199,11.99,0.1092663606,NORMAL,1.748568193,-0.06972605647,0.9377030363,1200
1200,12,-0.5757841809,NORMAL,1.736838929,-0.06699718199,0.9344283859,1201
1201,12.01,0.4937735459,NORMAL,1.216013885,-0.06699718199,0.9344283859,1202
1202,12.02,0.1299916471,NORMAL,1.7194269,-0.06699718199,0.9320393602,1203
1203,12.03,1.053056393,NORMAL,1.216013885,-0.06699718199,0.9320393602,1204
1204,12.04,0.6936829326,NORMAL,1.713144833,-0.06465019247,0.9337476061,1205
1205,12.05,2.360675379,NORMAL,2.597410216,-0.06465019247,0.9337476061,1206
1206,12.06,-1.867532496,NORMAL,2.258630421,-0.06386367164,0.9403215183,1207
1207,12.07,-2.008681337,NORMAL,2.241990412,-0.06386367164,0.9459851945,1208
1208,12.08,-0.6324994769,NORMAL,2.23853899,-0.06386367164,0.9474231602,1209
1209,12.09,-0.09386481714,NORMAL,2.226476288,-0.06386367164,0.9474231602,1210
1210,12.1,0.2859216103,NORMAL,2.23853899,-0.06465019247,0.9403215183,1211
1211,12.11,0.711136104,NORMAL,1.812851717,-0.06386367164,0.9403215183,1212
1212,12.12,-1.019542418,NORMAL,2.233663763,-0.06386367164,0.9403215183,1213
1213,12.13,0.2277204335,NORMAL,2.226476288,-0.06465019247,0.9474231602,1214
1214,12.14,-1.976432389,NORMAL,2.017875725,-0.06465019247,0.9474231602,1215
1215,12.15,0.4748174341,NORMAL,1.531266426,-0.06465019247,0.9474231602,1216
1216,12.16,-0.2125003649,NORMAL,1.524179431,-0.06386367164,0.9474231602,1217
1217,12.17,0.5803520782,NORMAL,1.524179431,-0.06386367164,0.9403215183,1218
1218,12.18,-0.276984599,NORMAL,1.512708156,-0.06386367164,0.9474231602,1219
1219,12.19,-2.406105904,NORMAL,2.471393787,-0.06465019247,0.9474231602,1220
1220,12.2,1.356366338,NORMAL,1.494167084,-0.06465019247,0.951042588,1221
1221,12.21,1.193504493,NORMAL,1.358133444,-0.06386367164,0.9498764922,1222
1222,12.22,1.13308137,NORMAL,1.492565511,-0.06386367164,0.9560959241,1223
1223,12.23,-1.132828075,NORMAL,1.473965121,-0.06386367164,0.9641586369,1224
1224,12.24,0.2058086161,NORMAL,1.492565511,-0.06386367164,0.9641586369,1225
1225,12.25,-0.2296175654,NORMAL,1.343214911,-0.06386367164,0.9641586369,1226
1226,12.26,0.858015899,NORMAL,1.307225555,-0.06465019247,0.9572620199,1227
1227,12.27,-0.2689352876,NORMAL,1.32276187,-0.06386367164,0.9560959241,1228
1228,12.28,-2.214738262,NORMAL,2.260769493,-0.06465019247,0.951042588,1229
1229,12.29,-0.2658278696,NORMAL,0.8537872756,-0.06465019247,0.9572620199,1230
1230,12.3,0.8195546663,NORMAL,0.9297216233,-0.06465019247,0.951042588,1231
1231,12.31,0.5788906485,NORMAL,0.8653738591,-0.06465019247,0.951042588,1232
1232,12.32,1.282078529,NORMAL,1.417670021,-0.06465019247,0.9499592302,1233
1233,12.33,-0.3447161782,NORMAL,1.3274474,-0.06386367164,0.9540309129,1234
1234,12.34,-2.184019295,NORMAL,2.218776947,-0.06465019247,0.9551970087,1235
1235,12.35,-1.537562606,NORMAL,1.527373862,-0.06465019247,0.9643430793,1236
1236,12.36,0.5716860279,NORMAL,0.6493341422,-0.06465019247,0.9799826915,1237
1237,12.37,-1.007801289,NORMAL,0.9624160757,-0.06465019247,0.9799826915,1238
1238,12.38,0.4254705287,NORMAL,0.7252155106,-0.06465019247,0.9799826915,1239
1239,12.39,-0.4575939264,NORMAL,0.4056088458,-0.06386367164,0.9796305772,1240
1240,12.4,0.4998235574,NORMAL,0.575407957,-0.06386367164,0.9796305772,1241
1241,12.41,-0.2873081137,NORMAL,0.5238539238,-0.0624744743,0.9775709532,1242
1242,12.42,0.1555241839,NORMAL,0.2676526477,-0.06386367164,0.9796305772,1243
1243,12.43,-1.090526134,NORMAL,1.048009817,-0.06386367164,0.9796305772,1244
1244,12.44,-0.09834684458,NORMAL,0.6949813079,-0.06465019247,0.9875599419,1245
1245,12.45,-0.6351168535,NORMAL,0.5797241895,-0.06699718199,0.9799826915,1246
1246,12.46,-2.518115597,NORMAL,2.519259964,-0.06972605647,0.9718685552,1247
1247,12.47,0.4646387734,NORMAL,0.6843431757,-0.07055405392,0.9719199787,1248
1248,12.48,-1.363640636,NORMAL,1.33044552,-0.07055405392,0.9719199787,1249
1249,12.49,-0.1967774179,NORMAL,0.806140372,-0.07055405392,0.9719199787,1250
1250,12.5,0.9946451071,NORMAL,1.104422656,-0.0714810148,0.9653243859,1251
1251,12.51,0.9686226238,NORMAL,1.077465414,-0.0714810148,0.9653243859,1252
1252,12.52,1.377243511,NORMAL,1.490580045,-0.0714810148,0.9719199787,1253
1253,12.53,-0.3015195663,NORMAL,0.3500926172,-0.07055405392,0.9719199787,1254
1254,12.54,0.2872961251,NORMAL,0.6521379046,-0.07055405392,0.9719199787,1255
1255,12.55,0.5422235136,NORMAL,0.6521379046,-0.07055405392,0.9639500736,1256
1256,12.56,-0.9662336493,NORMAL,0.9312212057,-0.06972605647,0.9627224846,1257
1257,12.57,0.4086211743,NORMAL,0.649422473,-0.07055405392,0.9719199787,1258
1258,12.58,-0.6333236683,NORMAL,0.5854206387,-0.06972605647,0.9627224846,1259
1259,12.59,0.5119858353,NORMAL,0.7433662802,-0.06972605647,0.9574847062,1260
1260,12.6,-0.225724325,NORMAL,0.3638814181,-0.06972605647,0.9521439209,1261
1261,12.61,0.5666698223,NORMAL,0.6730307278,-0.07055405392,0.9467975977,1262
1262,12.62,1.737526854,NORMAL,1.906319997,-0.07055405392,0.9484666321,1263
1263,12.63,0.5968088202,NORMAL,0.7036229337,-0.07055405392,0.9484666321,1264
1264,12.64,-1.117062834,NORMAL,1.103369107,-0.07055405392,0.9484666321,1265
1265,12.65,0.7462568315,NORMAL,0.8611909558,-0.07055405392,0.9484666321,1266
1266,12.66,-1.032207978,NORMAL,1.016091902,-0.06972605647,0.9472390431,1267
1267,12.67,-0.3906746612,NORMAL,0.4495891905,-0.07055405392,0.9533715099,1268
1268,12.68,0.8272965705,NORMAL,0.9466338552,-0.07055405392,0.9484666321,1269
1269,12.69,0.8788173129,NORMAL,0.9962184797,-0.06972605647,0.9521439209,1270
1270,12.7,1.825118405,NORMAL,1.995696019,-0.06699718199,0.9480980916,1271
1271,12.71,0.200513101,NORMAL,1.329149818,-0.06699718199,0.9480980916,1272
1272,12.72,1.415297361,NORMAL,1.566714647,-0.06465019247,0.9446184449,1273
1273,12.73,0.9972032484,NORMAL,1.433439981,-0.06386367164,0.9434523491,1274
1274,12.74,2.198223825,NORMAL,2.384173551,-0.06386367164,0.9487931344,1275
1275,12.75,-0.7244686527,NORMAL,2.322017152,-0.0624744743,0.9519712889,1276
1276,12.76,1.260063286,NORMAL,2.309010136,-0.0624744743,0.9611173595,1277
1277,12.77,-0.3581542825,NORMAL,2.561952136,-0.0624744743,0.9611173595,1278
1278,12.78,-1.230582694,NORMAL,2.580712546,-0.06386367164,0.9540309129,1279
1279,12.79,0.7206790379,NORMAL,2.562940014,-0.06386367164,0.9631769835,1280
1280,12.8,0.01781641416,NORMAL,2.759584742,-0.06386367164,0.9631769835,1281
1281,12.81,1.117854988,NORMAL,2.740951149,-0.06386367164,0.9631769835,1282
1282,12.82,1.192431618,NORMAL,2.865933866,-0.0624744743,0.9733167424,1283
1283,12.83,-2.139778736,NORMAL,2.86578648,-0.0607465034,0.9707548527,1284
1284,12.84,-1.06962977,NORMAL,2.74004777,-0.0607465034,0.9707548527,1285
1285,12.85,-0.9355912062,NORMAL,2.417547617,-0.0607465034,0.9791457337,1286
1286,12.86,1.329401072,NORMAL,2.417547617,-0.0607465034,0.9837172015,1287
1287,12.87,-0.2591743723,NORMAL,2.723815013,-0.0607465034,0.9886911804,1288
1288,12.88,0.48699942,NORMAL,2.429260753,-0.0607465034,0.9837172015,1289
1289,12.89,0.8591891131,NORMAL,2.611850928,-0.0607465034,0.9791457337,1290
1290,12.9,-1.314825758,NORMAL,2.795514615,-0.0607465034,0.9837172015,1291
1291,12.91,-1.152637891,NORMAL,2.796164228,-0.0624744743,0.9883739234,1292
1292,12.92,0.08931710709,NORMAL,2.737913586,-0.0624744743,0.9961561298,1293
1293,12.93,0.05021582841,NORMAL,2.757030253,-0.0607465034,0.9886911804,1294
1294,12.94,0.09453821293,NORMAL,1.899794626,-0.0563816003,0.991499408,1295
1295,12.95,0.798100438,NORMAL,0.9869837647,-0.0563816003,0.9837172015,1296
1296,12.96,-0.1778000416,NORMAL,0.9794282932,-0.05027492931,0.9842782134,1297
1297,12.97,0.005247150421,NORMAL,0.9763387782,-0.0563816003,0.991499408,1298
1298,12.98,0.5910693676,NORMAL,0.7205015538,-0.0563816003,0.9837172015,1299
1299,12.99,0.13063206,NORMAL,0.9781623442,-0.0563816003,0.9837172015,1300
1300,13,-0.03121051526,NORMAL,1.074229617,-0.0563816003,0.9726743283,1301
1301,13.01,-0.4558243579,NORMAL,0.8277930469,-0.0563816003,0.9726743283,1302
1302,13.02,-1.400889634,NORMAL,1.382279757,-0.0563816003,0.9726743283,1303
1303,13.03,0.05510233135,NORMAL,0.6016882421,-0.0563816003,0.9837172015,1304
1304,13.04,0.7888536553,NORMAL,0.868980738,-0.0563816003,0.9726743283,1305
1305,13.05,0.5388434145,NORMAL,0.6050773677,-0.0563816003,0.9837172015,1306
1306,13.06,-0.8770621336,NORMAL,0.8342646973,-0.0563816003,0.9837172015,1307
1307,13.07,0.6505360248,NORMAL,0.7186187494,-0.0563816003,0.9837172015,1308
1308,13.08,-1.226953868,NORMAL,1.18994795,-0.0563816003,0.9837172015,1309
1309,13.09,0.5726120138,NORMAL,0.634386273,-0.0563816003,0.991499408,1310
1310,13.1,0.387907135,NORMAL,0.5200346204,-0.05027492931,0.9756569952,1311
1311,13.11,0.9592421455,NORMAL,1.049235044,-0.04748980345,0.9594913503,1312
1312,13.12,-0.2924208412,NORMAL,0.5984886529,-0.04348006667,0.9655829318,1313
1313,13.13,0.3269915464,NORMAL,0.6010881355,-0.04748980345,0.9594913503,1314
1314,13.14,1.288097613,NORMAL,1.399661666,-0.04348006667,0.9513568259,1315
1315,13.15,-0.05463488072,NORMAL,0.5935685588,-0.04348006667,0.9513568259,1316
1316,13.16,-1.779162861,NORMAL,1.828163228,-0.04748980345,0.9472201558,1317
1317,13.17,-1.373479211,NORMAL,1.391418518,-0.05027492931,0.9509750407,1318
1318,13.18,-1.148438973,NORMAL,1.149633483,-0.05027492931,0.955229697,1319
1319,13.19,-0.7716759773,NORMAL,0.7411327151,-0.05371989841,0.9687280891,1320
1320,13.2,-1.209324383,NORMAL,1.182742583,-0.05729658262,0.9740308811,1321
1321,13.21,0.7963264097,NORMAL,0.8677524302,-0.05729658262,0.9837172015,1322
1322,13.22,0.3550177348,NORMAL,0.4167541041,-0.05371989841,0.9807645064,1323
1323,13.23,-0.6912758683,NORMAL,0.6569941508,-0.05027492931,0.9756569952,1324
1324,13.24,-0.7881093422,NORMAL,0.7487928438,-0.05371989841,0.9807645064,1325
1325,13.25,1.290952345,NORMAL,1.359098085,-0.05371989841,0.9893857246,1326
1326,13.26,-1.0096523,NORMAL,0.9726171467,-0.05027492931,0.9863874747,1327
1327,13.27,-1.020288306,NORMAL,0.9777861218,-0.05027492931,0.9920506694,1328
1328,13.28,0.00693480237,NORMAL,0.05732818594,-0.05027492931,0.9979337519,1329
1329,13.29,0.1440992635,NORMAL,0.1959317188,-0.05027492931,0.9920506694,1330
1330,13.3,0.2961373117,NORMAL,0.3498337796,-0.04748980345,0.9822582471,1331
1331,13.31,0.01827847255,NORMAL,0.1576633677,-0.04348006667,0.9763134113,1332
1332,13.32,-0.7336107989,NORMAL,0.7157794825,-0.03926198291,0.9700596804,1333
1333,13.33,1.147213658,NORMAL,1.215996541,-0.03926198291,0.9757228751,1334
1334,13.34,-0.519412281,NORMAL,0.4966788099,-0.03500450606,0.9752938224,1335
1335,13.35,-1.531963847,NORMAL,1.52984203,-0.03926198291,0.9757228751,1336
1336,13.36,-2.008260687,NORMAL,2.000842594,-0.04348006667,0.9819766061,1337
1337,13.37,-1.386275364,NORMAL,1.359297594,-0.04348006667,0.9878596885,1338
1338,13.38,-2.045352925,NORMAL,2.010317998,-0.04748980345,0.9938045243,1339
1339,13.39,-1.534233744,NORMAL,1.670702046,-0.04748980345,0.9938045243,1340
1340,13.4,-1.577539839,NORMAL,2.592574914,-0.04748980345,0.9965541845,1341
1341,13.41,0.1916405747,NORMAL,2.586900795,-0.04748980345,0.9993885752,1342
1342,13.42,1.658023207,NORMAL,2.693197087,-0.04348006667,0.9906093488,1343
1343,13.43,-0.1543885616,NORMAL,2.700813016,-0.04348006667,0.9906093488,1344
1344,13.44,-1.332369105,NORMAL,2.693197087,-0.04748980345,0.9965541845,1345
1345,13.45,1.102043507,NORMAL,3.090711088,-0.05027492931,0.9994917517,1346
1346,13.46,0.1144615163,NORMAL,3.202632427,-0.04748980345,0.9965541845,1347
1347,13.47,0.7407481769,NORMAL,3.311252579,-0.04348006667,0.9906093488,1348
1348,13.48,-1.824111186,NORMAL,3.311252579,-0.03926198291,0.9871900085,1349
1349,13.49,-0.8631271108,NORMAL,3.186153125,-0.04348006667,1.002326142,1350
1350,13.5,0.3650415836,NORMAL,3.072673085,-0.04748980345,1.008345564,1351
1351,13.51,0.5709048138,NORMAL,2.586900795,-0.04348006667,1.002326142,1352
1352,13.52,-0.2313553356,NORMAL,1.361316055,-0.03926198291,0.9967620244,1353
1353,13.53,0.0993940061,NORMAL,0.6840561677,-0.04348006667,1.002326142,1354
1354,13.54,-0.04255891211,NORMAL,0.6840561677,-0.04348006667,0.9934437395,1355
1355,13.55,-0.05042138218,NORMAL,0.6881806573,-0.04489678825,0.9927097802,1356
1356,13.56,-0.3431495084,NORMAL,0.2971263063,-0.04748980345,0.9950640473,1357
1357,13.57,1.016465786,NORMAL,1.076003662,-0.04908316235,0.9902837557,1358
1358,13.58,-0.2246542248,NORMAL,0.2623054459,-0.04748980345,0.9950640473,1359
1359,13.59,-0.164956963,NORMAL,0.2623054459,-0.04748980345,0.9879214418,1360
1360,13.6,-1.69465019,NORMAL,1.676911741,-0.04748980345,0.9822582471,1361
1361,13.61,0.4652617494,NORMAL,0.5193914459,-0.04908316235,0.9902837557,1362
1362,13.62,-1.064087798,NORMAL,1.029027159,-0.04748980345,0.9879214418,1363
1363,13.63,0.6291070055,NORMAL,0.7208820799,-0.04748980345,0.9879214418,1364
1364,13.64,-1.701563799,NORMAL,1.67134199,-0.04489678825,0.991219643,1365
1365,13.65,0.1562784079,NORMAL,0.7942681164,-0.04489678825,0.9955441709,1366
1366,13.66,0.0263882628,NORMAL,0.8541061451,-0.04114219054,0.9899776043,1367
1367,13.67,0.2681497693,NORMAL,0.6994484026,-0.03926198291,0.9828654806,1368
1368,13.68,-0.6227754403,NORMAL,0.5936859814,-0.03926198291,0.9828654806,1369
1369,13.69,0.9082935379,NORMAL,0.9702867333,-0.04114219054,0.9785104709,1370
1370,13.7,-0.1573036118,NORMAL,0.1178522383,-0.04114219054,0.9856530764,1371
1371,13.71,0.3504337424,NORMAL,0.4001755163,-0.04114219054,0.9785104709,1372
1372,13.72,0.9725711488,NORMAL,1.043062764,-0.03926198291,0.9700596804,1373
1373,13.73,-1.203349461,NORMAL,1.205718791,-0.03500450606,0.9690028582,1374
1374,13.74,-0.5668140671,NORMAL,0.543834668,-0.03926198291,0.9700596804,1375
1375,13.75,-0.09323007863,NORMAL,0.05354169083,-0.04114219054,0.9728472762,1376
1376,13.76,-0.9150111311,NORMAL,0.8912324693,-0.04489678825,0.9763045814,1377
1377,13.77,-1.538119246,NORMAL,1.520819247,-0.04748980345,0.9801489858,1378
1378,13.78,-0.8901695698,NORMAL,0.8560577448,-0.04908316235,0.9825112997,1379
1379,13.79,0.03198695886,NORMAL,0.3431875168,-0.05252813145,0.9876188109,1380
1380,13.8,-0.5530257625,NORMAL,0.5067720719,-0.05252813145,0.9876188109,1381
1381,13.81,-0.02956553386,NORMAL,0.3397307243,-0.05252813145,0.9789975927,1382
1382,13.82,0.2221290025,NORMAL,0.2805493456,-0.05252813145,0.9789975927,1383
1383,13.83,-0.285514982,NORMAL,0.2379851108,-0.05252813145,0.9789975927,1384
1384,13.84,-0.772588807,NORMAL,0.7271319676,-0.05729658262,0.9837172015,1385
1385,13.85,-0.9631282342,NORMAL,0.9208252638,-0.05729658262,0.9837172015,1386
1386,13.86,0.1561037577,NORMAL,0.4836725063,-0.0607465034,0.9837172015,1387
1387,13.87,-0.3246991652,NORMAL,0.505727939,-0.05729658262,0.9740308811,1388
1388,13.88,-0.5341732028,NORMAL,0.6483334243,-0.0607465034,0.9707548527,1389
1389,13.89,-2.222601463,NORMAL,2.226983418,-0.0607465034,0.9707548527,1390
1390,13.9,-0.3492103981,NORMAL,0.9258357195,-0.0607465034,0.9707548527,1391
1391,13.91,0.1739382308,NORMAL,1.14915905,-0.0624744743,0.9690620861,1392
1392,13.92,0.5647548784,NORMAL,1.14915905,-0.0607465034,0.9665001965,1393
1393,13.93,0.1640041801,NORMAL,0.7666959144,-0.05729658262,0.9613853439,1394
1394,13.94,0.7026727837,NORMAL,0.7913533896,-0.05252813145,0.9543156382,1395
1395,13.95,-0.1455073781,NORMAL,0.3389486948,-0.05252813145,0.9543156382,1396
1396,13.96,-0.640403216,NORMAL,0.6160174485,-0.05252813145,0.9543156382,1397
1397,13.97,-0.4839870222,NORMAL,0.4504184019,-0.05729658262,0.9613853439,1398
1398,13.98,-0.6883940306,NORMAL,0.767411536,-0.05729658262,0.9613853439,1399
1399,13.99,0.2360757891,NORMAL,1.162549428,-0.05729658262,0.9533226312,1400
1400,14,-0.4336901298,NORMAL,1.186071971,-0.05252813145,0.9506025234,1401
1401,14.01,0.1980816059,NORMAL,1.188649119,-0.05252813145,0.9448710884,1402
1402,14.02,-1.401148735,NORMAL,1.436521661,-0.04908316235,0.9412079261,1403
1403,14.03,-1.566660285,NORMAL,1.609885759,-0.05252813145,0.9405214904,1404
1404,14.04,0.01208821319,NORMAL,1.605149207,-0.05252813145,0.9405214904,1405
1405,14.05,1.259719097,NORMAL,1.620284443,-0.04908316235,0.9412079261,1406
1406,14.06,0.6328427433,NORMAL,1.372566017,-0.04748980345,0.9418318499,1407
1407,14.07,0.1827476424,NORMAL,1.232301673,-0.04489678825,0.9418318499,1408
1408,14.08,0.6499176465,NORMAL,1.242392818,-0.04114219054,0.9337101176,1409
1409,14.09,0.2293679996,NORMAL,0.8235341053,-0.03926198291,0.9346472464,1410
1410,14.1,-0.8063633272,NORMAL,0.8309055769,-0.03500450606,0.9283351112,1411
1411,14.11,-1.028449388,NORMAL,1.070136064,-0.03500450606,0.9283351112,1412
1412,14.12,-2.079308128,NORMAL,2.182691013,-0.03926198291,0.9346472464,1413
1413,14.13,-0.1649933968,NORMAL,0.8106947618,-0.04114219054,0.9374348422,1414
1414,14.14,-1.335329332,NORMAL,1.380562235,-0.04114219054,0.9374348422,1415
1415,14.15,0.7570807777,NORMAL,1.264078897,-0.04114219054,0.9416894985,1416
1416,14.16,-0.7611876613,NORMAL,0.986797811,-0.03926198291,0.9460865061,1417
1417,14.17,-2.204878321,NORMAL,2.289025711,-0.03926198291,0.9460865061,1418
1418,14.18,0.50359072,NORMAL,0.9652107954,-0.04114219054,0.9460865061,1419
1419,14.19,0.6436880407,NORMAL,0.9735307124,-0.04114219054,0.9416894985,1420
1420,14.2,0.5321248351,NORMAL,0.6087643821,-0.04114219054,0.9416894985,1421
1421,14.21,-0.5413937411,NORMAL,0.5372420024,-0.03926198291,0.9346472464,1422
1422,14.22,-0.3429186991,NORMAL,0.3232014979,-0.04114219054,0.9337101176,1423
1423,14.23,0.9394144321,NORMAL,1.050172429,-0.04114219054,0.9337101176,1424
1424,14.24,-0.6599829197,NORMAL,0.6627760773,-0.04114219054,0.9337101176,1425
1425,14.25,-0.0597867508,NORMAL,0.5430152997,-0.04114219054,0.9337101176,1426
1426,14.26,0.221407862,NORMAL,0.5430152997,-0.04489678825,0.9338871233,1427
1427,14.27,-0.3701059904,NORMAL,0.5662066814,-0.04114219054,0.9257653909,1428
1428,14.28,-0.4786601876,NORMAL,1.030986047,-0.04114219054,0.9257653909,1429
1429,14.29,0.389215389,NORMAL,1.030986047,-0.04114219054,0.9257653909,1430
1430,14.3,0.01648953784,NORMAL,0.3649489099,-0.03926198291,0.919785568,1431
1431,14.31,0.2854186734,NORMAL,0.3463627678,-0.03500450606,0.9251086121,1432
1432,14.32,-0.5268416961,NORMAL,0.5435060781,-0.03038802456,0.913428003,1433
1433,14.33,-1.61246581,NORMAL,1.717485786,-0.03500450606,0.9184712429,1434
1434,14.34,0.4868680374,NORMAL,0.5641202953,-0.03500450606,0.9251086121,1435
1435,14.35,0.06117612145,NORMAL,0.1047181697,-0.03500450606,0.9184712429,1436
1436,14.36,0.5292111266,NORMAL,0.612636299,-0.03038802456,0.913428003,1437
1437,14.37,0.5348312859,NORMAL,0.6187891203,-0.03038802456,0.913428003,1438
1438,14.38,-1.312062667,NORMAL,1.41629974,-0.03038802456,0.9049458996,1439
1439,14.39,0.6162002645,NORMAL,0.7146324652,-0.03500450606,0.911244314,1440
1440,14.4,-1.015438032,NORMAL,1.075928278,-0.03500450606,0.911244314,1441
1441,14.41,0.8064633974,NORMAL,0.9234273295,-0.03500450606,0.911244314,1442
1442,14.42,1.02484979,NORMAL,1.155250125,-0.03038802456,0.913428003,1443
1443,14.43,-0.03770717113,NORMAL,0.0200843672,-0.01939960556,0.9115331037,1444
1444,14.44,-1.112362247,NORMAL,1.195623101,-0.03038802456,0.9049458996,1445
1445,14.45,0.4963456224,NORMAL,0.5820609245,-0.03038802456,0.9049458996,1446
1446,14.46,-3.088134072,NORMAL,3.382976842,-0.03038802456,0.9038625417,1447
1447,14.47,0.2608943699,NORMAL,0.3514147698,-0.03038802456,0.9038625417,1448
1448,14.48,0.9563056682,NORMAL,1.091641314,-0.03038802456,0.9038625417,1449
1449,14.49,0.4735632344,NORMAL,0.8330297608,-0.01939960556,0.9071495706,1450
1450,14.5,3.062988703,NORMAL,3.405300819,-0.0156682113,0.9040778124,1451
1451,14.51,1.06814321,NORMAL,1.304880441,0.001151678469,0.9074259868,1452
1452,14.52,0.1461184817,NORMAL,1.288104304,0.004660698048,0.9028306522,1453
1453,14.53,1.279516557,NORMAL,1.413583761,0.005647176704,0.9011629982,1454
1454,14.54,-0.1114732863,NORMAL,1.226752176,0.006491002678,0.90200201,1455
1455,14.55,0.8914534587,NORMAL,1.226752176,0.006491002678,0.90200201,1456
1456,14.56,-0.5385063163,NORMAL,1.151846591,0.008122074145,0.9013075259,1457
1457,14.57,0.5122520664,NORMAL,1.225377775,0.006491002678,0.90200201,1458
1458,14.58,-1.568343321,NORMAL,1.749588386,0.006491002678,0.9001170426,1459
1459,14.59,0.660245251,NORMAL,1.379632808,0.006491002678,0.90200201,1460
1460,14.6,-0.9422758601,NORMAL,1.776178223,0.006491002678,0.90200201,1461
1461,14.61,0.7574865818,NORMAL,1.796372446,0.005647176704,0.90200201,1462
1462,14.62,-2.10922719,NORMAL,2.342281821,0.006491002678,0.9032722595,1463
1463,14.63,-0.09722076473,NORMAL,1.982270021,0.005647176704,0.9049768089,1464
1464,14.64,-0.2331933735,NORMAL,1.931340914,0.004660698048,0.9049399136,1465
1465,14.65,-1.159598082,NORMAL,1.953282546,0.001151678469,0.9074259868,1466
1466,14.66,-0.002622950426,NORMAL,1.962496329,-0.0156682113,0.9040778124,1467
1467,14.67,-1.067446777,NORMAL,1.176445233,-0.01609424214,0.9002987539,1468
1468,14.68,-0.7505898453,NORMAL,1.159862037,-0.01609424214,0.9045534102,1469
1469,14.69,-0.004907535405,NORMAL,0.5191288565,-0.03038802456,0.9049458996,1470
1470,14.7,-0.0315886162,NORMAL,0.1301004685,-0.01723653463,0.9112862407,1471
1471,14.71,0.3089041352,NORMAL,0.3578904797,-0.01723653463,0.9112862407,1472
1472,14.72,-1.420748199,NORMAL,1.57504891,-0.003765242916,0.8996437804,1473
1473,14.73,-2.002148325,NORMAL,2.221304839,-0.003765242916,0.8996437804,1474
1474,14.74,-0.267369708,NORMAL,0.2930098233,-0.003765242916,0.8996437804,1475
1475,14.75,-0.3888205555,NORMAL,0.430390343,-0.003765242916,0.8946653169,1476
1476,14.76,0.226757744,NORMAL,0.322936414,-0.01723653463,0.9019923168,1477
1477,14.77,1.445801869,NORMAL,1.625917708,-0.01723653463,0.8998231561,1478
1478,14.78,-0.4519886792,NORMAL,0.5041165633,-0.003765242916,0.889126581,1479
1479,14.79,1.092447234,NORMAL,1.238672287,-0.003765242916,0.8849899109,1480
1480,14.8,-1.014164241,NORMAL,1.14482515,-0.002196919582,0.8839492397,1481
1481,14.81,-0.8636237836,NORMAL,0.967082257,-0.003765242916,0.889126581,1482
1482,14.82,-0.5159327332,NORMAL,0.5542157869,-0.01723653463,0.8998231561,1483
1483,14.83,-1.374172494,NORMAL,1.502261341,-0.03038802456,0.8945077881,1484
1484,14.84,1.188835662,NORMAL,1.361858275,-0.03139956573,0.8960074991,1485
1485,14.85,0.199022104,NORMAL,1.28248695,-0.03038802456,0.8957893406,1486
1486,14.86,0.3286531182,NORMAL,1.288563477,-0.01723653463,0.8918784295,1487
1487,14.87,-0.9216676501,NORMAL,1.28248695,-0.01723653463,0.8918784295,1488
1488,14.88,-1.160043581,NORMAL,1.679055973,-0.01723653463,0.8918784295,1489
1489,14.89,-0.4574766321,NORMAL,1.672419413,-0.03038802456,0.8957893406,1490
1490,14.9,1.710148492,NORMAL,2.15280852,-0.03038802456,0.8945077881,1491
1491,14.91,-0.7001750486,NORMAL,1.672419413,-0.03038802456,0.8957893406,1492
1492,14.92,0.7640185244,NORMAL,2.134992397,-0.03139956573,0.8960074991,1493
1493,14.93,0.1471939812,NORMAL,1.665473545,-0.03139956573,0.8960074991,1494
1494,14.94,0.4563711488,NORMAL,1.657622291,-0.03139956573,0.8960074991,1495
1495,14.95,-0.3967150119,NORMAL,1.26327407,-0.03038802456,0.8957893406,1496
1496,14.96,-1.303810607,NORMAL,1.637381436,-0.03139956573,0.8952894093,1497
1497,14.97,-0.5110488765,NORMAL,1.848814717,-0.03464789367,0.8996371054,1498
1498,14.98,0.104908407,NORMAL,1.76834744,-0.03825283399,0.9049817899,1499
1499,14.99,0.483659665,NORMAL,1.846158616,-0.03464789367,0.8985217565,1500
1500,15,11.34564214,ANOMALY,12.67373828,-0.03464789367,0.8979426425,1501
1501,15.01,-0.4999538095,NORMAL,0.5819757302,-0.03139956573,0.894602976,1502
1502,15.02,-1.332499053,NORMAL,1.454837989,-0.03464789367,0.8979426425,1503
1503,15.03,0.3809920512,NORMAL,1.764395995,-0.03825283399,0.9037162426,1504
1504,15.04,-0.6804842264,NORMAL,1.765749825,-0.03825283399,0.8999977294,1505
1505,15.05,0.6920296738,NORMAL,1.743369335,-0.04067870448,0.903594325,1506
1506,15.06,0.7907105125,NORMAL,1.401971653,-0.04067870448,0.9073128382,1507
1507,15.07,2.250889269,NORMAL,2.525664663,-0.04067870448,0.9073128382,1508
1508,15.08,-0.7857617927,NORMAL,0.8259933703,-0.03825283399,0.9049817899,1509
1509,15.09,-0.8154086738,NORMAL,0.8576287258,-0.03825283399,0.9061681546,1510
1510,15.1,-0.5440510059,NORMAL,1.867566858,-0.04067870448,0.9142225554,1511
1511,15.11,-0.1022439918,NORMAL,1.888610563,-0.04067870448,0.9097647502,1512
1512,15.12,2.315525399,NORMAL,2.589904811,-0.04067870448,0.9097647502,1513
1513,15.13,-0.1701200228,NORMAL,1.020277863,-0.04067870448,0.9142225554,1514
1514,15.14,-1.248731338,NORMAL,1.32139885,-0.04067870448,0.9142225554,1515
1515,15.15,-1.848733557,NORMAL,1.959259255,-0.04489678825,0.9206728331,1516
1516,15.16,-0.3513365931,NORMAL,0.4588796959,-0.04489678825,0.9206728331,1517
1517,15.17,0.3060253035,NORMAL,1.073205529,-0.04489678825,0.9160184812,1518
1518,15.18,-0.7053830305,NORMAL,1.073205529,-0.04489678825,0.9160184812,1519
1519,15.19,-0.8934511146,NORMAL,1.619744414,-0.04748980345,0.9245172374,1520
1520,15.2,0.1223483857,NORMAL,1.619744414,-0.04748980345,0.9245172374,1521
1521,15.21,-1.128784874,NORMAL,1.183260063,-0.04489678825,0.9160184812,1522
1522,15.22,0.7145955459,NORMAL,1.074612422,-0.04489678825,0.9160184812,1523
1523,15.23,-1.143771627,NORMAL,1.201133033,-0.04067870448,0.9183769761,1524
1524,15.24,0.09083027458,NORMAL,1.097066122,-0.04067870448,0.9183769761,1525
1525,15.25,-1.399420841,NORMAL,1.479503703,-0.04067870448,0.9183769761,1526
1526,15.26,-0.5598759375,NORMAL,1.646847682,-0.04489678825,0.9206728331,1527
1527,15.27,-1.262664758,NORMAL,2.00743379,-0.04748980345,0.9245172374,1528
1528,15.28,0.3593527296,NORMAL,2.287852139,-0.04748980345,0.9245172374,1529
1529,15.29,-1.904417969,NORMAL,2.008538176,-0.04748980345,0.9245172374,1530
1530,15.3,-0.3402826554,NORMAL,1.852124132,-0.04908316235,0.9268795513,1531
1531,15.31,1.669416882,NORMAL,1.854246732,-0.05252813145,0.9286493448,1532
1532,15.32,1.478916888,NORMAL,1.871202442,-0.04908316235,0.9321173298,1533
1533,15.33,2.203052066,NORMAL,2.420575131,-0.04748980345,0.9297550159,1534
1534,15.34,0.6583324394,NORMAL,1.513795247,-0.04489678825,0.9259106116,1535
1535,15.35,-0.388761295,NORMAL,1.047915774,-0.04489678825,0.9338871233,1536
1536,15.36,2.190476169,NORMAL,2.407049098,-0.04748980345,0.9297550159,1537
1537,15.37,-1.238751132,NORMAL,1.289384017,-0.04489678825,0.9259106116,1538
1538,15.38,0.4187027463,NORMAL,1.487656925,-0.04748980345,0.9297550159,1539
1539,15.39,-0.3749279984,NORMAL,1.513795247,-0.04489678825,0.9206728331,1540
1540,15.4,-0.756688711,NORMAL,1.598069678,-0.04748980345,0.9198628855,1541
1541,15.41,-0.6896324853,NORMAL,1.596088428,-0.04748980345,0.9245172374,1542
1542,15.42,0.5238543559,NORMAL,1.569249406,-0.04908316235,0.9268795513,1543
1543,15.43,-0.7191784095,NORMAL,1.487656925,-0.04748980345,0.9198628855,1544
1544,15.44,-0.5317371437,NORMAL,1.553530266,-0.04908316235,0.9268795513,1545
1545,15.45,0.1770694324,NORMAL,1.643683405,-0.05252813145,0.9273327106,1546
1546,15.46,1.903132899,NORMAL,2.108909788,-0.05252813145,0.9273327106,1547
1547,15.47,-1.909919841,NORMAL,2.002939925,-0.05252813145,0.9273327106,1548
1548,15.48,-0.3337450268,NORMAL,1.498599948,-0.05721081576,0.9318233464,1549
1549,15.49,0.8001020221,NORMAL,1.454915823,-0.05987251765,0.9303788342,1550
1550,15.5,0.4628622531,NORMAL,1.482303739,-0.05721081576,0.9281048332,1551
1551,15.51,1.814879113,NORMAL,2.024942081,-0.05721081576,0.9245152963,1552
1552,15.52,-1.805834542,NORMAL,1.88407997,-0.05721081576,0.9281048332,1553
1553,15.53,1.508796258,NORMAL,1.680583643,-0.05721081576,0.9318233464,1554
1554,15.54,-1.034280391,NORMAL,1.057182956,-0.05252813145,0.9286493448,1555
1555,15.55,-0.7392904257,NORMAL,1.373966219,-0.05252813145,0.9286493448,1556
1556,15.56,-1.083954224,NORMAL,1.373966219,-0.05252813145,0.9286493448,1557
1557,15.57,-0.1405051817,NORMAL,1.490793287,-0.05252813145,0.9286493448,1558
1558,15.58,-1.81111456,NORMAL,1.893703407,-0.05252813145,0.9286493448,1559
1559,15.59,-1.387346209,NORMAL,1.434922771,-0.05252813145,0.9302368771,1560
1560,15.6,-0.3863943069,NORMAL,1.379527151,-0.05252813145,0.9335745948,1561
1561,15.61,0.4451872762,NORMAL,1.483655331,-0.05721081576,0.9342752583,1562
1562,15.62,2.055054906,NORMAL,2.265641246,-0.05252813145,0.9302368771,1563
1563,15.63,1.488746971,NORMAL,1.656863043,-0.05252813145,0.9302368771,1564
1564,15.64,0.8341717507,NORMAL,0.9531979478,-0.05252813145,0.9302368771,1565
1565,15.65,1.903096217,NORMAL,2.090380444,-0.04908316235,0.9338871233,1566
1566,15.66,0.5455632275,NORMAL,0.9023315118,-0.04908316235,0.9353443882,1567
1567,15.67,0.8827031852,NORMAL,0.9919871389,-0.04748980345,0.9377067022,1568
1568,15.68,-0.9125460723,NORMAL,0.9215105564,-0.04489678825,0.9415511065,1569
1569,15.69,-0.9689640592,NORMAL,0.9814308162,-0.04489678825,0.9415511065,1570
1570,15.7,-0.07710379175,NORMAL,0.9392943253,-0.04515192732,0.9426026793,1571
1571,15.71,-0.7114417033,NORMAL,0.954443082,-0.04515192732,0.9426026793,1572
1572,15.72,-1.690253928,NORMAL,1.730341826,-0.04908316235,0.9484662171,1573
1573,15.73,-0.1831504275,NORMAL,0.9392943253,-0.04908316235,0.9484662171,1574
1574,15.74,-0.8523911254,NORMAL,0.8476242033,-0.05252813145,0.9436528485,1575
1575,15.75,-0.1687908794,NORMAL,1.03653667,-0.05252813145,0.9457891548,1576
1576,15.76,0.006236282754,NORMAL,0.6439624175,-0.05252813145,0.9436528485,1577
1577,15.77,0.1729399883,NORMAL,0.5223055969,-0.05252813145,0.9405214904,1578
1578,15.78,-0.4004075873,NORMAL,0.544936132,-0.04908316235,0.9419787554,1579
1579,15.79,-1.012956841,NORMAL,1.024758059,-0.05252813145,0.937224841,1580
1580,15.8,-0.2760199694,NORMAL,0.6439624175,-0.05252813145,0.9405214904,1581
1581,15.81,0.03258950639,NORMAL,0.6468887189,-0.05252813145,0.937224841,1582
1582,15.82,2.175160726,NORMAL,2.386192673,-0.05252813145,0.9335745948,1583
1583,15.83,-0.9937453877,NORMAL,1.004259827,-0.05252813145,0.937224841,1584
1584,15.84,0.2449820419,NORMAL,0.903242808,-0.05721081576,0.9367103007,1585
1585,15.85,-0.9919183265,NORMAL,0.9978618896,-0.05721081576,0.9367103007,1586
1586,15.86,-0.1253557394,NORMAL,0.8991568491,-0.05721081576,0.9367103007,1587
1587,15.87,0.5196406391,NORMAL,0.6184540328,-0.05987251765,0.9370351329,1588
1588,15.88,1.6998943,NORMAL,1.87582555,-0.05721081576,0.9367103007,1589
1589,15.89,-1.775100684,NORMAL,1.833960688,-0.05721081576,0.9367103007,1590
1590,15.9,-0.3937386596,NORMAL,0.4586670884,-0.05721081576,0.9388466071,1591
1591,15.91,-0.2239467633,NORMAL,0.4579524859,-0.05721081576,0.9388466071,1592
1592,15.92,0.2709797801,NORMAL,0.4394204015,-0.05987251765,0.9382214976,1593
1593,15.93,-0.4180052461,NORMAL,0.3817144773,-0.05987251765,0.9382214976,1594
1594,15.94,0.3560549605,NORMAL,0.4439754853,-0.0616862554,0.9409105452,1595
1595,15.95,1.614763199,NORMAL,1.78490444,-0.05987251765,0.9382214976,1596
1596,15.96,-0.7683712542,NORMAL,0.7552885985,-0.05721081576,0.9415744389,1597
1597,15.97,0.6677401246,NORMAL,0.7699348138,-0.05721081576,0.9415744389,1598
1598,15.98,0.310678453,NORMAL,0.6196311455,-0.05721081576,0.9441673888,1599
1599,15.99,0.6682094587,NORMAL,0.7620489054,-0.05252813145,0.9457891548,1600
1600,16,-1.328128533,NORMAL,1.341886193,-0.05252813145,0.9506025234,1601
1601,16.01,0.01704247349,NORMAL,0.6239957401,-0.05252813145,0.9506025234,1602
1602,16.02,-1.735288899,NORMAL,1.779213432,-0.05252813145,0.9457891548,1603
1603,16.03,-0.62892243,NORMAL,0.6022741616,-0.05721081576,0.9492547591,1604
1604,16.04,-2.141873668,NORMAL,2.196104715,-0.05721081576,0.9492547591,1605
1605,16.05,0.6488496672,NORMAL,0.737693173,-0.05721081576,0.9571194487,1606
1606,16.06,-1.400013162,NORMAL,1.397209455,-0.05721081576,0.9610601627,1607
1607,16.07,0.6184735063,NORMAL,0.7029165857,-0.05721081576,0.961258186,1608
1608,16.08,0.899782056,NORMAL,0.9865280929,-0.05252813145,0.965314819,1609
1609,16.09,1.318564895,NORMAL,1.396688305,-0.04649014715,0.9773512362,1610
1610,16.1,-0.04656293353,NORMAL,0.06093320467,-0.04067870448,0.9721601118,1611
1611,16.11,0.3427713873,NORMAL,0.3969355191,-0.04456092282,0.9758066274,1612
1612,16.12,-0.7324399288,NORMAL,0.7066108649,-0.04456092282,0.9734905593,1613
1613,16.13,0.2372474187,NORMAL,0.3516481136,-0.04456092282,0.9758066274,1614
1614,16.14,1.149960188,NORMAL,1.227398432,-0.04067870448,0.9700508504,1615
1615,16.15,0.8436309565,NORMAL,0.9096337633,-0.04067870448,0.9721601118,1616
1616,16.16,0.09907321094,NORMAL,1.33505891,-0.04067870448,0.9736595603,1617
1617,16.17,0.2753499526,NORMAL,0.974799405,-0.03825283399,0.9700629647,1618
1618,16.18,0.05496422228,NORMAL,1.394158784,-0.03825283399,0.9690028582,1619
1619,16.19,-0.2488217122,NORMAL,1.394158784,-0.03464789367,0.9687809051,1620
1620,16.2,0.6038690775,NORMAL,0.974799405,-0.03464789367,0.9687809051,1621
1621,16.21,0.7242850505,NORMAL,0.9433347353,-0.03139956573,0.9629173673,1622
1622,16.22,-0.5911242797,NORMAL,1.325524929,-0.03038802456,0.9681456195,1623
1623,16.23,-1.055168995,NORMAL,1.331589379,-0.03038802456,0.9630617995,1624
1624,16.24,-0.5643869585,NORMAL,1.365141964,-0.03139956573,0.9687300688,1625
1625,16.25,-0.1339022275,NORMAL,0.9433347353,-0.03139956573,0.9687300688,1626
1626,16.26,-0.966974639,NORMAL,0.9657747843,-0.03139956573,0.9687300688,1627
1627,16.27,-0.1608645159,NORMAL,0.5340589456,-0.03464789367,0.9687809051,1628
1628,16.28,0.2847369815,NORMAL,0.346376093,-0.03825283399,0.9690028582,1629
1629,16.29,1.267203976,NORMAL,1.347216676,-0.03825283399,0.9690028582,1630
1630,16.3,0.1845132882,NORMAL,0.5519304489,-0.03825283399,0.9700629647,1631
1631,16.31,-1.381848016,NORMAL,1.390613828,-0.03464789367,0.9687809051,1632
1632,16.32,1.071582576,NORMAL,1.145337602,-0.03825283399,0.9690028582,1633
1633,16.33,-1.551439252,NORMAL,1.559884743,-0.03825283399,0.9700629647,1634
1634,16.34,0.7975032323,NORMAL,0.859851409,-0.03825283399,0.9719773179,1635
1635,16.35,-0.9636181462,NORMAL,0.9466515546,-0.03825283399,0.9775141738,1636
1636,16.36,-0.07289719083,NORMAL,0.8391733467,-0.03825283399,0.982742426,1637
1637,16.37,-0.9509297923,NORMAL,0.9336713296,-0.03825283399,0.9775141738,1638
1638,16.38,-1.443406387,NORMAL,1.434994725,-0.04067870448,0.9775141738,1639
1639,16.39,0.1714570939,NORMAL,0.5496349292,-0.04067870448,0.9816299568,1640
1640,16.4,-0.09621875019,NORMAL,0.5263243224,-0.03825283399,0.9775141738,1641
1641,16.41,0.1854149887,NORMAL,0.2288128691,-0.03825283399,0.9775141738,1642
1642,16.42,-0.2409985631,NORMAL,0.21139336,-0.03464789367,0.9761454637,1643
1643,16.43,-0.5343048367,NORMAL,0.5103534759,-0.03825283399,0.9719773179,1644
1644,16.44,0.7908215851,NORMAL,0.8529771259,-0.03825283399,0.9719773179,1645
1645,16.45,0.8910321046,NORMAL,0.9520534053,-0.03464789367,0.9722983954,1646
1646,16.46,2.373524273,NORMAL,2.46125113,-0.03139956573,0.9771143664,1647
1647,16.47,1.006165285,NORMAL,1.060037839,-0.03139956573,0.9787998243,1648
1648,16.48,0.9207703468,NORMAL,0.9727933014,-0.03139956573,0.9787998243,1649
1649,16.49,0.7592373247,NORMAL,0.8077615778,-0.03139956573,0.9787998243,1650
1650,16.5,0.6936003811,NORMAL,0.7375826989,-0.03038802456,0.9815691268,1651
1651,16.51,0.9247735091,NORMAL,0.9666001942,-0.03038802456,0.9881660892,1652
1652,16.52,-0.3915598181,NORMAL,0.930588256,-0.01723653463,0.9925488501,1653
1653,16.53,-1.577161466,NORMAL,1.552664705,-0.03038802456,0.9962057081,1654
1654,16.54,0.8832571065,NORMAL,0.9145959567,-0.03139956573,1.000066385,1655
1655,16.55,0.3509729466,NORMAL,0.3798822042,-0.03038802456,1.003892699,1656
1656,16.56,0.2682839329,NORMAL,0.9279627859,-0.01723653463,0.9959761699,1657
1657,16.57,0.5437479464,NORMAL,0.9630889571,-0.01723653463,0.9959761699,1658
1658,16.58,-0.8284259123,NORMAL,1.153332066,-0.003765242916,0.983043991,1659
1659,16.59,-0.9784455999,NORMAL,1.149531002,-0.003765242916,0.990017908,1660
1660,16.6,0.2830213045,NORMAL,1.160020634,-0.01723653463,0.9981124763,1661
1661,16.61,-0.02637843381,NORMAL,1.160020634,-0.01723653463,0.9981124763,1662
1662,16.62,-0.09090976918,NORMAL,0.9571147701,-0.01564298461,0.9992463986,1663
1663,16.63,0.7419496336,NORMAL,0.9340307642,-0.02797198383,1.000032022,1664
1664,16.64,-1.534954162,NORMAL,1.501138697,-0.02797198383,1.003892699,1665
1665,16.65,1.340813049,NORMAL,1.363477426,-0.02797198383,1.003892699,1666
1666,16.66,0.549229981,NORMAL,1.142400287,-0.01564298461,0.9992463986,1667
1667,16.67,1.059589312,NORMAL,1.142400287,-0.01564298461,0.9983283322,1668
1668,16.68,0.06825368849,NORMAL,1.358287805,-0.003765242916,0.990017908,1669
1669,16.69,0.4431762339,NORMAL,1.358287805,0.001312099997,0.9842410927,1670
1670,16.7,-0.9946817325,NORMAL,1.555550378,0.001312099997,0.9786851429,1671
1671,16.71,0.8586876204,NORMAL,1.565112946,-0.003765242916,0.990017908,1672
1672,16.72,-0.7037020983,NORMAL,1.917907572,-0.003765242916,0.9959217752,1673
1673,16.73,1.016162379,NORMAL,1.925583612,-0.01564298461,1.000475074,1674
1674,16.74,0.02311505564,NORMAL,2.342558779,-0.003765242916,1.009167103,1675
1675,16.75,-0.8148660567,NORMAL,2.349519593,0.001312099997,0.9997866288,1676
1676,16.76,0.2870528383,NORMAL,2.360238928,-0.003765242916,1.009167103,1677
1677,16.77,0.1612278391,NORMAL,1.934325888,-0.003765242916,0.9997866288,1678
1678,16.78,0.4137449497,NORMAL,1.578670799,0.001312099997,0.9883941066,1679
1679,16.79,0.1458142161,NORMAL,1.573993743,0.001312099997,0.9883941066,1680
1680,16.8,-1.137153236,NORMAL,1.398941857,0.005741716587,0.9845890101,1681
1681,16.81,-1.715931083,NORMAL,1.737407348,0.001312099997,0.9883941066,1682
1682,16.82,-1.374990121,NORMAL,1.376595947,0.001312099997,0.9997866288,1683
1683,16.83,-0.06066131965,NORMAL,0.8046739771,-0.003765242916,0.9997866288,1684
1684,16.84,-2.110549946,NORMAL,2.107234326,-0.003765242916,0.9997866288,1685
1685,16.85,-1.188741551,NORMAL,1.174212184,-0.003765242916,1.009167103,1686
1686,16.86,0.3623631549,NORMAL,0.6001017165,-0.01564298461,1.001882606,1687
1687,16.87,-0.4210819261,NORMAL,0.5995397355,-0.01564298461,1.001882606,1688
1688,16.88,-0.7468118183,NORMAL,0.7308216397,-0.01564298461,1.000475074,1689
1689,16.89,-0.5822066998,NORMAL,0.5662946836,-0.01564298461,1.000475074,1690
1690,16.9,0.02563823375,NORMAL,0.1151093654,-0.02797198383,1.003892699,1691
1691,16.91,0.9495327915,NORMAL,0.9749245169,-0.02797198383,1.002646624,1692
1692,16.92,-0.3567835823,NORMAL,0.3409786077,-0.01564298461,1.000475074,1693
1693,16.93,-1.085622746,NORMAL,1.070786708,-0.01564298461,0.9992463986,1694
1694,16.94,-0.4309710565,NORMAL,0.4019353011,-0.02797198383,1.002646624,1695
1695,16.95,-1.635707597,NORMAL,1.60521301,-0.03038802456,1.000066385,1696
1696,16.96,0.8755054438,NORMAL,0.9068448085,-0.03139956573,1.000066385,1697
1697,16.97,0.6662066114,NORMAL,0.6965483956,-0.03038802456,1.000066385,1698
1698,16.98,1.381483591,NORMAL,1.411777894,-0.03038802456,1.000066385,1699
1699,16.99,-1.084310785,NORMAL,1.049836065,-0.03038802456,1.003892699,1700
1700,17,0.9882194089,NORMAL,1.014657677,-0.03038802456,1.003892699,1701
1701,17.01,0.007393585865,NORMAL,0.7900872947,-0.03038802456,1.007829495,1702
1702,17.02,-2.292368454,NORMAL,2.253838607,-0.02797198383,1.004684392,1703
1703,17.03,-0.5205443817,NORMAL,0.7900872947,-0.03038802456,1.007829495,1704
1704,17.04,-0.6988275008,NORMAL,1.632988222,-0.03038802456,1.007829495,1705
1705,17.05,-1.190249857,NORMAL,1.573698988,-0.03139956573,1.004557679,1706
1706,17.06,-0.5150927394,NORMAL,1.733264359,-0.03464789367,1.00952717,1707
1707,17.07,-0.4526566178,NORMAL,1.937941846,-0.04013304162,1.0102929,1708
1708,17.08,0.7797676168,NORMAL,1.791487558,-0.04456092282,1.002253281,1709
1709,17.09,0.2233186902,NORMAL,1.798341896,-0.04456092282,1.002253281,1710
1710,17.1,-0.531126175,NORMAL,1.800585412,-0.04456092282,0.9994839781,1711
1711,17.11,0.4474988971,NORMAL,1.994432543,-0.04456092282,0.9994839781,1712
1712,17.12,-0.3255147075,NORMAL,1.994432543,-0.04456092282,0.9994839781,1713
1713,17.13,-0.03865080637,NORMAL,1.804247329,-0.04456092282,0.9994839781,1714
1714,17.14,1.600446054,NORMAL,1.722744098,-0.04456092282,0.9994839781,1715
1715,17.15,0.6658957367,NORMAL,1.549886785,-0.04456092282,1.002253281,1716
1716,17.16,0.3404578394,NORMAL,1.541655273,-0.04456092282,1.002253281,1717
1717,17.17,-2.379076993,NORMAL,2.335721354,-0.04456092282,0.9994839781,1718
1718,17.18,-0.3238843898,NORMAL,1.293558191,-0.04849215786,0.998281094,1719
1719,17.19,-1.576144976,NORMAL,1.540591685,-0.04849215786,0.9916013652,1720
1720,17.2,2.139792286,NORMAL,2.206818709,-0.04849215786,0.9916013652,1721
1721,17.21,-0.02830880873,NORMAL,1.248268943,-0.04456092282,0.9994839781,1722
1722,17.22,0.8173328645,NORMAL,0.8609354491,-0.04060485924,0.9965180602,1723
1723,17.23,-0.9900226315,NORMAL,0.9472832773,-0.04060485924,1.002253281,1724
1724,17.24,-1.454397815,NORMAL,1.406667277,-0.04456092282,1.002253281,1725
1725,17.25,0.6928042529,NORMAL,1.251747523,-0.04456092282,1.002253281,1726
1726,17.26,0.01017585927,NORMAL,0.5978929617,-0.04456092282,1.006174938,1727
1727,17.27,0.9390257022,NORMAL,0.9774281416,-0.04060485924,1.002253281,1728
1728,17.28,-1.01286263,NORMAL,0.962655472,-0.04060485924,1.009974803,1729
1729,17.29,0.4514292007,NORMAL,0.4851380377,-0.04060485924,1.014214557,1730
1730,17.3,0.3955134904,NORMAL,0.4300060049,-0.04060485924,1.014214557,1731
1731,17.31,-0.6512231096,NORMAL,0.604452102,-0.03817898875,1.014214557,1732
1732,17.32,-0.3129576032,NORMAL,0.2719791603,-0.03817898875,1.0102929,1733
1733,17.33,0.1363532226,NORMAL,0.5847460073,-0.04060485924,1.002253281,1734
1734,17.34,0.02164919924,NORMAL,0.5870158178,-0.04060485924,0.9965180602,1735
1735,17.35,0.05607708079,NORMAL,0.09729012416,-0.04060485924,0.9937487578,1736
1736,17.36,1.29208908,NORMAL,1.344713704,-0.03817898875,0.9892574637,1737
1737,17.37,-0.9900808612,NORMAL,0.9594938508,-0.03817898875,0.9920875175,1738
1738,17.38,-0.7801784062,NORMAL,0.7445920421,-0.03817898875,0.9965180602,1739
1739,17.39,-0.5232327005,NORMAL,0.4843141941,-0.04060485924,0.9965180602,1740
1740,17.4,0.3135040427,NORMAL,0.355346196,-0.04060485924,0.9965180602,1741
1741,17.41,0.4837726177,NORMAL,0.526114478,-0.03817898875,0.9920875175,1742
1742,17.42,-0.9606221841,NORMAL,0.932327319,-0.03464789367,0.9931858388,1743
1743,17.43,-1.252933221,NORMAL,1.224442613,-0.03817898875,0.9920875175,1744
1744,17.44,-0.8963525639,NORMAL,0.8587377779,-0.04060485924,0.9965180602,1745
1745,17.45,-0.8759395316,NORMAL,0.8318078398,-0.04456092282,0.9994839781,1746
1746,17.46,-1.609579709,NORMAL,1.561500288,-0.04456092282,1.002253281,1747
1747,17.47,-1.073684776,NORMAL,1.026810162,-0.04456092282,1.002253281,1748
1748,17.48,1.200743619,NORMAL,1.242504829,-0.04456092282,1.002253281,1749
1749,17.49,2.60394625,NORMAL,2.632253173,-0.04456092282,1.006174938,1750
1750,17.5,0.2525973454,NORMAL,0.5719670337,-0.04060485924,1.009974803,1751
1751,17.51,0.4722482016,NORMAL,0.5077879759,-0.04060485924,1.009974803,1752
1752,17.52,-0.1139435923,NORMAL,0.2644834372,-0.03817898875,1.0102929,1753
1753,17.53,1.160982942,NORMAL,1.189720573,-0.04060485924,1.009974803,1754
1754,17.54,-0.2079214898,NORMAL,0.2464984292,-0.03817898875,1.014214557,1755
1755,17.55,-0.5849724629,NORMAL,0.5367381093,-0.04060485924,1.014214557,1756
1756,17.56,0.09723839638,NORMAL,0.1364818758,-0.04060485924,1.009974803,1757
1757,17.57,-0.5110539782,NORMAL,0.4680573224,-0.03817898875,1.0102929,1758
1758,17.58,-0.2793858431,NORMAL,0.2387494305,-0.03817898875,1.0102929,1759
1759,17.59,-0.2483327326,NORMAL,0.5443410686,-0.03817898875,1.003914521,1760
1760,17.6,0.4597409145,NORMAL,0.8333279709,-0.04060485924,1.002253281,1761
1761,17.61,1.572987098,NORMAL,1.616795672,-0.03817898875,0.9965180602,1762
1762,17.62,-1.856324195,NORMAL,1.813411354,-0.03464789367,1.004557679,1763
1763,17.63,0.9560992754,NORMAL,0.9904013175,-0.03817898875,1.003914521,1764
1764,17.64,0.0852501677,NORMAL,0.5468171166,-0.03817898875,1.003914521,1765
1765,17.65,-0.7731348545,NORMAL,0.7375238795,-0.03817898875,0.9965180602,1766
1766,17.66,0.7205211146,NORMAL,0.7557417366,-0.03817898875,1.003914521,1767
1767,17.67,0.3548104866,NORMAL,0.5495221904,-0.03817898875,1.0102929,1768
1768,17.68,0.2099296666,NORMAL,0.5495221904,-0.03817898875,1.0102929,1769
1769,17.69,-0.7970411156,NORMAL,0.7589342431,-0.03464789367,1.004557679,1770
1770,17.7,-0.6828248929,NORMAL,0.638078229,-0.03817898875,1.0102929,1771
1771,17.71,-0.6942523204,NORMAL,0.6493892335,-0.03817898875,1.0102929,1772
1772,17.72,-1.307865362,NORMAL,1.254744672,-0.04060485924,1.009974803,1773
1773,17.73,0.2690356664,NORMAL,0.8339785255,-0.04060485924,1.014214557,1774
1774,17.74,0.02382483913,NORMAL,0.8339785255,-0.04060485924,1.014214557,1775
1775,17.75,-0.4964084508,NORMAL,0.529070791,-0.04060485924,1.009974803,1776
1776,17.76,0.897661236,NORMAL,0.9364397019,-0.04456092282,1.006174938,1777
1777,17.77,-0.3680437219,NORMAL,0.3242049819,-0.04060485924,1.009974803,1778
1778,17.78,-0.9570626161,NORMAL,0.9104501935,-0.04456092282,1.002253281,1779
1779,17.79,-1.019244976,NORMAL,0.9724927538,-0.04456092282,1.002253281,1780
1780,17.8,0.630742004,NORMAL,0.6711585644,-0.04456092282,1.006174938,1781
1781,17.81,-0.7115587475,NORMAL,0.6651610508,-0.04456092282,1.002761397,1782
1782,17.82,1.809369914,NORMAL,1.851556346,-0.04849215786,1.003405635,1783
1783,17.83,1.102842423,NORMAL,1.147426864,-0.04849215786,1.003405635,1784
1784,17.84,1.864387086,NORMAL,1.901809677,-0.04849215786,1.005820544,1785
1785,17.85,-0.2423236661,NORMAL,0.1927098322,-0.04849215786,1.005820544,1786
1786,17.86,-1.676983854,NORMAL,1.621006021,-0.05252813145,1.002128124,1787
1787,17.87,2.401082949,NORMAL,2.454778204,-0.05721081576,1.001432129,1788
1788,17.88,-0.3412867611,NORMAL,0.2862098744,-0.05252813145,1.008905197,1789
1789,17.89,-1.799238626,NORMAL,1.739536568,-0.05721081576,1.001432129,1790
1790,17.9,-0.2212210938,NORMAL,0.8415796355,-0.05721081576,1.002300095,1791
1791,17.91,0.5487860605,NORMAL,0.7889391211,-0.05721081576,1.001432129,1792
1792,17.92,-0.621816386,NORMAL,0.5647484656,-0.05721081576,0.9997469753,1793
1793,17.93,1.080428861,NORMAL,1.143517121,-0.06022403522,0.9974952498,1794
1794,17.94,-0.200331617,NORMAL,0.7708320164,-0.06022403522,0.9974952498,1795
1795,17.95,-0.03541547012,NORMAL,0.6643487368,-0.06677925524,0.9877764806,1796
1796,17.96,-0.4619594527,NORMAL,0.678117403,-0.06022403522,0.9807751021,1797
1797,17.97,0.2510843249,NORMAL,0.7973704438,-0.06022403522,0.9713172999,1798
1798,17.98,1.563000842,NORMAL,1.670236099,-0.05721081576,0.9700494787,1799
1799,17.99,0.7026498093,NORMAL,0.7833215127,-0.05721081576,0.9700494787,1800
1800,18,-0.5145905353,NORMAL,0.7207934247,-0.05252813145,0.9769920265,1801
1801,18.01,-2.006458957,NORMAL,1.998969208,-0.05721081576,0.9751266467,1802
1802,18.02,1.255255246,NORMAL,1.354324978,-0.06022403522,0.9713172999,1803
1803,18.03,0.08030312304,NORMAL,0.7094569066,-0.05721081576,0.9751266467,1804
1804,18.04,-1.142462031,NORMAL,1.117835198,-0.05252813145,0.9750398818,1805
1805,18.05,0.5226089299,NORMAL,0.5946096823,-0.05721081576,0.9751266467,1806
1806,18.06,0.5390008832,NORMAL,0.6114197587,-0.05721081576,0.9751266467,1807
1807,18.07,0.9915131431,NORMAL,1.075474619,-0.05721081576,0.9751266467,1808
1808,18.08,0.5290619289,NORMAL,0.6012272833,-0.05721081576,0.9751266467,1809
1809,18.09,-1.639541329,NORMAL,1.624387052,-0.05252813145,0.9769920265,1810
1810,18.1,-0.3045875127,NORMAL,0.3720478754,-0.05721081576,0.9807751021,1811
1811,18.11,-0.4265658189,NORMAL,0.3991697775,-0.06022403522,0.9807751021,1812
1812,18.12,0.04874508739,NORMAL,0.4366161242,-0.06677925524,0.9770777504,1813
1813,18.13,-0.2182699978,NORMAL,0.3640206508,-0.06677925524,0.9770777504,1814
1814,18.14,-0.8348282179,NORMAL,0.7860673957,-0.06677925524,0.9770777504,1815
1815,18.15,-1.579553823,NORMAL,1.548264267,-0.06677925524,0.9770777504,1816
1816,18.16,-0.09676077932,NORMAL,0.6257033936,-0.07500049129,0.9755876761,1817
1817,18.17,-0.9028695869,NORMAL,0.8467746815,-0.08400678047,0.9670374237,1818
1818,18.18,0.767139295,NORMAL,0.8837197224,-0.09206992391,0.9722643923,1819
1819,18.19,-1.277851106,NORMAL,1.229186219,-0.08400678047,0.9712477311,1820
1820,18.2,-1.396625305,NORMAL,1.341770193,-0.09206992391,0.9722643923,1821
1821,18.21,-2.445457846,NORMAL,2.420522587,-0.09206992391,0.9722643923,1822
1822,18.22,-1.360571833,NORMAL,1.305555313,-0.09472441441,0.9695854365,1823
1823,18.23,-0.01067062779,NORMAL,0.5255548001,-0.09648976476,0.9742898686,1824
1824,18.24,-1.946344111,NORMAL,1.913045831,-0.09648976476,0.9669681281,1825
1825,18.25,-2.365170502,NORMAL,2.328548013,-0.09648976476,0.9742898686,1826
1826,18.26,-0.5243377948,NORMAL,0.759248281,-0.09699077202,0.9795861328,1827
1827,18.27,1.261414373,NORMAL,1.403993299,-0.09973237826,0.9694823698,1828
1828,18.28,-0.1502960653,NORMAL,1.221113191,-0.09973237826,0.9773385308,1829
1829,18.29,0.105228394,NORMAL,0.7581210519,-0.09973237826,0.9694823698,1830
1830,18.3,0.1070100178,NORMAL,0.7749093342,-0.09699077202,0.9662253347,1831
1831,18.31,-0.574770251,NORMAL,0.8057975428,-0.09648976476,0.9607557858,1832
1832,18.32,0.2934829304,NORMAL,1.314668489,-0.09648976476,0.9570150168,1833
1833,18.33,-0.5297406697,NORMAL,0.8521373161,-0.09472441441,0.9543977083,1834
1834,18.34,1.087917712,NORMAL,1.243522009,-0.09648976476,0.9524620131,1835
1835,18.35,-1.446115143,NORMAL,1.413440671,-0.09648976476,0.9548510992,1836
1836,18.36,-0.633769159,NORMAL,1.314668489,-0.09648976476,0.9570150168,1837
1837,18.37,1.504838171,NORMAL,1.677044658,-0.09648976476,0.9548510992,1838
1838,18.38,-1.067611085,NORMAL,1.328182735,-0.09648976476,0.9548510992,1839
1839,18.39,-0.4715481461,NORMAL,1.86891364,-0.09648976476,0.9548510992,1840
1840,18.4,-0.6178238664,NORMAL,1.981598631,-0.09648976476,0.9524620131,1841
1841,18.41,-0.5172237504,NORMAL,2.1133204,-0.09699077202,0.9524620131,1842
1842,18.42,-2.019607995,NORMAL,2.063825954,-0.09973237826,0.9553695972,1843
1843,18.43,0.8148061434,NORMAL,2.066205367,-0.1068586391,0.9604946962,1844
1844,18.44,-0.5636489294,NORMAL,2.013937061,-0.1068586391,0.9640136941,1845
1845,18.45,1.190374185,NORMAL,2.166375489,-0.1068586391,0.9640136941,1846
1846,18.46,-0.6531364531,NORMAL,2.151021266,-0.1068586391,0.9640136941,1847
1847,18.47,1.923778374,NORMAL,2.125555677,-0.1068586391,0.9640136941,1848
1848,18.48,-1.117117896,NORMAL,2.035259406,-0.09973237826,0.9604267076,1849
1849,18.49,-1.318031849,NORMAL,2.151021266,-0.09973237826,0.9604267076,1850
1850,18.5,-0.6948167764,NORMAL,2.151021266,-0.09973237826,0.9604267076,1851
1851,18.51,0.4445129575,NORMAL,2.283331076,-0.09973237826,0.9580376215,1852
1852,18.52,-0.4875103642,NORMAL,2.179308869,-0.09699077202,0.9524620131,1853
1853,18.53,-0.4905854758,NORMAL,2.088496766,-0.09699077202,0.9511163452,1854
1854,18.54,-0.1251159064,NORMAL,2.00650849,-0.09973237826,0.9511163452,1855
1855,18.55,-0.7056063565,NORMAL,1.894077084,-0.1068586391,0.9500820331,1856
1856,18.56,0.1333811328,NORMAL,2.00650849,-0.1068586391,0.9500820331,1857
1857,18.57,0.2898906228,NORMAL,1.92898062,-0.09973237826,0.943895011,1858
1858,18.58,0.1254605204,NORMAL,1.825749372,-0.09973237826,0.9394281514,1859
1859,18.59,0.5836445952,NORMAL,1.762465787,-0.09973237826,0.9394281514,1860
1860,18.6,1.831167726,NORMAL,2.055399449,-0.09973237826,0.9394281514,1861
1861,18.61,1.96608868,NORMAL,2.196101371,-0.09699077202,0.9394281514,1862
1862,18.62,-0.6053760791,NORMAL,1.787762216,-0.09648976476,0.9390875122,1863
1863,18.63,-1.751127153,NORMAL,1.831681947,-0.09699077202,0.9394281514,1864
1864,18.64,-0.2487803975,NORMAL,1.822021965,-0.09973237826,0.9394281514,1865
1865,18.65,0.5305468082,NORMAL,1.838229559,-0.09973237826,0.9394281514,1866
1866,18.66,0.1790429698,NORMAL,1.778039762,-0.09973237826,0.9394281514,1867
1867,18.67,0.2018341739,NORMAL,1.774463372,-0.09973237826,0.9394281514,1868
1868,18.68,0.07816564551,NORMAL,1.210124449,-0.09973237826,0.9394281514,1869
1869,18.69,-0.6422975275,NORMAL,0.5804666963,-0.09699077202,0.9394281514,1870
1870,18.7,0.6347217341,NORMAL,1.210124449,-0.09973237826,0.9374218595,1871
1871,18.71,-0.0627339379,NORMAL,0.4141166999,-0.09699077202,0.9394281514,1872
1872,18.72,-1.015151378,NORMAL,0.9782492057,-0.09648976476,0.9390875122,1873
1873,18.73,-1.399350592,NORMAL,1.38736892,-0.09648976476,0.9390875122,1874
1874,18.74,0.115017857,NORMAL,0.2249382903,-0.09699077202,0.942519074,1875
1875,18.75,0.4186288966,NORMAL,0.5485310524,-0.09648976476,0.9390875122,1876
1876,18.76,0.1952581688,NORMAL,0.4805472068,-0.09648976476,0.9339902977,1877
1877,18.77,0.3942822885,NORMAL,0.8896968596,-0.09472441441,0.928196906,1878
1878,18.78,-2.149121329,NORMAL,2.21332015,-0.09472441441,0.928196906,1879
1879,18.79,-0.85907559,NORMAL,0.8982801862,-0.09648976476,0.9339902977,1880
1880,18.8,1.705892662,NORMAL,1.919128601,-0.09699077202,0.9394281514,1881
1881,18.81,-0.3541683662,NORMAL,0.8935503073,-0.09648976476,0.942519074,1882
1882,18.82,1.627221376,NORMAL,1.835384798,-0.09699077202,0.9394281514,1883
1883,18.83,-0.1536297703,NORMAL,1.029767861,-0.09648976476,0.942519074,1884
1884,18.84,-2.296753239,NORMAL,2.33391825,-0.09699077202,0.942519074,1885
1885,18.85,0.01501724707,NORMAL,0.9523000987,-0.09973237826,0.943895011,1886
1886,18.86,0.6827061998,NORMAL,0.9549866576,-0.09699077202,0.9394281514,1887
1887,18.87,0.3848164284,NORMAL,1.062884253,-0.09648976476,0.942519074,1888
1888,18.88,-1.239931807,NORMAL,1.213176554,-0.09648976476,0.942519074,1889
1889,18.89,0.9626207782,NORMAL,1.123701973,-0.09648976476,0.942519074,1890
1890,18.9,1.647993687,NORMAL,1.850044405,-0.09356425969,0.9413600788,1891
1891,18.91,-0.3977848799,NORMAL,1.142787656,-0.08400678047,0.9320548259,1892
1892,18.92,1.086572265,NORMAL,1.25365049,-0.09356425969,0.9413600788,1893
1893,18.93,0.05839397237,NORMAL,0.8896968596,-0.08400678047,0.9357895799,1894
1894,18.94,-0.3102261626,NORMAL,0.7585032506,-0.08400678047,0.9357895799,1895
1895,18.95,0.5396445368,NORMAL,0.7687390193,-0.09356425969,0.9460380719,1896
1896,18.96,-0.01099552614,NORMAL,0.8957785795,-0.08400678047,0.9357895799,1897
1897,18.97,0.3268575392,NORMAL,0.8982801862,-0.07500049129,0.9347707042,1898
1898,18.98,-0.2314994034,NORMAL,0.8896968596,-0.06781556437,0.9403071568,1899
1899,18.99,-0.3078540884,NORMAL,0.7595764037,-0.07500049129,0.9333590776,1900
1900,19,-1.203272687,NORMAL,1.208829723,-0.07500049129,0.9333590776,1901
1901,19.01,1.011250547,NORMAL,1.162050793,-0.07500049129,0.9347707042,1902
1902,19.02,0.2963604738,NORMAL,0.6019285182,-0.06781556437,0.9440114502,1903
1903,19.03,-1.050861626,NORMAL,1.037858337,-0.06169762877,0.9530819016,1904
1904,19.04,-1.22607874,NORMAL,1.225126829,-0.06781556437,0.9454230769,1905
1905,19.05,0.2771631864,NORMAL,0.6010735364,-0.07500049129,0.9392619983,1906
1906,19.06,-0.9453877115,NORMAL,0.9266713886,-0.07500049129,0.9392619983,1907
1907,19.07,-1.010177531,NORMAL,0.9897211618,-0.08400678047,0.9357895799,1908
1908,19.08,-0.7066158909,NORMAL,0.6634032742,-0.08400678047,0.9385077443,1909
1909,19.09,0.2105895914,NORMAL,0.3138987117,-0.08400678047,0.9385077443,1910
1910,19.1,0.4829416632,NORMAL,0.5912442808,-0.07500049129,0.9436745058,1911
1911,19.11,-1.10627626,NORMAL,1.088160376,-0.06781556437,0.9543268785,1912
1912,19.12,-0.4962261939,NORMAL,0.4436711475,-0.07500049129,0.9494097261,1913
1913,19.13,-0.5508098107,NORMAL,0.5011633084,-0.07500049129,0.9494097261,1914
1914,19.14,0.2700745215,NORMAL,0.3765736147,-0.08400678047,0.9402711399,1915
1915,19.15,-0.3632852902,NORMAL,0.3054917741,-0.07500049129,0.9436745058,1916
1916,19.16,-0.3361406206,NORMAL,0.2778055846,-0.07500049129,0.9400103662,1917
1917,19.17,-0.938993181,NORMAL,0.9136524054,-0.08400678047,0.9357895799,1918
1918,19.18,0.5635726151,NORMAL,0.8529545455,-0.09356425969,0.9460380719,1919
1919,19.19,-0.6795326179,NORMAL,0.8529545455,-0.09356425969,0.9460380719,1920
1920,19.2,-1.002433117,NORMAL,1.033787097,-0.09648976476,0.946174573,1921
1921,19.21,0.2669575448,NORMAL,0.9886947049,-0.09699077202,0.9469173664,1922
1922,19.22,1.784917664,NORMAL,1.987405134,-0.09699077202,0.9469173664,1923
1923,19.23,0.3859598044,NORMAL,1.017839199,-0.09648976476,0.946174573,1924
1924,19.24,-0.9001557405,NORMAL,0.8564022152,-0.09356425969,0.9418372192,1925
1925,19.25,2.196839423,NORMAL,2.431846646,-0.09356425969,0.9418372192,1926
1926,19.26,0.8392580918,NORMAL,1.091821552,-0.08400678047,0.9357895799,1927
1927,19.27,-0.32281617,NORMAL,0.9191005844,-0.07500049129,0.9400103662,1928
1928,19.28,-0.1917769124,NORMAL,1.133762095,-0.08400678047,0.9320548259,1929
1929,19.29,-0.4852275994,NORMAL,1.160089671,-0.08400678047,0.9305588522,1930
1930,19.3,-2.541823129,NORMAL,2.641899176,-0.08400678047,0.9303217815,1931
1931,19.31,-0.6585622213,NORMAL,1.31902239,-0.09356425969,0.9383182213,1932
1932,19.32,0.5503234007,NORMAL,1.650516241,-0.09648976476,0.9390875122,1933
1933,19.33,-0.3114480563,NORMAL,1.284644103,-0.09648976476,0.942519074,1934
1934,19.34,-0.1666842979,NORMAL,1.297227524,-0.09648976476,0.942519074,1935
1935,19.35,0.9997424284,NORMAL,1.317327308,-0.09648976476,0.942519074,1936
1936,19.36,0.1096555455,NORMAL,1.204112692,-0.09648976476,0.942519074,1937
1937,19.37,1.454034218,NORMAL,1.649332223,-0.09356425969,0.9383182213,1938
1938,19.38,-2.662769269,NORMAL,2.727865237,-0.09356425969,0.9418372192,1939
1939,19.39,-0.5253728819,NORMAL,1.114826776,-0.09648976476,0.946174573,1940
1940,19.4,-1.15632579,NORMAL,1.120127358,-0.09648976476,0.946174573,1941
1941,19.41,1.169349349,NORMAL,1.331674297,-0.09648976476,0.9505620984,1942
1942,19.42,0.2764453321,NORMAL,1.09694218,-0.09648976476,0.9524620131,1943
1943,19.43,1.488124764,NORMAL,1.663703651,-0.09648976476,0.9524620131,1944
1944,19.44,-0.09679847773,NORMAL,0.7580905634,-0.09648976476,0.9548510992,1945
1945,19.45,-2.049109825,NORMAL,2.044947177,-0.09648976476,0.9548510992,1946
1946,19.46,0.8356833288,NORMAL,0.9762496941,-0.09648976476,0.9548510992,1947
1947,19.47,-1.495792767,NORMAL,1.462153653,-0.09648976476,0.9570150168,1948
1948,19.48,0.3601486499,NORMAL,0.4766698465,-0.09677962853,0.9585843991,1949
1949,19.49,1.842371597,NORMAL,2.022932177,-0.09677962853,0.9585843991,1950
1950,19.5,-0.3549879588,NORMAL,0.4720146442,-0.09677962853,0.9615663379,1951
1951,19.51,0.3124733592,NORMAL,0.4269347468,-0.09677962853,0.9585843991,1952
1952,19.52,-2.45773417,NORMAL,2.465891107,-0.09677962853,0.9574447688,1953
1953,19.53,-0.0519557472,NORMAL,0.473358058,-0.09677962853,0.9574447688,1954
1954,19.54,-0.1315435753,NORMAL,0.1037845585,-0.09677962853,0.9548510992,1955
1955,19.55,0.08613815114,NORMAL,0.1922887946,-0.09700962123,0.9524620131,1956
1956,19.56,0.9079642019,NORMAL,1.055132708,-0.09700962123,0.9524620131,1957
1957,19.57,1.281050012,NORMAL,1.446597998,-0.09677962853,0.9524620131,1958
1958,19.58,-0.5940350421,NORMAL,0.5207674935,-0.09677962853,0.9548510992,1959
1959,19.59,-0.09058443232,NORMAL,0.0809444651,-0.09677962853,0.9524620131,1960
1960,19.6,1.180872845,NORMAL,1.341420924,-0.09677962853,0.9524620131,1961
1961,19.61,-0.1658943841,NORMAL,0.1302290751,-0.09677962853,0.9524620131,1962
1962,19.62,0.3165062617,NORMAL,0.4341547246,-0.09700962123,0.9524620131,1963
1963,19.63,0.1514306419,NORMAL,0.5907287088,-0.09700962123,0.9511163452,1964
1964,19.64,-1.220116129,NORMAL,1.186031013,-0.09700962123,0.9469453122,1965
1965,19.65,1.849862707,NORMAL,2.049796636,-0.09973237826,0.9511163452,1966
1966,19.66,-0.6835266641,NORMAL,1.014477356,-0.09973237826,0.9511163452,1967
1967,19.67,0.5738312864,NORMAL,1.029847072,-0.09973237826,0.9511163452,1968
1968,19.68,0.2826279574,NORMAL,1.029847072,-0.09973237826,0.9511163452,1969
1969,19.69,-1.051634727,NORMAL,1.109443031,-0.09700962123,0.9511163452,1970
1970,19.7,0.05477198301,NORMAL,0.6439160235,-0.09973237826,0.9553695972,1971
1971,19.71,1.166575589,NORMAL,1.328528541,-0.09700962123,0.9511163452,1972
1972,19.72,-0.5558707169,NORMAL,1.124390097,-0.09700962123,0.9511163452,1973
1973,19.73,-1.074415344,NORMAL,1.124390097,-0.09700962123,0.9469453122,1974
1974,19.74,-2.358034475,NORMAL,2.381988046,-0.09973237826,0.9480744877,1975
1975,19.75,-0.4474484859,NORMAL,0.576342755,-0.09973237826,0.9480744877,1976
1976,19.76,0.3159822008,NORMAL,0.446506705,-0.1080937921,0.9497639972,1977
1977,19.77,0.842391821,NORMAL,0.9935011099,-0.09952123477,0.9480744877,1978
1978,19.78,-0.1617745866,NORMAL,0.863474365,-0.09677962853,0.946604325,1979
1979,19.79,1.041287791,NORMAL,1.203290501,-0.09952123477,0.9480744877,1980
1980,19.8,1.070657863,NORMAL,1.233289834,-0.09677962853,0.946604325,1981
1981,19.81,0.1856477221,NORMAL,0.8131279231,-0.09648976476,0.946174573,1982
1982,19.82,-0.3535233128,NORMAL,0.8121868919,-0.09648976476,0.946174573,1983
1983,19.83,-1.417075375,NORMAL,1.394770457,-0.09677962853,0.946604325,1984
1984,19.84,-1.185232869,NORMAL,1.14151296,-0.09952123477,0.9511163452,1985
1985,19.85,0.9215558807,NORMAL,1.07355648,-0.09952123477,0.9511163452,1986
1986,19.86,1.680768194,NORMAL,1.869151478,-0.09677962853,0.9509918504,1987
1987,19.87,-1.295686534,NORMAL,1.259049446,-0.09648976476,0.9524620131,1988
1988,19.88,0.140576915,NORMAL,0.9312444164,-0.09648976476,0.9548510992,1989
1989,19.89,0.5492085927,NORMAL,0.9025637175,-0.09648976476,0.9548510992,1990
1990,19.9,-1.366675297,NORMAL,1.330244615,-0.09648976476,0.9548510992,1991
1991,19.91,-0.3788260775,NORMAL,0.9025637175,-0.09648976476,0.9569991616,1992
1992,19.92,0.2015312677,NORMAL,0.9063027881,-0.09677962853,0.9548510992,1993
1993,19.93,2.330287903,NORMAL,2.547899689,-0.09648976476,0.9524620131,1994
1994,19.94,-0.2775601637,NORMAL,1.121140583,-0.09356425969,0.9499594986,1995
1995,19.95,0.9883695692,NORMAL,1.138926271,-0.09356425969,0.9499594986,1996
1996,19.96,-1.025452956,NORMAL,0.9854723785,-0.09074710075,0.948485088,1997
1997,19.97,0.4462305279,NORMAL,0.9000544752,-0.09356425969,0.9499594986,1998
1998,19.98,-0.4818012835,NORMAL,0.8970310417,-0.09356425969,0.9499594986,1999
1999,19.99,-0.9216262023,NORMAL,0.8979623469,-0.09648976476,0.9524620131,2000
