index,time_seconds,value,decision,score,center,scale,n_observed
0,0,0.9323224351,WARMING,,,,1
1,0.01,-0.1348424085,WARMING,,,,2
2,0.02,-1.097771109,WARMING,,,,3
3,0.03,1.209313636,WARMING,,,,4
4,0.04,-1.520060977,WARMING,,,,5
5,0.05,-0.3659055784,WARMING,,,,6
6,0.06,0.08753656218,WARMING,,,,7
7,0.07,-0.673525657,WARMING,,,,8
8,0.08,-0.3122006355,WARMING,,,,9
9,0.09,0.6517512317,WARMING,,,,10
10,0.1,0.101883364,WARMING,,,,11
11,0.11,2.118328067,WARMING,,,,12
12,0.12,-0.1747104909,WARMING,,,,13
13,0.13,-0.0530220461,WARMING,,,,14
14,0.14,1.17765541,WARMING,,,,15
15,0.15,1.034069669,WARMING,,,,16
16,0.16,1.357064139,WARMING,,,,17
17,0.17,-0.2634596785,WARMING,,,,18
18,0.18,0.6563534009,WARMING,,,,19
19,0.19,-1.051036104,WARMING,,,,20
20,0.2,-0.2951569874,WARMING,,,,21
21,0.21,-0.603614542,WARMING,,,,22
22,0.22,0.4275727372,WARMING,,,,23
23,0.23,1.164091172,WARMING,,,,24
24,0.24,-0.1834934692,WARMING,,,,25
25,0.25,-0.06950722813,WARMING,,,,26
26,0.26,0.9665602468,WARMING,,,,27
27,0.27,-0.6179201121,WARMING,,,,28
28,0.28,1.307118331,WARMING,,,,29
29,0.29,-1.809250277,WARMING,,,,30
30,0.3,-0.2460951742,WARMING,,,,31
31,0.31,0.04743746589,WARMING,,,,32
32,0.32,-0.1726226635,WARMING,,,,33
33,0.33,-0.426536727,WARMING,,,,34
34,0.34,-0.8613653826,WARMING,,,,35
35,0.35,-1.884530123,WARMING,,,,36
36,0.36,-0.8425499718,WARMING,,,,37
37,0.37,0.4946735479,WARMING,,,,38
38,0.38,0.4465705368,WARMING,,,,39
39,0.39,1.856553205,WARMING,,,,40
40,0.4,0.7426474382,WARMING,,,,41
41,0.41,1.662607318,WARMING,,,,42
42,0.42,-0.7445255021,WARMING,,,,43
43,0.43,-0.874923531,WARMING,,,,44
44,0.44,-0.140687739,WARMING,,,,45
45,0.45,0.492116258,WARMING,,,,46
46,0.46,-0.2353701789,WARMING,,,,47
47,0.47,-0.2329928412,WARMING,,,,48
48,0.48,1.020358549,WARMING,,,,49
49,0.49,-0.3950961782,WARMING,,,,50
50,0.5,1.586702827,WARMING,,,,51
51,0.51,0.7790573295,WARMING,,,,52
52,0.52,0.6084367506,WARMING,,,,53
53,0.53,-0.7746609271,WARMING,,,,54
54,0.54,0.5145944304,WARMING,,,,55
55,0.55,0.3007784646,WARMING,,,,56
56,0.56,1.030049405,WARMING,,,,57
57,0.57,-0.3890820749,WARMING,,,,58
58,0.58,1.190348762,WARMING,,,,59
59,0.59,-2.389826088,WARMING,,,,60
60,0.6,-0.2278005627,WARMING,,,,61
61,0.61,1.780801497,WARMING,,,,62
62,0.62,0.05272643793,WARMING,,,,63
63,0.63,-0.2905865934,WARMING,,,,64
64,0.64,1.568112965,NORMAL,1.714559069,-0.06126463712,0.9503187328,65
65,0.65,-0.3402301916,NORMAL,0.9742846822,-0.0530220461,0.980678812,66
66,0.66,-0.5904805075,NORMAL,1.166184642,-0.06126463712,0.9503187328,67
67,0.67,0.3952876666,NORMAL,1.273073147,-0.06950722813,0.8955177226,68
68,0.68,0.4151687693,NORMAL,2.019302895,-0.06126463712,0.8807534208,69
69,0.69,0.3747274729,NORMAL,2.146838406,-0.0530220461,0.8415481881,70
70,0.7,-0.6381902366,NORMAL,1.965842951,-0.002792290105,0.8984936232,71
71,0.71,-0.4137973998,NORMAL,1.834458214,-0.0530220461,0.8415481881,72
72,0.72,-0.3884135975,NORMAL,1.083846388,-0.06126463712,0.8395330304,73
73,0.73,0.9259711547,NORMAL,1.190116713,-0.06950722813,0.8364544186,74
74,0.74,-0.5889466812,NORMAL,0.6285423265,-0.06126463712,0.8395330304,75
75,0.75,-0.1312170537,NORMAL,0.08719279123,-0.06950722813,0.8364544186,76
76,0.76,0.008597434417,NORMAL,0.210895705,-0.1003621409,0.8303273084,77
77,0.77,0.1207642129,NORMAL,0.612016982,-0.06950722813,0.8326629805,78
78,0.78,0.2324437332,NORMAL,0.5013473422,-0.06126463712,0.8223382341,79
79,0.79,0.1211587478,NORMAL,0.8301223594,-0.0530220461,0.8120134877,80
80,0.8,0.7007774086,NORMAL,0.9869670171,-0.02221230584,0.818055026,81
81,0.81,-1.102161456,NORMAL,1.253792963,0.008597434417,0.8859189058,82
82,0.82,-0.2076111502,NORMAL,0.9949587833,-0.02221230584,0.8413774104,83
83,0.83,1.063735608,NORMAL,1.375294464,-0.0530220461,0.8120134877,84
84,0.84,0.4318807787,NORMAL,0.7305150073,-0.02221230584,0.8413774104,85
85,0.85,0.5185060471,NORMAL,0.5755703025,0.008597434417,0.8859189058,86
86,0.86,-0.1276592526,NORMAL,0.8189850025,0.02801745015,0.7938640243,87
87,0.87,0.002373862268,NORMAL,0.5604453035,0.008597434417,0.7559905091,88
88,0.88,0.3268567624,NORMAL,0.42413787,0.005485648343,0.7577043617,89
89,0.89,1.574304298,NORMAL,2.087077235,0.008597434417,0.7501911463,90
90,0.9,-0.4978547715,NORMAL,0.7260432921,0.02801745015,0.7242987124,91
91,0.91,1.170864778,NORMAL,1.547902397,0.008597434417,0.7508660404,92
92,0.92,-1.130810418,NORMAL,1.53807324,0.02801745015,0.7534282748,93
93,0.93,-0.507602595,NORMAL,0.6828128438,0.008597434417,0.7559905091,94
94,0.94,0.3658925302,NORMAL,0.4738116444,0.005485648343,0.7606543364,95
95,0.95,0.1186108428,NORMAL,0.4412580583,0.008597434417,0.7559905091,96
96,0.96,-0.7123668702,NORMAL,0.9826871981,0.02801745015,0.7534282748,97
97,0.97,0.1557788843,NORMAL,0.4395051875,0.008597434417,0.7559905091,98
98,0.98,1.376028724,NORMAL,1.78917001,0.02801745015,0.7534282748,99
99,0.99,-0.8521657544,NORMAL,1.112750224,0.04743746589,0.8084502711,100
100,1,-0.9913974467,NORMAL,1.295508125,0.02801745015,0.7868842174,101
101,1.01,-0.6171660404,NORMAL,0.817651409,0.008597434417,0.7653181636,102
102,1.02,0.3608543262,NORMAL,0.4328459359,0.005485648343,0.8210050007,103
103,1.03,0.7257887474,NORMAL,0.937115238,0.008597434417,0.7653181636,104
104,1.04,0.7048039781,NORMAL,0.8180468923,0.02801745015,0.8273199669,105
105,1.05,0.8565490252,NORMAL,0.9727967308,0.04743746589,0.8317375395,106
106,1.06,1.100733373,NORMAL,1.221793043,0.05008195191,0.8599258494,107
107,1.07,-0.5368462421,NORMAL,0.9397962219,0.05272643793,0.8881141593,108
108,1.08,0.4897982426,NORMAL,1.08933168,0.05008195191,0.8811073073,109
109,1.09,1.934512007,NORMAL,2.152825293,0.05272643793,0.8741004554,110
110,1.1,0.6114975629,NORMAL,1.576051329,0.07013150005,0.8657210022,111
111,1.11,2.545833548,NORMAL,2.832461817,0.08753656218,0.8679011913,112
112,1.12,0.8446100794,NORMAL,1.798449886,0.09470996309,0.885762537,113
113,1.13,-0.4976219513,NORMAL,1.530690763,0.101883364,0.8891717596,114
114,1.14,-0.6579083417,NORMAL,1.754722838,0.09470996309,0.885762537,115
115,1.15,0.1543545384,NORMAL,1.966784612,0.08753656218,0.8823533144,116
116,1.16,-1.235283742,NORMAL,1.671495869,0.09470996309,0.885762537,117
117,1.17,-1.590798741,NORMAL,1.902112539,0.08753656218,0.8823533144,118
118,1.18,-1.360715355,NORMAL,1.617655499,0.07013150005,0.8845188953,119
119,1.19,0.4951250367,NORMAL,0.7478943597,0.05272643793,0.8949373353,120
120,1.2,-1.529586407,NORMAL,1.808574035,0.07013150005,0.8845188953,121
121,1.21,0.02331219452,NORMAL,0.7559635216,0.05272643793,0.8949373353,122
122,1.22,1.506542178,NORMAL,1.626518488,0.05008195191,0.8954464623,123
123,1.23,-1.037451327,NORMAL,1.218161007,0.05272643793,0.8949373353,124
124,1.24,0.641238117,NORMAL,0.6403747603,0.05008195191,0.9231409508,125
125,1.25,1.418202596,NORMAL,1.525778514,0.05272643793,0.8949373353,126
126,1.26,0.4869832494,NORMAL,1.296120785,0.07013150005,0.9174504122,127
127,1.27,-1.187126615,NORMAL,1.401975324,0.08753656218,0.9091908789,128
128,1.28,-0.5977878137,NORMAL,1.195102019,0.07013150005,0.9174504122,129
129,1.29,0.5499482947,NORMAL,1.293154666,0.05272643793,0.9513445664,130
130,1.3,-1.282288774,NORMAL,2.05973019,0.07013150005,0.9174504122,131
131,1.31,-2.077690484,NORMAL,2.239374668,0.05272643793,0.9513445664,132
132,1.32,2.061194736,NORMAL,2.120172603,0.05008195191,0.9485608769,133
133,1.33,-0.5525172696,NORMAL,2.135015461,0.05272643793,0.9536186173,134
134,1.34,0.5098670392,NORMAL,2.007482996,0.05008195191,0.9485608769,135
135,1.35,-1.363457812,NORMAL,2.472223982,0.05272643793,0.9513445664,136
136,1.36,-0.1974668241,NORMAL,1.396523662,0.05008195191,0.9485608769,137
137,1.37,1.142064541,NORMAL,1.160173224,0.04743746589,0.9435031365,138
138,1.38,0.625578345,NORMAL,0.6067047536,0.05008195191,0.9485608769,139
139,1.39,-0.06107139774,NORMAL,0.161038664,0.05272643793,0.9513445664,140
140,1.4,-0.8579834504,NORMAL,0.9836692885,0.05008195191,0.9231409508,141
141,1.41,1.983500447,NORMAL,2.051994218,0.04743746589,0.9435031365,142
142,1.42,-0.06843040976,NORMAL,0.4085472685,0.05008195191,0.9485608769,143
143,1.43,-1.954830555,NORMAL,2.122163608,0.04743746589,0.9435031365,144
144,1.44,1.047505615,NORMAL,1.092122067,0.03537483021,0.9267560983,145
145,1.45,-1.611744071,NORMAL,1.754304881,0.04743746589,0.9457771874,146
146,1.46,-0.1745608996,NORMAL,1.025337003,0.03537483021,0.9333100298,147
147,1.47,-0.01599013163,NORMAL,0.9459863634,0.02331219452,0.9294815796,148
148,1.48,-0.9816276243,NORMAL,1.081027754,0.01595481447,0.9228092762,149
149,1.49,0.1885401457,NORMAL,0.9477513678,0.008597434417,0.9277569278,150
150,1.5,-0.4928272722,NORMAL,0.6106150082,0.01595481447,0.9228092762,151
151,1.51,0.5059976051,NORMAL,0.5437636937,0.008597434417,0.914735898,152
152,1.52,0.8652126975,NORMAL,0.928907854,0.01595481447,0.9142541742,153
153,1.53,0.4340038333,NORMAL,0.4459953497,0.02331219452,0.9208428721,154
154,1.54,0.204063252,NORMAL,0.397649004,0.03537483021,0.9231409508,155
155,1.55,-0.5270238183,NORMAL,0.6363256495,0.04743746589,0.9027787652,156
156,1.56,1.075809964,NORMAL,1.134296785,0.03537483021,0.9172512409,157
157,1.57,-0.6375573748,NORMAL,0.7587626859,0.04743746589,0.9027787652,158
158,1.58,1.716919815,NORMAL,1.821547385,0.03537483021,0.9231409508,159
159,1.59,0.08713222254,NORMAL,0.6758281952,0.04743746589,0.9435031365,160
160,1.6,2.03505736,NORMAL,2.150240877,0.05008195191,0.9231409508,161
161,1.61,-0.1699124332,NORMAL,0.2340254824,0.05272643793,0.9513445664,162
162,1.62,-0.2076679983,NORMAL,0.4789985947,0.05008195191,0.9231409508,163
163,1.63,0.427437372,NORMAL,0.4209225126,0.04743746589,0.9027787652,164
164,1.64,0.6971226419,NORMAL,0.7220341713,0.05008195191,0.896135828,165
165,1.65,1.453990072,NORMAL,1.561584798,0.05272643793,0.8973343207,166
166,1.66,0.1849208603,NORMAL,0.3752538318,0.06992933023,0.9263580663,167
167,1.67,0.7011466039,NORMAL,0.6743351834,0.08713222254,0.9105477461,168
168,1.68,0.6025765208,NORMAL,0.5851652858,0.08733439236,0.9104427339,169
169,1.69,-0.8487943832,NORMAL,1.029231153,0.08753656218,0.9097382478,170
170,1.7,0.444896118,NORMAL,0.5859746435,0.08733439236,0.9104427339,171
171,1.71,-1.401274332,NORMAL,1.636526658,0.08753656218,0.9097382478,172
172,1.72,-0.6757868015,NORMAL,0.8381869232,0.08733439236,0.9104427339,173
173,1.73,-0.223349622,NORMAL,0.6017228203,0.08713222254,0.9105477461,174
174,1.74,1.384108197,NORMAL,1.418651076,0.06992933023,0.9263580663,175
175,1.75,0.04124791969,NORMAL,0.6025026647,0.08713222254,0.9105477461,176
176,1.76,1.10614562,NORMAL,1.118591533,0.06992933023,0.9263580663,177
177,1.77,-0.1065819718,NORMAL,0.6018134081,0.08713222254,0.9105477461,178
178,1.78,0.8128409688,NORMAL,0.8019702808,0.06992933023,0.9263580663,179
179,1.79,-1.326376741,NORMAL,1.552372151,0.08713222254,0.9105477461,180
180,1.8,0.3206690473,NORMAL,0.8000464745,0.06992933023,0.9325860824,181
181,1.81,-0.5203186215,NORMAL,1.120422031,0.08713222254,0.9105477461,182
182,1.82,0.6040014182,NORMAL,1.094416379,0.06992933023,0.9263580663,183
183,1.83,-0.5102548017,NORMAL,1.638422689,0.08713222254,0.9103377217,184
184,1.84,-1.404517336,NORMAL,1.618097484,0.06992933023,0.9112223962,185
185,1.85,-1.155640456,NORMAL,1.346618385,0.05272643793,0.8973343207,186
186,1.86,0.6852226948,NORMAL,0.6880214146,0.05008195191,0.9231409508,187
187,1.87,-0.5076807514,NORMAL,0.5976153482,0.05272643793,0.9377389504,188
188,1.88,0.2555611847,NORMAL,0.4512738287,0.05008195191,0.9202588578,189
189,1.89,-1.80562377,NORMAL,2.070967492,0.05272643793,0.8973343207,190
190,1.9,0.3399521213,NORMAL,0.4488785029,0.05008195191,0.9202588578,191
191,1.91,-0.01266306153,NORMAL,0.3867609499,0.05272643793,0.8973343207,192
192,1.92,-1.120698968,NORMAL,1.30647708,0.05008195191,0.896135828,193
193,1.93,1.144005442,NORMAL,1.214658583,0.04743746589,0.9027787652,194
194,1.94,0.5065547662,NORMAL,0.4960265369,0.05008195191,0.9202588578,195
195,1.95,-1.182203003,NORMAL,1.376220003,0.05272643793,0.8973343207,196
196,1.96,-0.7077321095,NORMAL,0.8234792363,0.05008195191,0.9202588578,197
197,1.97,0.08526377572,NORMAL,0.1769677724,0.04743746589,0.9435031365,198
198,1.98,2.198553207,NORMAL,2.334637952,0.05008195191,0.9202588578,199
199,1.99,-0.004826237396,NORMAL,0.3308427313,0.05272643793,0.9377389504,200
200,2,-0.7673049105,NORMAL,0.8882140666,0.05008195191,0.9202588578,201
201,2.01,0.6310606196,NORMAL,0.6696376266,0.04743746589,0.9435031365,202
202,2.02,0.2898330033,NORMAL,0.4370677106,0.05008195191,0.9202588578,203
203,2.03,0.6012759098,NORMAL,0.6113100315,0.05272643793,0.8973343207,204
204,2.04,-0.6608328737,NORMAL,0.8056210481,0.06899510682,0.9059197029,205
205,2.05,0.59222141,NORMAL,0.6012195897,0.05272643793,0.8973343207,206
206,2.06,-2.506717681,NORMAL,2.843202084,0.06899510682,0.9059197029,207
207,2.07,0.3295512175,NORMAL,0.3142020538,0.05272643793,0.8973343207,208
208,2.08,-1.131185696,NORMAL,1.324820289,0.06899510682,0.9059197029,209
209,2.09,-1.332800889,NORMAL,1.544048071,0.05272643793,0.8973343207,210
210,2.1,-0.7985469115,NORMAL,0.9221632112,0.05008195191,0.9202588578,211
211,2.11,-0.3142249611,NORMAL,1.586048374,0.04743746589,0.9435031365,212
212,2.12,-0.3495945418,NORMAL,1.04100917,0.04434269279,0.9231409508,213
213,2.13,0.4265835123,NORMAL,1.915262066,0.04124791969,0.9119553864,214
214,2.14,-0.9398183618,NORMAL,1.088727341,0.04434269279,0.9039554878,215
215,2.15,0.1756907527,NORMAL,1.917278583,0.04124791969,0.9119553864,216
216,2.16,-0.5107345328,NORMAL,1.067168047,0.04434269279,0.9039554878,217
217,2.17,0.2696871722,NORMAL,1.004204034,0.04124791969,0.9051322104,218
218,2.18,0.8391598271,NORMAL,0.8903015002,0.04434269279,0.8927505279,219
219,2.19,1.052398219,NORMAL,1.121663579,0.04743746589,0.8959555892,220
220,2.2,1.335954205,NORMAL,1.43490776,0.05008195191,0.896135828,221
221,2.21,-1.291360107,NORMAL,1.497865972,0.05272643793,0.8973343207,222
222,2.22,-0.1487456905,NORMAL,0.2160562115,0.05008195191,0.9202588578,223
223,2.23,0.9208194592,NORMAL,0.9674374575,0.04743746589,0.9027787652,224
224,2.24,0.5568457936,NORMAL,0.5506753208,0.05008195191,0.9202588578,225
225,2.25,-1.47163532,NORMAL,1.698766806,0.05272643793,0.8973343207,226
226,2.26,-1.691117608,NORMAL,1.892075849,0.05008195191,0.9202588578,227
227,2.27,0.5437478626,NORMAL,0.6039282904,0.04743746589,0.9435031365,228
228,2.28,1.316699925,NORMAL,1.376371401,0.05008195191,0.9202588578,229
229,2.29,-0.9330897042,NORMAL,1.05126927,0.05272643793,0.9377389504,230
230,2.3,0.08531883972,NORMAL,0.1609073059,0.05008195191,0.9445417584,231
231,2.31,0.130798612,NORMAL,0.08325576542,0.05272643793,0.9377389504,232
232,2.32,1.649622747,NORMAL,1.722686134,0.06899510682,0.9175366355,233
233,2.33,-0.1013143968,NORMAL,0.4702360574,0.08526377572,0.9125605121,234
234,2.34,1.08891448,NORMAL,1.111584359,0.06899510682,0.9175366355,235
235,2.35,0.5428008113,NORMAL,0.5013772013,0.08526377572,0.9125605121,236
236,2.36,-0.09451074258,NORMAL,0.1975479724,0.08529130772,0.9101690494,237
237,2.37,-1.116328657,NORMAL,1.323663913,0.08526377572,0.9077775868,238
238,2.38,-0.4615928293,NORMAL,0.5782743877,0.06899510682,0.9175366355,239
239,2.39,1.125082172,NORMAL,1.195045937,0.05272643793,0.8973343207,240
240,2.4,-0.1757194462,NORMAL,0.3414171304,0.06899510682,0.9175366355,241
241,2.41,0.3900336461,NORMAL,0.3758991497,0.05272643793,0.8973343207,242
242,2.42,-1.089831167,NORMAL,1.279171068,0.06899510682,0.9059197029,243
243,2.43,-1.894207824,NORMAL,2.169686612,0.05272643793,0.8973343207,244
244,2.44,-1.003013356,NORMAL,1.144346832,0.05008195191,0.9202588578,245
245,2.45,1.402229739,NORMAL,1.435917085,0.04743746589,0.9435031365,246
246,2.46,0.433422145,NORMAL,0.4058477984,0.05008195191,0.9445417584,247
247,2.47,-0.7880367461,NORMAL,0.8965855409,0.05272643793,0.9377389504,248
248,2.48,-1.509859321,NORMAL,1.651532353,0.05008195191,0.9445417584,249
249,2.49,1.70218901,NORMAL,1.749985066,0.04743746589,0.9455803803,250
250,2.5,-0.07322078822,NORMAL,0.3008851639,0.05008195191,0.9485608769,251
251,2.51,-0.01751266861,NORMAL,0.1948057137,0.04743746589,0.9455803803,252
252,2.52,-1.127982881,NORMAL,1.247086075,0.04434269279,0.9400518513,253
253,2.53,1.137683177,NORMAL,1.170654062,0.04124791969,0.9366005662,254
254,2.54,-0.1607629255,NORMAL,0.4377674523,0.04434269279,0.9456787839,255
255,2.55,-0.5152741484,NORMAL,0.5941936063,0.04124791969,0.9366005662,256
256,2.56,-1.606936436,NORMAL,1.77351028,0.0322800571,0.9242779763,257
257,2.57,0.3544428924,NORMAL,0.7091396732,0.02331219452,0.9294815796,258
258,2.58,0.1756289384,NORMAL,0.6150261692,0.0322800571,0.9242779763,259
259,2.59,-0.9522672293,NORMAL,1.063348982,0.04124791969,0.9343265153,260
260,2.6,-0.2920457835,NORMAL,0.615361014,0.0322800571,0.9242779763,261
261,2.61,-1.27950716,NORMAL,1.414811792,0.02331219452,0.9208428721,262
262,2.62,-0.990050119,NORMAL,1.090154769,0.01595481447,0.9228092762,263
263,2.63,1.232729503,NORMAL,1.319453438,0.008597434417,0.9277569278,264
264,2.64,-1.325632621,NORMAL,1.438152159,0.01595481447,0.9328550019,265
265,2.65,0.03680590014,NORMAL,1.175990283,0.008597434417,0.9288749144,266
266,2.66,0.5765479463,NORMAL,1.094835178,0.01595481447,0.9328550019,267
267,2.67,0.8656530941,NORMAL,1.176595031,0.02331219452,0.9294815796,268
268,2.68,-1.063170454,NORMAL,1.180114339,0.03005904733,0.9296948823,269
269,2.69,0.1995657956,NORMAL,1.489815308,0.02331219452,0.9317237166,270
270,2.7,0.169510684,NORMAL,1.095943662,0.03005904733,0.9296948823,271
271,2.71,-0.8644688235,NORMAL,0.9690971547,0.03680590014,0.930014828,272
272,2.72,-0.1480166186,NORMAL,1.09648527,0.03005904733,0.9296948823,273
273,2.73,1.022391477,NORMAL,1.07487798,0.02331219452,0.9294815796,274
274,2.74,0.4711969982,NORMAL,1.046213661,0.03005904733,0.9296948823,275
275,2.75,0.4574095363,NORMAL,0.7725251916,0.03680590014,0.930014828,276
276,2.76,2.896263706,NORMAL,3.065143415,0.03902690991,0.9321706716,277
277,2.77,-0.1440619101,NORMAL,0.1978536384,0.04124791969,0.9366005662,278
278,2.78,-1.618698604,NORMAL,1.778349785,0.03902690991,0.9321706716,279
279,2.79,0.735117773,NORMAL,0.7508610098,0.03680590014,0.930014828,280
280,2.8,-0.07221763001,NORMAL,0.4293579495,0.03902690991,0.9387246031,281
281,2.81,-0.678651326,NORMAL,0.7692965796,0.03680590014,0.930014828,282
282,2.82,-0.4308160762,NORMAL,0.550309022,0.03005904733,0.9296948823,283
283,2.83,-0.9834445147,NORMAL,1.083137882,0.02331219452,0.9294815796,284
284,2.84,0.07612552556,NORMAL,0.8612693586,0.01595481447,0.9328550019,285
285,2.85,-0.6395016435,NORMAL,0.7131005634,0.02331219452,0.9294815796,286
286,2.86,-0.7445597832,NORMAL,0.8565247192,0.01595481447,0.9328550019,287
287,2.87,1.461069767,NORMAL,1.563689912,0.008597434417,0.9288749144,288
288,2.88,0.7473473882,NORMAL,0.7787200869,0.01595481447,0.9392239728,289
289,2.89,1.137297235,NORMAL,1.186925287,0.02331219452,0.9385468926,290
290,2.9,-0.7963174491,NORMAL,0.8703003925,0.03005904733,0.9495301893,291
291,2.91,-0.8311309085,NORMAL,0.8998182078,0.02331219452,0.9495730311,292
292,2.92,-1.219576922,NORMAL,1.305999063,0.01595481447,0.9460433562,293
293,2.93,0.5784134413,NORMAL,0.6082637176,0.008597434417,0.9579891202,294
294,2.94,0.6938864793,NORMAL,0.7165968244,0.01595481447,0.9460433562,295
295,2.95,0.2668747555,NORMAL,0.25619529,0.02331219452,0.9506910178,296
296,2.96,0.5569910893,NORMAL,0.5488104196,0.03005904733,0.9601349084,297
297,2.97,1.272300712,NORMAL,1.285176203,0.03680590014,0.9613427397,298
298,2.98,-0.3262825977,NORMAL,0.7708277371,0.03902690991,0.9644723341,299
299,2.99,0.5556387853,NORMAL,0.5396960561,0.03680590014,0.9613427397,300
300,3,-0.8399046167,NORMAL,0.9199473385,0.03902690991,0.9554150436,301
301,3.01,-1.380026187,NORMAL,1.473805365,0.03680590014,0.9613427397,302
302,3.02,0.009421001782,NORMAL,0.1290467337,0.03005904733,0.9601349084,303
303,3.03,-2.649828627,NORMAL,2.815097664,0.02331219452,0.9495730311,304
304,3.04,0.6146140386,NORMAL,0.632776239,0.01636659815,0.9454328457,305
305,3.05,0.6411446552,NORMAL,0.650642384,0.02331219452,0.9495730311,306
306,3.06,0.8789474373,NORMAL,0.8940088473,0.03005904733,0.9495301893,307
307,3.07,0.04202461473,NORMAL,0.02741660659,0.03680590014,0.9613427397,308
308,3.08,-1.543806615,NORMAL,1.656697302,0.03902690991,0.9554150436,309
309,3.09,-1.958330052,NORMAL,2.075363832,0.03680590014,0.9613427397,310
310,3.1,-0.7090957256,NORMAL,0.7698447025,0.03005904733,0.9601349084,311
311,3.11,1.179924693,NORMAL,1.2166019,0.02331219452,0.9506910178,312
312,3.12,0.1330696207,NORMAL,0.3208600697,0.03005904733,0.9660197627,313
313,3.13,0.1368421982,NORMAL,0.1031750057,0.03680590014,0.969578799,314
314,3.14,-1.886443815,NORMAL,1.99639809,0.03902690991,0.9644723341,315
315,3.15,1.698404725,NORMAL,1.713732629,0.03680590014,0.969578799,316
316,3.16,1.161525479,NORMAL,1.154972666,0.03902690991,0.9718832329,317
317,3.17,-0.3765968819,NORMAL,0.5141741147,0.04124791969,0.9723998631,318
318,3.18,-0.7344190713,NORMAL,0.7958219209,0.03902690991,0.9718832329,319
319,3.19,0.5075648099,NORMAL,0.5825278144,0.03680590014,0.9706967857,320
320,3.2,0.06354740786,NORMAL,0.5426589393,0.03902690991,0.9718832329,321
321,3.21,-0.9780830225,NORMAL,1.053461049,0.04124791969,0.9676019285,322
322,3.22,-0.9267375567,NORMAL,0.9937042166,0.03902690991,0.9718832329,323
323,3.23,-0.7334187382,NORMAL,0.7934760367,0.03680590014,0.9706967857,324
324,3.24,1.171597373,NORMAL,1.16749395,0.03005904733,0.9777680872,325
325,3.25,-1.02138843,NORMAL,1.086232526,0.03680590014,0.9741876667,326
326,3.26,0.4374319367,NORMAL,0.4129102144,0.03005904733,0.986589518,327
327,3.27,1.033727391,NORMAL,1.023336186,0.03680590014,0.9741876667,328
328,3.28,-0.02301577871,NORMAL,0.1015177574,0.03902690991,0.9748411935,329
329,3.29,-0.8365069881,NORMAL,0.8964524168,0.03680590014,0.9741876667,330
330,3.3,-0.7196908637,NORMAL,0.7599410873,0.03005904733,0.986589518,331
331,3.31,0.7155387434,NORMAL,0.7053829944,0.02331219452,0.9813485076,332
332,3.32,-1.69854305,NORMAL,1.747124594,0.03005904733,0.9893982964,333
333,3.33,1.190556809,NORMAL,1.187808192,0.02331219452,0.9826877963,334
334,3.34,1.965332122,NORMAL,1.954273996,0.03005904733,0.9902772479,335
335,3.35,-1.662809963,NORMAL,1.725583255,0.03680590014,0.9849515273,336
336,3.36,-2.214788549,NORMAL,2.263593468,0.03005904733,0.9917185344,337
337,3.37,-0.2235222407,NORMAL,0.2470836514,0.02331219452,0.9989913693,338
338,3.38,-0.1222150985,NORMAL,0.6936479968,0.01636659815,1.001847981,339
339,3.39,1.751147304,NORMAL,1.752736298,0.009421001782,0.9937183958,340
340,3.4,-1.001787149,NORMAL,1.016275689,0.01636659815,1.001847981,341
341,3.41,0.0467918413,NORMAL,0.9373320741,0.009421001782,1.00194359,342
342,3.42,0.03348100038,NORMAL,0.4596444169,0.01636659815,1.001847981,343
343,3.43,-2.251388682,NORMAL,2.287986218,0.02331219452,0.9941934346,344
344,3.44,2.477532841,NORMAL,2.456626443,0.01636659815,1.001847981,345
345,3.45,0.3685795765,NORMAL,0.4852945933,0.02331219452,0.9989913693,346
346,3.46,-1.442163126,NORMAL,1.484155205,0.02839659745,0.9908395828,347
347,3.47,-1.434339594,NORMAL,1.459123505,0.02331219452,0.9989913693,348
348,3.48,0.2831313704,NORMAL,0.9379628652,0.01636659815,1.004253456,349
349,3.49,1.428511656,NORMAL,1.40661822,0.02331219452,0.9989913693,350
350,3.5,0.1828841598,NORMAL,0.4943315507,0.02839659745,0.994162512,351
351,3.51,1.102034055,NORMAL,1.074050588,0.03348100038,0.9948814951,352
352,3.52,-1.564013842,NORMAL,1.607043907,0.03514345026,0.9950924709,353
353,3.53,-0.6989246773,NORMAL,0.7358616913,0.03348100038,0.9953034467,354
354,3.54,0.5005907686,NORMAL,0.4946125107,0.02839659745,0.997145475,355
355,3.55,0.02021940367,NORMAL,0.140070681,0.03348100038,0.9953034467,356
356,3.56,-0.7313708118,NORMAL,0.7642285844,0.02839659745,0.994162512,357
357,3.57,-1.842434266,NORMAL,1.857554781,0.02331219452,1.004409926,358
358,3.58,-0.9617115698,NORMAL,0.976663872,0.02176579909,1.006976297,359
359,3.59,-0.3974766993,NORMAL,0.4839605562,0.02021940367,1.008995298,360
360,3.6,-0.2064662121,NORMAL,0.9366937311,0.01482020272,1.009182629,361
361,3.61,-1.045159732,NORMAL,1.113990746,0.009421001782,1.012536716,362
362,3.62,0.8277989763,NORMAL,1.070657626,0.009009218099,1.013602392,363
363,3.63,-0.7014155351,NORMAL,0.8243592217,0.009421001782,1.014788517,364
364,3.64,0.0431112518,NORMAL,1.067902538,0.009009218099,1.015338803,365
365,3.65,-1.317074059,NORMAL,1.307164043,0.009421001782,1.014788517,366
366,3.66,-0.7038593139,NORMAL,1.067235632,0.009009218099,1.015338803,367
367,3.67,-0.08467037824,NORMAL,1.520932465,0.008597434417,1.016009538,368
368,3.68,0.8838599019,NORMAL,1.065962008,0.005485648343,1.012178006,369
369,3.69,-1.544954933,NORMAL,1.529072621,0.008597434417,1.016009538,370
370,3.7,-0.2482405078,NORMAL,0.7783145764,0.005485648343,1.017462275,371
371,3.71,1.58467024,NORMAL,1.562929063,0.002373862268,1.012391679,372
372,3.72,-1.059906374,NORMAL,1.049980356,0.005485648343,1.017462275,373
373,3.73,-0.3856225854,NORMAL,1.020089072,0.002373862268,1.025236606,374
374,3.74,0.4454916908,NORMAL,1.436257266,-0.001226187564,1.024151576,375
375,3.75,-0.6799468906,NORMAL,1.477660277,0.002373862268,1.012391679,376
376,3.76,-1.168506295,NORMAL,1.436614633,-0.001226187564,1.012000214,377
377,3.77,-0.5142574817,NORMAL,1.793513047,-0.004826237396,1.023066547,378
378,3.78,-0.3570585175,NORMAL,2.111031069,-0.008744649465,1.009192676,379
379,3.79,1.065052096,NORMAL,1.793951925,-0.01266306153,0.9918838072,380
380,3.8,2.559142195,NORMAL,2.544496116,-0.008744649465,1.009192676,381
381,3.81,-0.6488457481,NORMAL,1.706976478,-0.004826237396,1.023066547,382
382,3.82,0.1872605556,NORMAL,1.825419028,-0.008744649465,1.009192676,383
383,3.83,-0.2631021424,NORMAL,1.846405046,-0.004826237396,1.00093388,384
384,3.84,0.0929327302,NORMAL,1.853453992,-0.008744649465,0.9941640407,385
385,3.85,0.7752006919,NORMAL,1.758283997,-0.004826237396,0.9990130764,386
386,3.86,0.7068939235,NORMAL,1.467582228,-0.001226187564,1.005310912,387
387,3.87,-1.079000363,NORMAL,1.492558561,0.002373862268,1.011608748,388
388,3.88,0.1041701229,NORMAL,1.738802205,-0.001226187564,1.012000214,389
389,3.89,-0.3213206701,NORMAL,1.435582274,0.002373862268,1.011608748,390
390,3.9,-0.7502171524,NORMAL,1.348689573,-0.001226187564,1.005310912,391
391,3.91,1.000811459,NORMAL,1.339514675,-0.004826237396,1.00093388,392
392,3.92,-1.274090803,NORMAL,1.257771093,-0.001226187564,1.012000214,393
393,3.93,-0.1120317843,NORMAL,1.288986785,-0.004826237396,1.023066547,394
394,3.94,-0.04674038856,NORMAL,1.130015714,-0.008744649465,1.009192676,395
395,3.95,-0.5862332482,NORMAL,1.13057739,-0.01266306153,0.9918838072,396
396,3.96,-0.9259803745,NORMAL,1.128334976,-0.01432659658,0.9909385763,397
397,3.97,-1.145198445,NORMAL,1.28670075,-0.01599013163,0.9968165213,398
398,3.98,0.06836958009,NORMAL,1.284389201,-0.01675140012,1.004667639,399
399,3.99,-1.319625637,NORMAL,1.307798855,-0.01599013163,0.9968165213,400
400,4,0.5691664594,NORMAL,1.273607106,-0.01675140012,1.004667639,401
401,4.01,0.5306601447,NORMAL,1.282205767,-0.01599013163,0.9968165213,402
402,4.02,1.013718283,NORMAL,1.111719094,-0.01432659658,0.9909385763,403
403,4.03,-0.3699214495,NORMAL,0.8126959666,-0.01266306153,0.9918838072,404
404,4.04,0.4611695823,NORMAL,1.267537824,-0.01432659658,0.9909385763,405
405,4.05,0.6675134678,NORMAL,0.8026848011,-0.01266306153,0.9893150049,406
406,4.06,0.499230056,NORMAL,0.5109566276,-0.008744649465,0.9941640407,407
407,4.07,0.1625678658,NORMAL,0.3499728794,-0.004826237396,0.9968108469,408
408,4.08,1.260635821,NORMAL,1.263849564,-0.001226187564,0.9984273798,409
409,4.09,0.5437776847,NORMAL,0.5384739854,0.002373862268,1.005441,410
410,4.1,0.00406788192,NORMAL,0.4608797632,0.005485648343,1.007240153,411
411,4.11,-0.05516004976,NORMAL,0.4860972666,0.00406788192,1.004600181,412
412,4.12,-0.7616225462,NORMAL,0.7693732547,0.003220872094,0.9941123032,413
413,4.13,0.447179158,NORMAL,0.4438781996,0.002373862268,1.002088627,414
414,4.14,0.9441557784,NORMAL,0.9465076564,0.003220872094,0.9941123032,415
415,4.15,0.008106550292,NORMAL,0.3703779577,0.00406788192,1.004600181,416
416,4.16,-0.4422496913,NORMAL,0.4493114672,0.006087216106,0.9978309929,417
417,4.17,0.7768328668,NORMAL,0.7839107373,0.00406788192,0.9857818603,418
418,4.18,-1.811782516,NORMAL,1.821821275,0.006087216106,0.9978309929,419
419,4.19,0.7594795057,NORMAL,0.7519525063,0.00406788192,1.004600181,420
420,4.2,0.236761747,NORMAL,0.229016417,0.006087216106,1.007240153,421
421,4.21,0.5356364925,NORMAL,0.5254845483,0.008106550292,1.003892396,422
422,4.22,-2.229374529,NORMAL,2.242590716,0.008351992355,0.9978309929,423
423,4.23,0.008361637546,NORMAL,0.5216559395,0.008106550292,1.003892396,424
424,4.24,1.980288918,NORMAL,1.976341523,0.008234093919,0.9978309929,425
425,4.25,1.130820037,NORMAL,1.118527666,0.008361637546,1.003514203,426
426,4.26,-1.691775937,NORMAL,1.68803385,0.008479535981,1.007240153,427
427,4.27,-0.1557770105,NORMAL,0.9295114138,0.008361637546,1.010966103,428
428,4.28,1.044040772,NORMAL,1.028361186,0.008234093919,1.007240153,429
429,4.29,0.2254454985,NORMAL,1.559590231,0.008361637546,1.010966103,430
430,4.3,-0.08338898579,NORMAL,1.550838759,0.008479535981,1.007240153,431
431,4.31,-1.255918693,NORMAL,1.559881874,0.008361637546,1.003514203,432
432,4.32,1.28311769,NORMAL,1.551127368,0.008234093919,1.007240153,433
433,4.33,-1.344833682,NORMAL,1.56017077,0.008361637546,1.010966103,434
434,4.34,-0.6014117111,NORMAL,1.076151413,0.008234093919,1.012453193,435
435,4.35,0.7545355208,NORMAL,0.9054154755,0.008106550292,1.010587911,436
436,4.36,-0.9163981204,NORMAL,1.076347871,0.008234093919,1.012453193,437
437,4.37,-0.7860897508,NORMAL,0.9079313582,0.008106550292,1.013940283,438
438,4.38,0.9150449925,NORMAL,0.8972310646,0.006087216106,1.013069891,439
439,4.39,0.4324336951,NORMAL,0.4173419578,0.008106550292,1.016737323,440
440,4.4,0.8312497145,NORMAL,0.8105822589,0.008234093919,1.015338803,441
441,4.41,-0.968799517,NORMAL,0.9614329476,0.008361637546,1.01635913,442
442,4.42,-1.522457431,NORMAL,1.504420913,0.008234093919,1.017462275,443
443,4.43,-0.1082446597,NORMAL,0.1142729027,0.008106550292,1.018187227,444
444,4.44,0.1628101724,NORMAL,0.1542315364,0.006087216106,1.016153765,445
445,4.45,-0.0526577858,NORMAL,0.3611594546,0.008106550292,1.016737323,446
446,4.46,-0.3945408629,NORMAL,0.3954594671,0.006087216106,1.013069891,447
447,4.47,-1.239324662,NORMAL,1.231227858,0.00406788192,1.009880126,448
448,4.48,0.6281781034,NORMAL,0.6181331577,0.003220872094,1.011039812,449
449,4.49,-1.033820494,NORMAL,1.027734233,0.00406788192,1.009880126,450
450,4.5,0.1679403621,NORMAL,0.3231685975,0.003220872094,1.011039812,451
451,4.51,1.521255269,NORMAL,1.50234404,0.00406788192,1.009880126,452
452,4.52,-0.1003336733,NORMAL,0.1219940282,0.006087216106,1.013069891,453
453,4.53,-1.787806635,NORMAL,1.774343778,0.00406788192,1.009880126,454
454,4.54,1.95131173,NORMAL,1.926819138,0.003220872094,1.011039812,455
455,4.55,-1.11756129,NORMAL,1.108110777,0.00406788192,1.012199498,456
456,4.56,-0.6907475446,NORMAL,0.6857393975,0.003220872094,1.012000214,457
457,4.57,0.365725498,NORMAL,0.4887323146,0.002373862268,1.012391679,458
458,4.58,1.46885038,NORMAL,1.448250196,0.003220872094,1.012000214,459
459,4.59,0.4831058243,NORMAL,0.4723679642,0.00406788192,1.014120302,460
460,4.6,-0.4438079571,NORMAL,0.4427432037,0.006087216106,1.016153765,461
461,4.61,-0.792661696,NORMAL,0.7871270236,0.00406788192,1.012199498,462
462,4.62,-1.50333197,NORMAL,1.488688265,0.003220872094,1.012000214,463
463,4.63,0.1489278745,NORMAL,1.127486745,0.002373862268,1.012391679,464
464,4.64,0.4963102031,NORMAL,0.4872423191,0.003220872094,1.012000214,465
465,4.65,2.092053497,NORMAL,2.062820244,0.00406788192,1.012199498,466
466,4.66,0.3358367883,NORMAL,0.3646172168,0.006087216106,1.016153765,467
467,4.67,1.586568253,NORMAL,1.552477388,0.008106550292,1.016737323,468
468,4.68,-1.170023504,NORMAL,1.158035661,0.008234093919,1.017462275,469
469,4.69,0.8121666763,NORMAL,0.7896977141,0.008106550292,1.018187227,470
470,4.7,0.8084260959,NORMAL,0.785012432,0.008234093919,1.019336726,471
471,4.71,-0.1967503357,NORMAL,0.6334336199,0.008361637546,1.020486224,472
472,4.72,0.1615355502,NORMAL,0.171297693,0.008234093919,1.019336726,473
473,4.73,0.7878322155,NORMAL,0.7652631464,0.008361637546,1.01856542,474
474,4.74,1.542376149,NORMAL,1.504261727,0.008479535981,1.019700618,475
475,4.75,0.3123931839,NORMAL,0.6597190357,0.008597434417,1.020807473,476
476,4.76,0.7337803223,NORMAL,0.7106565815,0.009009218099,1.019861242,477
477,4.77,2.633694301,NORMAL,2.572473879,0.009421001782,1.020136033,478
478,4.78,0.9382869645,NORMAL,1.368998699,0.01482020272,1.021755758,479
479,4.79,-0.8291637342,NORMAL,1.497305951,0.02021940367,1.018063643,480
480,4.8,-2.05088825,NORMAL,2.018413108,0.01482020272,1.023431945,481
481,4.81,-0.5191814831,NORMAL,1.382351943,0.009421001782,1.025005009,482
482,4.82,0.7206618695,NORMAL,1.384522921,0.009009218099,1.023530923,483
483,4.83,-2.467115168,NORMAL,2.416121042,0.009421001782,1.025005009,484
484,4.84,0.9280000773,NORMAL,1.369607391,0.009009218099,1.025889204,485
485,4.85,0.5543770615,NORMAL,1.497968833,0.009421001782,1.025552378,486
486,4.86,0.1291271076,NORMAL,1.817809808,0.01482020272,1.024981221,487
487,4.87,-0.3522854927,NORMAL,1.49475313,0.02021940367,1.028546427,488
488,4.88,1.074174645,NORMAL,1.498807824,0.01482020272,1.023431945,489
489,4.89,0.4609039524,NORMAL,1.819426379,0.02021940367,1.028546427,490
490,4.9,-1.4659569,NORMAL,2.021858734,0.02176579909,1.022179362,491
491,4.91,-0.8043297025,NORMAL,1.69718645,0.02021940367,1.028546427,492
492,4.92,1.244483564,NORMAL,1.366236539,0.01482020272,1.024981221,493
493,4.93,0.1825131806,NORMAL,1.700647565,0.02021940367,1.030880453,494
494,4.94,-1.698522299,NORMAL,1.704756135,0.02176579909,1.02971344,495
495,4.95,-1.708373246,NORMAL,1.707869188,0.02021940367,1.030880453,496
496,4.96,1.80093545,NORMAL,1.738980708,0.01482020272,1.027104693,497
497,4.97,-0.9793098061,NORMAL,1.701122546,0.02021940367,1.0318988,498
498,4.98,-1.155362109,NORMAL,1.366808965,0.01482020272,1.029101291,499
499,4.99,-1.733642895,NORMAL,1.685628868,0.009421001782,1.034073354,500
500,5,0.05234189147,NORMAL,0.7031235264,0.009009218099,1.03607162,501
501,5.01,1.5710612,NORMAL,1.510183192,0.009421001782,1.034073354,502
502,5.02,1.364287404,NORMAL,1.304496636,0.01482020272,1.0344735,503
503,5.03,1.435234064,NORMAL,1.36312519,0.02021940367,1.038066548,504
504,5.04,0.06682255732,NORMAL,1.025316175,0.02176579909,1.039398832,505
505,5.05,-0.04251348111,NORMAL,1.025614352,0.02331219452,1.040731116,506
506,5.06,0.349831366,NORMAL,0.6313753265,0.02176579909,1.037310872,507
507,5.07,-0.598635077,NORMAL,0.6302280223,0.02331219452,1.036484172,508
508,5.08,-0.8096658553,NORMAL,0.803170184,0.02176579909,1.0351874,509
509,5.09,-0.07578089883,NORMAL,0.2148989244,0.02021940367,1.036145744,510
510,5.1,0.6685107543,NORMAL,0.6352052588,0.01482020272,1.029101291,511
511,5.11,-1.254586393,NORMAL,1.235398081,0.02021940367,1.0318988,512
512,5.12,-1.085907823,NORMAL,1.069601249,0.01482020272,1.029101291,513
513,5.13,-1.332837475,NORMAL,1.298811122,0.009009218099,1.033134588,514
514,5.14,0.9534777058,NORMAL,0.9115861,0.009009218099,1.03607162,515
515,5.15,-0.8383914438,NORMAL,0.8247786397,0.01482020272,1.0344735,516
516,5.16,-0.4874639797,NORMAL,0.4791881064,0.009009218099,1.03607162,517
517,5.17,0.7901766166,NORMAL,0.756113877,0.009009218099,1.033134588,518
518,5.18,0.3320722952,NORMAL,0.3460195947,0.01482020272,1.0344735,519
519,5.19,0.6739956578,NORMAL,0.6372086426,0.01482020272,1.0344735,520
520,5.2,-0.2725923823,NORMAL,0.2837704582,0.02176579909,1.037310872,521
521,5.21,-0.6868220354,NORMAL,0.6831007499,0.02176579909,1.037310872,522
522,5.22,0.7231675016,NORMAL,0.867927315,0.01482020272,1.039570045,523
523,5.23,0.2261554017,NORMAL,0.3429296549,0.01482020272,1.043164762,524
524,5.24,0.01876137803,NORMAL,0.04215926769,0.01482020272,1.039570045,525
525,5.25,1.166754665,NORMAL,1.104975455,0.01949039085,1.038271274,526
526,5.26,0.01531551767,NORMAL,0.170890532,0.02176579909,1.040128699,527
527,5.27,1.598192979,NORMAL,1.520510707,0.01949039085,1.038271274,528
528,5.28,0.2717162411,NORMAL,0.242928661,0.01949039085,1.038271274,529
529,5.29,-1.531592955,NORMAL,1.497148118,0.01949039085,1.036025311,530
530,5.3,-0.8409591774,NORMAL,0.8287329043,0.01949039085,1.038271274,531
531,5.31,0.2450541275,NORMAL,0.2185381565,0.01703844785,1.043367819,532
532,5.32,-1.426377669,NORMAL,1.392572535,0.01949039085,1.038271274,533
533,5.33,-2.513804234,NORMAL,2.432552274,0.01949039085,1.041414259,534
534,5.34,-1.340707401,NORMAL,1.301357169,0.01949039085,1.045214814,535
535,5.35,-1.161202287,NORMAL,1.124130463,0.01703844785,1.048135224,536
536,5.36,-0.8025194593,NORMAL,0.7746275881,0.01236825972,1.051973531,537
537,5.37,-2.405514891,NORMAL,2.293578246,0.01236825972,1.054196932,538
538,5.38,0.4521543386,NORMAL,1.703527518,0.01236825972,1.056140062,539
539,5.39,0.3786841994,NORMAL,1.705535165,0.01236825972,1.054196932,540
540,5.4,-0.8201271713,NORMAL,0.8459644335,0.01703844785,1.050078353,541
541,5.41,0.7548431136,NORMAL,0.8219825086,0.01236825972,1.054196932,542
542,5.42,-1.146849519,NORMAL,1.10838202,0.01703844785,1.050078353,543
543,5.43,-2.035273286,NORMAL,1.943219283,0.01703844785,1.056140062,544
544,5.44,0.08205910306,NORMAL,1.685447878,0.01236825972,1.057986535,545
545,5.45,-1.570585994,NORMAL,1.49484788,0.01703844785,1.062064216,546
546,5.46,-1.481762328,NORMAL,1.40913345,0.01703844785,1.063632955,547
547,5.47,0.182353071,NORMAL,1.701574946,0.01703844785,1.063632955,548
548,5.48,-0.207459611,NORMAL,0.6542376624,0.01949039085,1.059997705,549
549,5.49,1.877236556,NORMAL,1.759225145,0.01949039085,1.056002508,550
550,5.5,-0.6012303191,NORMAL,0.5855868435,0.01949039085,1.059997705,551
551,5.51,0.6035296742,NORMAL,1.118299342,0.01703844785,1.062064216,552
552,5.52,-0.1391181394,NORMAL,1.119582601,0.01703844785,1.056140062,553
553,5.53,1.305494798,NORMAL,1.226646084,0.01236825972,1.054196932,554
554,5.54,-0.4028844713,NORMAL,0.393904325,0.01236825972,1.054196932,555
555,5.55,-1.586824817,NORMAL,1.520183759,0.01236825972,1.051973531,556
556,5.56,2.121581605,NORMAL,2.005006099,0.01236825972,1.051973531,557
557,5.57,-0.923578342,NORMAL,1.403408997,0.01703844785,1.050078353,558
558,5.58,-0.3719925525,NORMAL,2.219103289,0.01236825972,1.056140062,559
559,5.59,2.013951936,NORMAL,2.219103289,0.01236825972,1.056140062,560
560,5.6,-0.06874141592,NORMAL,2.24519777,0.01703844785,1.062064216,561
561,5.61,-0.251667758,NORMAL,2.264932396,0.01236825972,1.056140062,562
562,5.62,-0.3584139126,NORMAL,1.766155223,0.01236825972,1.056140062,563
563,5.63,1.500426199,NORMAL,1.643627876,0.009009218099,1.05418598,564
564,5.64,0.9794537478,NORMAL,1.646587054,0.009009218099,1.05418598,565
565,5.65,-0.2703556837,NORMAL,1.370890496,0.009009218099,1.055997553,566
566,5.66,-1.058629366,NORMAL,1.186196893,0.009009218099,1.05418598,567
567,5.67,-0.4741189748,NORMAL,1.170925258,0.008479535981,1.055997553,568
568,5.68,-2.039787186,NORMAL,1.939418584,0.008234093919,1.055997553,569
569,5.69,0.05512033478,NORMAL,1.133586112,0.006087216106,1.055437629,570
570,5.7,-1.45405344,NORMAL,1.384745191,0.008234093919,1.055997553,571
571,5.71,-0.4885324895,NORMAL,1.133586112,0.006087216106,1.055437629,572
572,5.72,1.669148768,NORMAL,1.580556833,0.006087216106,1.05219978,573
573,5.73,-0.3532573732,NORMAL,1.157473384,0.008234093919,1.055997553,574
574,5.74,-2.025295943,NORMAL,1.930605953,0.006087216106,1.05219978,575
575,5.75,0.7345195001,NORMAL,1.341736627,0.003220872094,1.055069739,576
576,5.76,0.1549367141,NORMAL,1.129525719,0.006087216106,1.058868457,577
577,5.77,-0.09844128282,NORMAL,1.131500494,0.006087216106,1.055437629,578
578,5.78,0.3995974164,NORMAL,0.9995916775,0.006087216106,1.055437629,579
579,5.79,-0.008564391687,NORMAL,0.7655749422,0.008234093919,1.055997553,580
580,5.8,-1.762243113,NORMAL,1.675447493,0.006087216106,1.055437629,581
581,5.81,-0.2170266454,NORMAL,0.8423486533,0.003220872094,1.056081532,582
582,5.82,1.575408855,NORMAL,1.498562874,-0.001226187564,1.052098026,583
583,5.83,1.88455299,NORMAL,1.777345949,0.003220872094,1.058506431,584
584,5.84,0.08738266301,NORMAL,0.7818466986,0.006087216106,1.06173673,585
585,5.85,1.088948039,NORMAL,1.017140294,0.008234093919,1.062502342,586
586,5.86,-2.217402201,NORMAL,2.094711896,0.008234093919,1.062502342,587
587,5.87,0.4925731408,NORMAL,0.6983480714,0.008234093919,1.06367986,588
588,5.88,0.1014417072,NORMAL,0.3925415511,0.008479535981,1.06367986,589
589,5.89,-1.232594583,NORMAL,1.167161239,0.008891319664,1.06367986,590
590,5.9,0.8287107682,NORMAL,0.7696022995,0.008234093919,1.066104759,591
591,5.91,-1.160749373,NORMAL,1.090440241,0.008234093919,1.072028914,592
592,5.92,0.8776108838,NORMAL,0.808870057,0.006087216106,1.07745819,593
593,5.93,1.307637938,NORMAL,1.205780685,0.006087216106,1.079425752,594
594,5.94,0.5823582748,NORMAL,0.532961317,0.008234093919,1.077234243,595
595,5.95,-0.006869429318,NORMAL,0.2569588457,0.008891319664,1.07625984,596
596,5.96,0.5919902483,NORMAL,0.5424019185,0.008234093919,1.076242791,597
597,5.97,-0.5672864702,NORMAL,0.5347497508,0.008234093919,1.076242791,598
598,5.98,-1.407221498,NORMAL,1.311706316,0.006087216106,1.07745819,599
599,5.99,0.698594836,NORMAL,0.6415518796,0.006087216106,1.079425752,600
600,6,1.609021664,NORMAL,1.486016232,0.008234093919,1.077234243,601
601,6.01,0.2726197273,NORMAL,0.3810050118,0.008234093919,1.078449642,602
602,6.02,-1.072574545,NORMAL,1.003318124,0.008234093919,1.077234243,603
603,6.03,0.3444570583,NORMAL,0.5167686049,0.008234093919,1.078449642,604
604,6.04,0.08545393284,NORMAL,0.8979357779,0.008234093919,1.077234243,605
605,6.05,-0.6182263129,NORMAL,0.5832196312,0.008891319664,1.075268388,606
606,6.06,0.5527000575,NORMAL,0.5178445689,0.008891319664,1.075268388,607
607,6.07,-0.3710702534,NORMAL,0.8947964816,0.008891319664,1.075268388,608
608,6.08,-0.2836668768,NORMAL,0.5491691283,0.008234093919,1.076242791,609
609,6.09,-0.5353853151,NORMAL,0.5051085254,0.008234093919,1.076242791,610
610,6.1,0.8365405384,NORMAL,0.7707522482,0.006087216106,1.07745819,611
611,6.11,0.794531274,NORMAL,0.7317630188,0.006087216106,1.07745819,612
612,6.12,1.000539828,NORMAL,0.9220091812,0.008234093919,1.076242791,613
613,6.13,-0.633990859,NORMAL,1.275304367,0.008891319664,1.075268388,614
614,6.14,-0.8868833752,NORMAL,1.275304367,0.008891319664,1.075268388,615
615,6.15,0.4474064573,NORMAL,0.7811836347,0.008234093919,1.077234243,616
616,6.16,-1.355601999,NORMAL,1.266053416,0.008234093919,1.077234243,617
617,6.17,-0.04027442964,NORMAL,0.7783199654,0.006087216106,1.080417204,618
618,6.18,-1.893209865,NORMAL,1.74408416,-0.0003791777381,1.085286325,619
619,6.19,0.5255437377,NORMAL,0.4922853254,-0.005847833357,1.07943817,620
620,6.2,-0.7403920548,NORMAL,0.6818595797,-0.0003791777381,1.085286325,621
621,6.21,0.7898847774,NORMAL,0.736442422,-0.005847833357,1.080508927,622
622,6.22,0.9810559534,NORMAL,0.9133693971,-0.005847833357,1.080508927,623
623,6.23,-1.297093105,NORMAL,1.190157244,-0.005847833357,1.084936699,624
624,6.24,0.3188319734,NORMAL,0.7738802224,-0.007716910503,1.084936699,625
625,6.25,-1.553983045,NORMAL,1.429409342,-0.007716910503,1.081751804,626
626,6.26,-0.7418759577,NORMAL,0.6766837621,-0.007716910503,1.084936699,627
627,6.27,-1.124475522,NORMAL,1.027032733,-0.007716910503,1.087364186,628
628,6.28,0.4362976475,NORMAL,0.6130491889,-0.01061372661,1.088026236,629
629,6.29,-0.9000019214,NORMAL,0.820594445,-0.007716910503,1.087364186,630
630,6.3,-2.092537261,NORMAL,1.917315631,-0.007716910503,1.087364186,631
631,6.31,-0.2272144996,NORMAL,0.6272440861,-0.007716910503,1.087364186,632
632,6.32,-0.8673568802,NORMAL,1.002772319,-0.01061372661,1.086046624,633
633,6.33,-0.1094081048,NORMAL,1.313300693,-0.01061372661,1.086046624,634
634,6.34,1.183448131,NORMAL,1.313300693,-0.01432659658,1.086168811,635
635,6.35,-0.2074062398,NORMAL,1.002772319,-0.01432659658,1.086168811,636
636,6.36,-0.9583639983,NORMAL,1.025195871,-0.01432659658,1.082371038,637
637,6.37,-0.4265922534,NORMAL,1.314303241,-0.01675140012,1.086564846,638
638,6.38,0.7267889991,NORMAL,1.302029328,-0.02026422366,1.080156441,639
639,6.39,1.62540721,NORMAL,1.51456348,-0.02026422366,1.086564846,640
640,6.4,0.2246821257,NORMAL,1.012183427,-0.01675140012,1.086564846,641
641,6.41,-0.8758299264,NORMAL,0.8575520918,-0.01432659658,1.086168811,642
642,6.42,-0.3840855667,NORMAL,0.850953539,-0.01675140012,1.090362619,643
643,6.43,-0.1854059767,NORMAL,1.2157993,-0.01675140012,1.086564846,644
644,6.44,0.2877321811,NORMAL,1.237586988,-0.01675140012,1.082371038,645
645,6.45,-0.4103651295,NORMAL,1.237586988,-0.01675140012,1.077059189,646
646,6.46,-1.458767737,NORMAL,1.338845954,-0.01675140012,1.077059189,647
647,6.47,1.244449057,NORMAL,1.21407803,-0.02026422366,1.080156441,648
648,6.48,0.09943346343,NORMAL,1.237586988,-0.01675140012,1.082371038,649
649,6.49,0.8297656745,NORMAL,0.8737500796,-0.01432659658,1.082371038,650
650,6.5,0.8721440861,NORMAL,0.8575520918,-0.01432659658,1.082371038,651
651,6.51,-1.240395662,NORMAL,1.128801575,-0.01432659658,1.086168811,652
652,6.52,1.266830356,NORMAL,1.17498246,-0.01432659658,1.090362619,653
653,6.53,-0.1364065233,NORMAL,0.7716841809,-0.01061372661,1.088026236,654
654,6.54,1.514748244,NORMAL,1.407769054,-0.01432659658,1.086168811,655
655,6.55,0.01354425531,NORMAL,0.7879119018,-0.01061372661,1.088026236,656
656,6.56,-1.033882646,NORMAL,0.9437185338,-0.007716910503,1.087364186,657
657,6.57,-0.186534046,NORMAL,0.7895524132,-0.01061372661,1.086046624,658
658,6.58,0.9175147934,NORMAL,0.8560655303,-0.01061372661,1.084179291,659
659,6.59,1.029240473,NORMAL,0.9536431275,-0.007716910503,1.087364186,660
660,6.6,-0.9416228984,NORMAL,0.8584026976,-0.005847833357,1.09013528,661
661,6.61,-1.81904724,NORMAL,1.663279264,-0.005847833357,1.09013528,662
662,6.62,-0.9659606785,NORMAL,0.8785497696,-0.007716910503,1.090710852,663
663,6.63,-0.7581002016,NORMAL,0.6847228105,-0.007716910503,1.09589352,664
664,6.64,-1.007383419,NORMAL,0.9060823324,-0.01061372661,1.100087328,665
665,6.65,-2.761843493,NORMAL,2.495352904,-0.01508786507,1.100748365,666
666,6.66,-1.297544688,NORMAL,1.156027933,-0.02026422366,1.104887199,667
667,6.67,1.464569466,NORMAL,1.337323906,-0.03164510418,1.118812401,668
668,6.68,1.278245377,NORMAL,1.166922962,-0.02026422366,1.112763776,669
669,6.69,0.3502062307,NORMAL,0.5845893323,-0.02026422366,1.112763776,670
670,6.7,-1.771226367,NORMAL,1.580938962,-0.01508786507,1.110819927,671
671,6.71,-0.947347849,NORMAL,0.8331360576,-0.02026422366,1.112763776,672
672,6.72,-0.1144096505,NORMAL,0.6836176385,-0.03164510418,1.122940325,673
673,6.73,-0.4193178075,NORMAL,0.6850705405,-0.04139395538,1.120738996,674
674,6.74,1.595823695,NORMAL,1.460837588,-0.04139395538,1.120738996,675
675,6.75,-0.1082664172,NORMAL,0.5833495315,-0.03164510418,1.122940325,676
676,6.76,-0.5773547316,NORMAL,0.4775166977,-0.04139395538,1.122391696,677
677,6.77,0.8804322595,NORMAL,0.8254249492,-0.04462693484,1.120706607,678
678,6.78,-0.5668261541,NORMAL,0.465955332,-0.04462693484,1.120706607,679
679,6.79,-0.457882823,NORMAL,0.3652737771,-0.04969908718,1.117473417,680
680,6.8,-0.2878101819,NORMAL,0.4736438553,-0.05390891778,1.11411796,681
681,6.81,-0.1774236546,NORMAL,0.7722514702,-0.06195073284,1.114583346,682
682,6.82,-0.2095589796,NORMAL,0.8082405737,-0.06195073284,1.108160882,683
683,6.83,-0.05518691887,NORMAL,0.8494007156,-0.07047952297,1.107593253,684
684,6.84,-0.2597008591,NORMAL,0.6512247346,-0.0619641674,1.104205192,685
685,6.85,-1.339708579,NORMAL,1.157162112,-0.0619641674,1.104205192,686
686,6.86,-0.7567421362,NORMAL,1.000462268,-0.0619641674,1.108160882,687
687,6.87,0.9423110624,NORMAL,1.315444944,-0.07047952297,1.09983828,688
688,6.88,-0.6625964451,NORMAL,1.315444944,-0.07047952297,1.107593253,689
689,6.89,0.8243758044,NORMAL,1.257762804,-0.07271920912,1.103013503,690
690,6.9,-0.0783644372,NORMAL,1.257762804,-0.07047952297,1.107593253,691
691,6.91,1.722422765,NORMAL,1.627488666,-0.07271920912,1.103013503,692
692,6.92,0.2360244734,NORMAL,1.315444944,-0.07047952297,1.09983828,693
693,6.93,0.6099048424,NORMAL,0.9447259942,-0.07047952297,1.09983828,694
694,6.94,-0.7706396712,NORMAL,0.7901625263,-0.0619641674,1.104205192,695
695,6.95,1.216036386,NORMAL,1.16973189,-0.07047952297,1.09983828,696
696,6.96,1.636276387,NORMAL,1.532485564,-0.0619641674,1.108160882,697
697,6.97,-0.7532263039,NORMAL,0.6285210134,-0.05517348431,1.110627656,698
698,6.98,-0.9931094397,NORMAL,0.8455314411,-0.05517348431,1.109285722,699
699,6.99,-0.5204346335,NORMAL,0.4150605934,-0.0619641674,1.104586832,700
700,7,-1.325459267,NORMAL,1.143862178,-0.0619641674,1.104586832,701
701,7.01,0.940356624,NORMAL,0.9126420227,-0.07047952297,1.107593253,702
702,7.02,2.889642054,NORMAL,2.648170039,-0.0619641674,1.114583346,703
703,7.03,-0.2672778519,NORMAL,0.587160475,-0.0619641674,1.122338319,704
704,7.04,1.979501498,NORMAL,1.833407214,-0.07047952297,1.118126407,705
705,7.05,1.407261918,NORMAL,1.309075936,-0.0619641674,1.122338319,706
706,7.06,-0.8329459667,NORMAL,0.6869424185,-0.0619641674,1.122338319,707
707,7.07,0.02398317531,NORMAL,0.5521705179,-0.07047952297,1.126283478,708
708,7.08,-1.924858936,NORMAL,1.659833525,-0.0619641674,1.122338319,709
709,7.09,-0.6658325622,NORMAL,0.5559335307,-0.0619641674,1.125828624,710
710,7.1,0.7576078386,NORMAL,0.7352388434,-0.07047952297,1.126283478,711
711,7.11,0.2831615753,NORMAL,0.5390154069,-0.07047952297,1.126283478,712
712,7.12,0.2634691111,NORMAL,0.2965049569,-0.07047952297,1.126283478,713
713,7.13,1.106566991,NORMAL,1.037929871,-0.0619641674,1.125828624,714
714,7.14,-1.053090169,NORMAL,0.8751452524,-0.0619641674,1.132527428,715
715,7.15,-0.3722734034,NORMAL,0.2666398453,-0.07047952297,1.131840892,716
716,7.16,-0.112589033,NORMAL,0.1763713647,-0.07271920912,1.129751976,717
717,7.17,-1.696877683,NORMAL,1.437623928,-0.07271920912,1.129751976,718
718,7.18,1.31790079,NORMAL,1.230964072,-0.07450084353,1.131147257,719
719,7.19,-0.8889647624,NORMAL,0.7940814135,-0.07271920912,1.133788708,720
720,7.2,1.313293515,NORMAL,1.224165193,-0.07450084353,1.133665919,721
721,7.21,-0.2658503003,NORMAL,0.7940814135,-0.07271920912,1.135877624,722
722,7.22,1.46187685,NORMAL,1.353511504,-0.07271920912,1.133788708,723
723,7.23,-0.5477619829,NORMAL,0.78532077,-0.07047952297,1.137109267,724
724,7.24,-0.3615208972,NORMAL,0.2559484676,-0.07047952297,1.137109267,725
725,7.25,1.675413594,NORMAL,1.535378497,-0.07047952297,1.137109267,726
726,7.26,-0.6411970178,NORMAL,0.5009071084,-0.07047952297,1.139367929,727
727,7.27,0.3791627541,NORMAL,0.4911762813,-0.07047952297,1.137109267,728
728,7.28,1.276679785,NORMAL,1.18472283,-0.07047952297,1.137109267,729
729,7.29,0.3662756616,NORMAL,0.511711483,-0.0619641674,1.145697401,730
730,7.3,-0.587664932,NORMAL,0.4588478286,-0.0619641674,1.145697401,731
731,7.31,0.860090985,NORMAL,0.8183650728,-0.07047952297,1.137109267,732
732,7.32,-0.04111442622,NORMAL,0.8344987563,-0.07047952297,1.137109267,733
733,7.33,-1.345321383,NORMAL,1.12372285,-0.07047952297,1.134480677,734
734,7.34,0.93212627,NORMAL,0.8837574874,-0.07047952297,1.134480677,735
735,7.35,1.338331006,NORMAL,1.226487095,-0.0619641674,1.141712113,736
736,7.36,-0.1743183127,NORMAL,0.8344987563,-0.0619641674,1.141712113,737
737,7.37,0.7541228405,NORMAL,0.7251742533,-0.07047952297,1.137109267,738
738,7.38,0.8578750563,NORMAL,0.8056665189,-0.0619641674,1.141712113,739
739,7.39,-1.415874557,NORMAL,1.184365903,-0.05517348431,1.14888572,740
740,7.4,1.259779777,NORMAL,1.153658849,-0.0619641674,1.145697401,741
741,7.41,0.7013312394,NORMAL,1.334126145,-0.0619641674,1.145697401,742
742,7.42,-0.1021504718,NORMAL,1.537785094,-0.05517348431,1.14888572,743
743,7.43,-0.2422440394,NORMAL,1.334126145,-0.0619641674,1.141712113,744
744,7.44,0.5533805835,NORMAL,0.7090078023,-0.07047952297,1.139367929,745
745,7.45,-1.197006296,NORMAL,0.9906935117,-0.07047952297,1.137109267,746
746,7.46,-1.725935591,NORMAL,1.452960036,-0.07047952297,1.139367929,747
747,7.47,-0.2510132594,NORMAL,0.1568110412,-0.07271920912,1.136999339,748
748,7.48,-0.8087098261,NORMAL,0.646555812,-0.07450084353,1.13556938,749
749,7.49,0.0006475817005,NORMAL,0.06617686823,-0.07450084353,1.13556938,750
750,7.5,0.4456919857,NORMAL,0.4563970481,-0.07271920912,1.135877624,751
751,7.51,-0.7744569471,NORMAL,0.6190939118,-0.07047952297,1.137109267,752
752,7.52,-0.6786783837,NORMAL,0.5344551152,-0.07271920912,1.133788708,753
753,7.53,0.4285367148,NORMAL,0.4421069996,-0.07271920912,1.133788708,754
754,7.54,-0.6682331774,NORMAL,0.5252424583,-0.07271920912,1.133788708,755
755,7.55,-0.7601476999,NORMAL,0.608477352,-0.07271920912,1.129751976,756
756,7.56,-1.069440696,NORMAL,0.885371274,-0.07271920912,1.125766688,757
757,7.57,-0.7772986527,NORMAL,0.6258663104,-0.07271920912,1.125766688,758
758,7.58,0.747803656,NORMAL,0.7339897726,-0.07450084353,1.120321468,759
759,7.59,1.174767543,NORMAL,1.112314411,-0.07450084353,1.123125237,760
760,7.6,-0.456381582,NORMAL,0.3395987624,-0.07271920912,1.129751976,761
761,7.61,0.004341560596,NORMAL,0.2610675927,-0.07271920912,1.125766688,762
762,7.62,-1.660551879,NORMAL,1.413967143,-0.07271920912,1.122962919,763
763,7.63,-0.1983316476,NORMAL,0.2616764789,-0.07399926442,1.123868878,764
764,7.64,0.2507815846,NORMAL,0.446366364,-0.07707266802,1.11931225,765
765,7.65,0.5699845023,NORMAL,0.5744392199,-0.07399926442,1.121065109,766
766,7.66,-2.186744838,NORMAL,1.896042927,-0.07399926442,1.114292057,767
767,7.67,0.07200666624,NORMAL,0.4767994662,-0.07399926442,1.121065109,768
768,7.68,-1.301673697,NORMAL,1.093147683,-0.07047952297,1.126283478,769
769,7.69,1.161908342,NORMAL,1.094207532,-0.07047952297,1.126283478,770
770,7.7,0.9595328005,NORMAL,0.9122521987,-0.07047952297,1.129087247,771
771,7.71,-1.425526419,NORMAL,1.197206167,-0.07047952297,1.131840892,772
772,7.72,0.4499959401,NORMAL,0.6274320125,-0.07047952297,1.131840892,773
773,7.73,-0.6521073288,NORMAL,0.6312181373,-0.0619641674,1.134555924,774
774,7.74,-0.5746506263,NORMAL,0.7495068817,-0.0619641674,1.129633274,775
775,7.75,0.7063506084,NORMAL,1.161549981,-0.0619641674,1.125828624,776
776,7.76,-0.5878150674,NORMAL,1.144927652,-0.0619641674,1.125828624,777
777,7.77,-0.6218701387,NORMAL,1.788764411,-0.0619641674,1.122338319,778
778,7.78,1.135422092,NORMAL,1.76293229,-0.07047952297,1.118126407,779
779,7.79,0.6057612367,NORMAL,1.135826206,-0.07047952297,1.126283478,780
780,7.8,-1.586325635,NORMAL,1.355701915,-0.07047952297,1.118126407,781
781,7.81,0.5119316065,NORMAL,1.018817973,-0.07047952297,1.118126407,782
782,7.82,0.2943958146,NORMAL,1.018817973,-0.07047952297,1.118126407,783
783,7.83,0.6178395713,NORMAL,1.018817973,-0.07047952297,1.118126407,784
784,7.84,-2.138114641,NORMAL,1.862714423,-0.0619641674,1.114583346,785
785,7.85,-1.229945351,NORMAL,1.040667652,-0.0619641674,1.122338319,786
786,7.86,-1.977148357,NORMAL,1.705235491,-0.07047952297,1.118126407,787
787,7.87,0.2367538589,NORMAL,0.9945060516,-0.07399926442,1.121065109,788
788,7.88,-0.9208637677,NORMAL,0.7554106326,-0.07399926442,1.121065109,789
789,7.89,0.6665596752,NORMAL,0.6660337613,-0.07707266802,1.116508481,790
790,7.9,-1.526427087,NORMAL,1.295578474,-0.07399926442,1.121065109,791
791,7.91,-2.283108956,NORMAL,1.970545397,-0.07399926442,1.121065109,792
792,7.92,0.0530709577,NORMAL,0.9854337218,-0.07707266802,1.116508481,793
793,7.93,-1.030435498,NORMAL,0.8538787172,-0.07707266802,1.116508481,794
794,7.94,-0.3911733597,NORMAL,1.219401922,-0.07707266802,1.11931225,795
795,7.95,1.293428046,NORMAL,1.224413218,-0.07707266802,1.11931225,796
796,7.96,-1.19231128,NORMAL,0.9943222541,-0.07226115738,1.126445796,797
797,7.97,-0.3545407196,NORMAL,1.593573022,-0.07707266802,1.123297538,798
798,7.98,-0.3472153585,NORMAL,1.628922231,-0.07707266802,1.123297538,799
799,7.99,-1.116658196,NORMAL,1.19782787,-0.07707266802,1.123297538,800
800,8,-0.2193694357,NORMAL,1.628922231,-0.08087671149,1.119735611,801
801,8.01,-0.02346566606,NORMAL,1.166493398,-0.08402968201,1.115669652,802
802,8.02,-1.775000525,NORMAL,1.5166605,-0.08402968201,1.114930364,803
803,8.03,-2.433068113,NORMAL,2.105496395,-0.08402968201,1.115669652,804
804,8.04,0.0771194816,NORMAL,1.621854608,-0.08402968201,1.117066599,805
805,8.05,0.2201759461,NORMAL,1.660957353,-0.08087671149,1.117095826,806
806,8.06,0.9037628309,NORMAL,1.203047695,-0.08087671149,1.117095826,807
807,8.07,0.9313391398,NORMAL,1.082603122,-0.08087671149,1.117095826,808
808,8.08,0.156892206,NORMAL,1.077389882,-0.08087671149,1.119735611,809
809,8.09,-0.4112316581,NORMAL,0.8024998527,-0.08087671149,1.119735611,810
810,8.1,0.02417031408,NORMAL,0.7920695011,-0.08402968201,1.115669652,811
811,8.11,1.951956005,NORMAL,1.819747839,-0.08087671149,1.117095826,812
812,8.12,-0.5771853033,NORMAL,0.8024998527,-0.08087671149,1.119735611,813
813,8.13,0.7701770097,NORMAL,0.8024998527,-0.08087671149,1.117095826,814
814,8.14,0.9392567341,NORMAL,0.9091790313,-0.07707266802,1.117853984,815
815,8.15,1.096820794,NORMAL,1.045042318,-0.07707266802,1.123297538,816
816,8.16,0.8232403421,NORMAL,0.8593579131,-0.07226115738,1.130431083,817
817,8.17,0.2584511906,NORMAL,0.2915132042,-0.07226115738,1.134467816,818
818,8.18,-1.405038202,NORMAL,1.174803751,-0.07226115738,1.134467816,819
819,8.19,-0.9991897708,NORMAL,0.8179624512,-0.07707266802,1.12733427,820
820,8.2,-0.322041506,NORMAL,0.2143696965,-0.08087671149,1.124994803,821
821,8.21,0.3105833754,NORMAL,0.3489899643,-0.08087671149,1.121694395,822
822,8.22,0.145814587,NORMAL,0.1984222769,-0.07707266802,1.123297538,823
823,8.23,1.220819228,NORMAL,1.143882546,-0.07226115738,1.130431083,824
824,8.24,-1.164651305,NORMAL,0.9663482924,-0.07226115738,1.130431083,825
825,8.25,-1.159300474,NORMAL,0.9599883856,-0.07707266802,1.12733427,826
826,8.26,1.083247383,NORMAL,1.034781753,-0.08087671149,1.124994803,827
827,8.27,-0.1177267151,NORMAL,0.5270066789,-0.07707266802,1.130634678,828
828,8.28,-0.120327328,NORMAL,0.3302024837,-0.08087671149,1.121694395,829
829,8.29,0.02261942478,NORMAL,0.3572161767,-0.08402968201,1.117066599,830
830,8.3,0.8946394068,NORMAL,0.8712021913,-0.08087671149,1.119735611,831
831,8.31,0.8434957419,NORMAL,0.8165886857,-0.07707266802,1.12733427,832
832,8.32,0.6642150038,NORMAL,0.8101154182,-0.07707266802,1.130634678,833
833,8.33,2.464397503,NORMAL,2.247826129,-0.07707266802,1.130634678,834
834,8.34,0.8852075521,NORMAL,1.107619554,-0.07226115738,1.137768224,835
835,8.35,-0.515465543,NORMAL,1.302965675,-0.0619641674,1.139506246,836
836,8.36,0.1818034666,NORMAL,1.301309309,-0.0619641674,1.139506246,837
837,8.37,1.882416787,NORMAL,1.708179403,-0.0619641674,1.138276782,838
838,8.38,-1.13167867,NORMAL,1.471042059,-0.05517348431,1.131980738,839
839,8.39,0.8474692533,NORMAL,1.211407921,-0.0619641674,1.139506246,840
840,8.4,-0.6774629429,NORMAL,1.211407921,-0.0619641674,1.139506246,841
841,8.41,-1.338257711,NORMAL,1.211407921,-0.07226115738,1.137768224,842
842,8.42,-0.7734665924,NORMAL,1.211407921,-0.07226115738,1.14127139,843
843,8.43,-0.1733662238,NORMAL,1.190222952,-0.07226115738,1.14127139,844
844,8.44,1.210948094,NORMAL,1.139201536,-0.07707266802,1.130634678,845
845,8.45,-0.6778779309,NORMAL,1.192453398,-0.07226115738,1.137768224,846
846,8.46,1.538597316,NORMAL,1.436541217,-0.07707266802,1.124694485,847
847,8.47,-0.1096580159,NORMAL,0.9716564149,-0.07707266802,1.124694485,848
848,8.48,1.17623153,NORMAL,1.121169863,-0.07707266802,1.117853984,849
849,8.49,0.03969349125,NORMAL,0.6327280462,-0.07226115738,1.124987529,850
850,8.5,-0.8879477243,NORMAL,0.7311961994,-0.0619641674,1.129633274,851
851,8.51,1.64045163,NORMAL,1.500512898,-0.0619641674,1.134555924,852
852,8.52,-0.7098275017,NORMAL,0.6640953915,-0.0619641674,1.134555924,853
853,8.53,-0.04579105598,NORMAL,0.6662182272,-0.0619641674,1.129633274,854
854,8.54,1.630867371,NORMAL,1.498567347,-0.0619641674,1.129633274,855
855,8.55,-2.005773557,NORMAL,1.713277722,-0.0619641674,1.134555924,856
856,8.56,-1.228190327,NORMAL,1.027914213,-0.0619641674,1.134555924,857
857,8.57,0.9477556607,NORMAL,0.9012118366,-0.07226115738,1.131828031,858
858,8.58,-0.7729045664,NORMAL,0.6158050423,-0.07226115738,1.137768224,859
859,8.59,-0.182362465,NORMAL,0.2560817296,-0.07226115738,1.131828031,860
860,8.6,0.6849305451,NORMAL,0.673066752,-0.07226115738,1.124987529,861
861,8.61,-2.339496787,NORMAL,2.014959016,-0.07226115738,1.125201858,862
862,8.62,2.784426824,NORMAL,2.544246042,-0.07707266802,1.124694485,863
863,8.63,0.329282178,NORMAL,0.3598485293,-0.07707266802,1.12923859,864
864,8.64,-1.839362321,NORMAL,1.566905215,-0.07707266802,1.124694485,865
865,8.65,1.311099805,NORMAL,1.234266275,-0.07707266802,1.124694485,866
866,8.66,-0.7402746298,NORMAL,0.5902075708,-0.07226115738,1.131828031,867
867,8.67,1.82706786,NORMAL,1.68621631,-0.07707266802,1.12923859,868
868,8.68,1.74501813,NORMAL,1.610841712,-0.07707266802,1.131142051,869
869,8.69,-0.4429230332,NORMAL,0.3247797842,-0.07226115738,1.14127139,870
870,8.7,-0.7252706728,NORMAL,0.5739389639,-0.07226115738,1.137768224,871
871,8.71,-1.545597442,NORMAL,1.301731575,-0.07226115738,1.131828031,872
872,8.72,1.010740569,NORMAL,0.9518649788,-0.07226115738,1.137768224,873
873,8.73,-1.011582563,NORMAL,0.8333595351,-0.0619641674,1.139506246,874
874,8.74,0.07358349494,NORMAL,0.3341582564,-0.0619641674,1.139506246,875
875,8.75,-0.08756111666,NORMAL,0.06098716556,-0.0619641674,1.138276782,876
876,8.76,0.2259935237,NORMAL,0.2529768643,-0.0619641674,1.138276782,877
877,8.77,-0.7660432053,NORMAL,0.6185481853,-0.0619641674,1.138276782,878
878,8.78,0.1136160211,NORMAL,0.1547567509,-0.0619641674,1.134555924,879
879,8.79,-0.7771359641,NORMAL,0.639222549,-0.05517348431,1.129438379,880
880,8.8,0.1488734896,NORMAL,0.1806623342,-0.05517348431,1.129438379,881
881,8.81,-0.1264024568,NORMAL,0.06329693249,-0.05517348431,1.125314762,882
882,8.82,0.1846951759,NORMAL,0.2141489158,-0.05517348431,1.120102146,883
883,8.83,0.9021452344,NORMAL,0.8535419339,-0.05390891778,1.120102146,884
884,8.84,-0.6064169075,NORMAL,0.4932657183,-0.05390891778,1.120102146,885
885,8.85,0.400519301,NORMAL,0.4059593364,-0.05390891778,1.119393442,886
886,8.86,1.36217299,NORMAL,1.260749429,-0.04969908718,1.119867314,887
887,8.87,-0.08491199597,NORMAL,0.1658046074,-0.04969908718,1.121322038,888
888,8.88,0.7527165209,NORMAL,0.7155978218,-0.04969908718,1.121322038,889
889,8.89,1.842154727,NORMAL,1.682238976,-0.04626572227,1.122563724,890
890,8.9,0.1393530231,NORMAL,0.536825176,-0.04415226855,1.130286049,891
891,8.91,0.557111656,NORMAL,0.6630419468,-0.04181395367,1.130476252,892
892,8.92,0.2656816501,NORMAL,0.7468141582,-0.04181395367,1.129134319,893
893,8.93,1.796397108,NORMAL,1.640506382,-0.04181395367,1.120514423,894
894,8.94,-1.381967621,NORMAL,1.187877447,-0.04069442793,1.129134319,895
895,8.95,-0.2028363131,NORMAL,0.7417436011,-0.04181395367,1.130476252,896
896,8.96,-0.2967732114,NORMAL,0.6630419468,-0.04181395367,1.130476252,897
897,8.97,-0.3167293361,NORMAL,0.6731815456,-0.04415226855,1.130286049,898
898,8.98,0.05793994577,NORMAL,0.5475318532,-0.04626572227,1.122563724,899
899,8.99,0.4747531205,NORMAL,0.5612421624,-0.04626572227,1.122563724,900
900,9,-0.3385405258,NORMAL,0.5475318532,-0.04415226855,1.118525381,901
901,9.01,-0.8143558693,NORMAL,0.6866988983,-0.04626572227,1.118525381,902
902,9.02,-0.9956109599,NORMAL,0.8456938502,-0.04626572227,1.122563724,903
903,9.03,1.454567841,NORMAL,1.331526456,-0.04626572227,1.127152643,904
904,9.04,0.1131563496,NORMAL,0.5603362563,-0.04626572227,1.127152643,905
905,9.05,0.4914280933,NORMAL,0.5445155411,-0.04415226855,1.12569713,906
906,9.06,1.074171265,NORMAL,0.9883547062,-0.04181395367,1.129134319,907
907,9.07,0.5170377852,NORMAL,0.665906145,-0.04069442793,1.130823725,908
908,9.08,-0.01665061811,NORMAL,0.7327159627,-0.03187004785,1.1263688,909
909,9.09,0.2288562786,NORMAL,0.6504612827,-0.02005814209,1.120590196,910
910,9.1,1.414247367,NORMAL,1.265258986,-0.0126075049,1.127717635,911
911,9.11,0.6759088516,NORMAL,0.8086069324,-0.0126075049,1.128783833,912
912,9.12,0.2898577651,NORMAL,0.9653165037,-0.007716910503,1.129809535,913
913,9.13,-0.5766563322,NORMAL,1.121093423,-0.007716910503,1.129809535,914
914,9.14,-0.1276399379,NORMAL,1.134716537,-0.0126075049,1.127717635,915
915,9.15,-0.9665367309,NORMAL,1.142473456,-0.02005814209,1.118056288,916
916,9.16,-0.5901809553,NORMAL,0.8781011887,-0.02005814209,1.11860424,917
917,9.17,-1.392081663,NORMAL,1.215763799,-0.03187004785,1.118812401,918
918,9.18,1.259593353,NORMAL,1.151579364,-0.04069442793,1.129134319,919
919,9.19,-0.0456019691,NORMAL,0.6704897072,-0.04069442793,1.130823725,920
920,9.2,1.576645383,NORMAL,1.431661509,-0.04181395367,1.130476252,921
921,9.21,-0.7092449217,NORMAL,0.6854878887,-0.04181395367,1.130476252,922
922,9.22,-0.6741918467,NORMAL,0.5574305611,-0.04405772511,1.130426219,923
923,9.23,0.2855692858,NORMAL,0.2936762506,-0.04569651254,1.127996553,924
924,9.24,-0.1429315436,NORMAL,0.2660822775,-0.04405772511,1.130426219,925
925,9.25,-0.7480699867,NORMAL,0.6227847953,-0.04405772511,1.130426219,926
926,9.26,-0.117753073,NORMAL,0.1611607235,-0.04569651254,1.127996553,927
927,9.27,-0.2117840047,NORMAL,0.1451596825,-0.04922442089,1.119867314,928
928,9.28,0.5534878216,NORMAL,0.5426243814,-0.05392235234,1.119393442,929
929,9.29,0.6615304479,NORMAL,0.6346777512,-0.04922442089,1.119867314,930
930,9.3,0.1403136035,NORMAL,0.3148015733,-0.04922442089,1.118177157,931
931,9.31,-0.2032649743,NORMAL,0.3887570681,-0.04569651254,1.111264203,932
932,9.32,1.480831662,NORMAL,1.377503957,-0.04922442089,1.110745326,933
933,9.33,-0.4459927738,NORMAL,0.4232630871,-0.04922442089,1.114804523,934
934,9.34,-1.464592422,NORMAL,1.266176581,-0.05392235234,1.11411796,935
935,9.35,0.9649274056,NORMAL,0.9144900219,-0.05392235234,1.11411796,936
936,9.36,0.4287526621,NORMAL,0.4615919335,-0.05392235234,1.117364946,937
937,9.37,0.2003276518,NORMAL,0.5151820583,-0.05392235234,1.11411796,938
938,9.38,-0.9799305823,NORMAL,0.8333317374,-0.05392235234,1.111212004,939
939,9.39,0.6461899743,NORMAL,0.6300438837,-0.05392235234,1.111212004,940
940,9.4,1.3839715,NORMAL,1.290301104,-0.04922442089,1.110745326,941
941,9.41,1.133944377,NORMAL,1.06520259,-0.04922442089,1.110745326,942
942,9.42,1.765862011,NORMAL,1.628165651,-0.04922442089,1.114804523,943
943,9.43,-0.03558229846,NORMAL,0.3710141125,-0.04569651254,1.118525381,944
944,9.44,-0.2969149557,NORMAL,0.2275496539,-0.04405772511,1.111217821,945
945,9.45,-0.4150365609,NORMAL,0.3334908001,-0.04569651254,1.107496963,946
946,9.46,0.3174332761,NORMAL,0.3284849812,-0.04569651254,1.105468467,947
947,9.47,-1.091606854,NORMAL,0.9496538849,-0.04405772511,1.103085183,948
948,9.48,-1.008652391,NORMAL,0.871083986,-0.04569651254,1.105468467,949
949,9.49,1.797269906,NORMAL,1.667136127,-0.04569651254,1.105468467,950
950,9.5,-0.6036904635,NORMAL,0.5053131134,-0.04405772511,1.107496963,951
951,9.51,2.283756222,NORMAL,2.107208667,-0.04569651254,1.105468467,952
952,9.52,0.5061110198,NORMAL,0.4982474451,-0.04569651254,1.107496963,953
953,9.53,0.4813811659,NORMAL,0.4767912375,-0.04569651254,1.105468467,954
954,9.54,-0.4253536756,NORMAL,0.8569720035,-0.04405772511,1.094079843,955
955,9.55,-0.3277486366,NORMAL,0.8582673415,-0.04405772511,1.086982398,956
956,9.56,-0.6613667633,NORMAL,0.5679107953,-0.04405772511,1.086982398,957
957,9.57,0.05295097286,NORMAL,0.39714602,-0.04569651254,1.084552732,958
958,9.58,-0.7840014063,NORMAL,0.680731981,-0.04405772511,1.086982398,959
959,9.59,0.1193236972,NORMAL,0.5761070826,-0.04405772511,1.09207175,960
960,9.6,-1.502312627,NORMAL,1.339527286,-0.04181395367,1.090309014,961
961,9.61,-1.223909292,NORMAL,1.080379166,-0.04405772511,1.09207175,962
962,9.62,-0.4358248306,NORMAL,0.3587375146,-0.04405772511,1.09207175,963
963,9.63,-0.349439187,NORMAL,0.2910008814,-0.04569651254,1.089642084,964
964,9.64,-1.431173953,NORMAL,1.27541624,-0.05048898743,1.082536761,965
965,9.65,-0.5353141362,NORMAL,1.052409188,-0.05048898743,1.088919256,966
966,9.66,-1.348621781,NORMAL,1.199158163,-0.05048898743,1.082536761,967
967,9.67,-0.1692532854,NORMAL,1.035389719,-0.0619641674,1.087233096,968
968,9.68,-0.04694707662,NORMAL,1.054340322,-0.0619641674,1.083167137,969
969,9.69,-0.6794932199,NORMAL,1.063112452,-0.05106699774,1.077262723,970
970,9.7,-0.7155308537,NORMAL,1.167183569,-0.0619641674,1.083167137,971
971,9.71,-1.159445195,NORMAL,1.158187071,-0.07226115738,1.086642129,972
972,9.72,0.1523675559,NORMAL,1.330765841,-0.07707266802,1.085433955,973
973,9.73,-0.6488579644,NORMAL,1.334796697,-0.07226115738,1.089889115,974
974,9.74,-0.3893226731,NORMAL,1.496157132,-0.07226115738,1.089889115,975
975,9.75,0.6902939476,NORMAL,1.502840212,-0.07226115738,1.086642129,976
976,9.76,0.5081941041,NORMAL,1.502840212,-0.07226115738,1.089889115,977
977,9.77,0.7246415749,NORMAL,1.496157132,-0.07226115738,1.089889115,978
978,9.78,1.311453024,NORMAL,1.439602298,-0.07226115738,1.089889115,979
979,9.79,-0.6982082434,NORMAL,1.439602298,-0.07226115738,1.091879176,980
980,9.8,-0.3809234938,NORMAL,1.429958496,-0.07707266802,1.085433955,981
981,9.81,-0.1592431154,NORMAL,1.342118345,-0.07707266802,1.081478265,982
982,9.82,0.01767249612,NORMAL,1.342118345,-0.08163821659,1.074709383,983
983,9.83,-0.4618268349,NORMAL,1.250030363,-0.08163821659,1.070120464,984
984,9.84,-0.6183788674,NORMAL,1.342118345,-0.08163821659,1.070120464,985
985,9.85,0.5130458636,NORMAL,1.429958496,-0.08623655631,1.063302965,986
986,9.86,-1.332854677,NORMAL,1.444904008,-0.08623655631,1.052912149,987
987,9.87,-0.05441399591,NORMAL,1.460193315,-0.09300119974,1.052912149,988
988,9.88,-0.3989491,NORMAL,1.398424648,-0.09300119974,1.052912149,989
989,9.89,-0.1432782843,NORMAL,1.287775204,-0.1002958773,1.045300413,990
990,9.9,-0.1043892223,NORMAL,1.288611058,-0.1052084445,1.039764163,991
991,9.91,-0.8514170453,NORMAL,1.240589074,-0.1063278197,1.03509198,992
992,9.92,-0.5168427665,NORMAL,1.29482149,-0.1063278197,1.03509198,993
993,9.93,-1.018114013,NORMAL,1.29482149,-0.1063278197,1.033515658,994
994,9.94,-0.03863417462,NORMAL,1.290963972,-0.1063278197,1.03509198,995
995,9.95,-0.5346102678,NORMAL,1.245126739,-0.1063278197,1.033515658,996
996,9.96,0.284827612,NORMAL,1.287017167,-0.1063278197,1.026609864,997
997,9.97,1.565803202,NORMAL,1.650863881,-0.1063278197,1.012882432,998
998,9.98,-1.794191551,NORMAL,1.644114079,-0.1063278197,1.026609864,999
999,9.99,1.025592652,NORMAL,1.101607345,-0.108837261,1.02979516,1000
1000,10,6.963681534,ANOMALY,6.830319907,-0.1063278197,1.03509198,1001
1001,10.01,4.661406439,NORMAL,4.606097191,-0.1063278197,1.03509198,1002
1002,10.02,7.239122318,ANOMALY,7.074231426,-0.1063278197,1.038338965,1003
1003,10.03,6.418941712,ANOMALY,6.255488014,-0.103269847,1.042638327,1004
1004,10.04,6.011517558,ANOMALY,5.847808171,-0.1002958773,1.04514602,1005
1005,10.05,5.682831491,ANOMALY,5.533319994,-0.1002958773,1.04514602,1006
1006,10.06,6.935689739,ANOMALY,6.710221802,-0.1002958773,1.048547399,1007
1007,10.07,8.910934861,ANOMALY,8.599500397,-0.09300119974,1.047030135,1008
1008,10.08,6.630981102,ANOMALY,6.463930378,-0.08623655631,1.039184717,1009
1009,10.09,5.9356201,ANOMALY,5.794789472,-0.08623655631,1.039184717,1010
1010,10.1,5.807761174,ANOMALY,5.667326796,-0.08163821659,1.039184717,1011
1011,10.11,7.027803225,ANOMALY,6.811153115,-0.07707266802,1.043123796,1012
1012,10.12,5.189933341,ANOMALY,5.010385825,-0.07226115738,1.050257342,1013
1013,10.13,6.695498902,ANOMALY,6.383469631,-0.07226115738,1.06020087,1014
1014,10.14,6.713900451,ANOMALY,6.400826294,-0.07226115738,1.06020087,1015
1015,10.15,5.778038416,ANOMALY,5.982507436,-0.07226115738,1.06020087,1016
1016,10.16,6.41443386,ANOMALY,13.89140907,-0.07226115738,1.06020087,1017
1017,10.17,6.478838545,ANOMALY,21.66937909,-0.07226115738,1.073928303,1018
1018,10.18,6.006721011,ANOMALY,23.86757307,-0.07226115738,1.085300196,1019
1019,10.19,5.071682314,ANOMALY,24.86649599,-0.07226115738,1.089889115,1020
1020,10.2,6.337964655,ANOMALY,24.86353329,-0.0619641674,1.081555784,1021
1021,10.21,5.354380982,ANOMALY,25.4020848,-0.05480045739,1.076447161,1022
1022,10.22,6.656669217,ANOMALY,25.37930054,-0.05068053626,1.077262723,1023
1023,10.23,7.209394428,ANOMALY,26.04902407,-0.05068053626,1.082252771,1024
1024,10.24,7.059270437,ANOMALY,26.48227233,-0.0463690663,1.083950504,1025
1025,10.25,6.710772026,ANOMALY,26.88085748,-0.04569651254,1.084552732,1026
1026,10.26,5.818364472,ANOMALY,27.60847793,-0.04335819766,1.087805794,1027
1027,10.27,5.612083766,ANOMALY,27.75041959,-0.04335819766,1.087805794,1028
1028,10.28,4.448457099,ANOMALY,27.77373218,-0.04069442793,1.089862266,1029
1029,10.29,6.111847262,ANOMALY,27.77065705,-0.03945430213,1.093807433,1030
1030,10.3,6.495535353,ANOMALY,27.99236367,-0.03945430213,1.093807433,1031
1031,10.31,3.559000163,ANOMALY,28.6400288,-0.03945430213,1.094079843,1032
1032,10.32,6.257422341,ANOMALY,28.6400288,-0.03945430213,1.096260148,1033
1033,10.33,6.766215928,ANOMALY,28.11643297,-0.03710823654,1.099829197,1034
1034,10.34,5.551377507,ANOMALY,28.23226691,-0.02952398226,1.11229556,1035
1035,10.35,5.336594117,ANOMALY,27.89036389,-0.02952398226,1.113388291,1036
1036,10.36,5.644326614,ANOMALY,27.14986177,-0.02952398226,1.118357042,1037
1037,10.37,5.04255107,ANOMALY,26.78682425,-0.02952398226,1.119948928,1038
1038,10.38,5.327843639,ANOMALY,26.78682425,-0.02952398226,1.119948928,1039
1039,10.39,6.035540835,ANOMALY,26.07175117,-0.02952398226,1.127040247,1040
1040,10.4,3.643832189,ANOMALY,25.91041745,-0.02952398226,1.127040247,1041
1041,10.41,7.152561323,ANOMALY,25.58557938,-0.02952398226,1.139406981,1042
1042,10.42,6.217602268,ANOMALY,25.70980569,-0.02005814209,1.135527093,1043
1043,10.43,6.198565217,ANOMALY,25.89291679,-0.0126075049,1.134200248,1044
1044,10.44,6.057826013,ANOMALY,25.82251283,-0.0126075049,1.135711905,1045
1045,10.45,6.564153735,ANOMALY,25.99002838,-0.007716910503,1.136034628,1046
1046,10.46,6.558782953,ANOMALY,26.10614157,-0.003110923809,1.142863464,1047
1047,10.47,5.510114275,ANOMALY,26.06365291,0.002494571148,1.150023391,1048
1048,10.48,5.381056915,ANOMALY,25.80400694,0.008942907955,1.158495741,1049
1049,10.49,5.95637347,ANOMALY,25.23099885,0.01560837572,1.162283994,1050
1050,10.5,5.721772223,ANOMALY,24.92101366,0.02014596045,1.169011417,1051
1051,10.51,4.442906631,ANOMALY,24.80067696,0.02014596045,1.174097744,1052
1052,10.52,5.35007458,ANOMALY,24.76032389,0.02014596045,1.176193341,1053
1053,10.53,4.466810976,ANOMALY,24.20595256,0.02330130005,1.180871448,1054
1054,10.54,5.672523017,ANOMALY,24.20595256,0.02330130005,1.182022227,1055
1055,10.55,4.654032318,ANOMALY,23.59488332,0.0240767447,1.183171902,1056
1056,10.56,6.631761754,ANOMALY,23.27480863,0.03193190267,1.182973123,1057
1057,10.57,5.604642526,ANOMALY,23.25000218,0.03193190267,1.186485255,1058
1058,10.58,6.625491461,ANOMALY,23.03435698,0.04632223206,1.191629966,1059
1059,10.59,6.409589708,ANOMALY,22.96783443,0.05301096528,1.195952106,1060
1060,10.6,5.804483097,ANOMALY,23.09573387,0.05301096528,1.198558393,1061
1061,10.61,6.021602498,ANOMALY,23.29220633,0.05409564624,1.20315483,1062
1062,10.62,6.722071752,ANOMALY,23.29220633,0.05409564624,1.20315483,1063
1063,10.63,6.495129478,ANOMALY,23.20865897,0.05653014027,1.208500091,1064
1064,10.64,6.227321333,ANOMALY,23.64462734,0.05653014027,1.210017901,1065
1065,10.65,5.667164688,ANOMALY,23.4067504,0.064973306,1.217177304,1066
1066,10.66,5.647486467,ANOMALY,22.94217365,0.064973306,1.217177304,1067
1067,10.67,3.941406283,ANOMALY,22.64040734,0.07279508059,1.227126921,1068
1068,10.68,4.149588103,ANOMALY,22.43142559,0.07535148827,1.227003532,1069
1069,10.69,5.301328461,ANOMALY,22.43142559,0.07535148827,1.227003532,1070
1070,10.7,5.248179298,ANOMALY,22.40607892,0.08128670722,1.225012601,1071
1071,10.71,6.335218799,ANOMALY,22.4001009,0.08641829792,1.234697998,1072
1072,10.72,7.474760662,ANOMALY,22.4001009,0.08641829792,1.234697998,1073
1073,10.73,7.519327896,ANOMALY,22.64939728,0.09340806322,1.242900114,1074
1074,10.74,5.238563778,ANOMALY,22.42304891,0.1004375853,1.246526977,1075
1075,10.75,5.508536569,ANOMALY,21.7999385,0.1072990284,1.251336854,1076
1076,10.76,7.619932916,ANOMALY,21.54968082,0.1072990284,1.251336854,1077
1077,10.77,7.959451822,ANOMALY,21.54968082,0.1072990284,1.251336854,1078
1078,10.78,7.984737535,ANOMALY,21.37021736,0.1133861853,1.258495992,1079
1079,10.79,6.594068326,ANOMALY,21.27264133,0.1164698592,1.253924138,1080
1080,10.8,7.844255523,ANOMALY,21.35360505,0.1293383601,1.264899928,1081
1081,10.81,5.871524981,ANOMALY,21.76512151,0.1398333133,1.272123196,1082
1082,10.82,5.616052976,ANOMALY,21.54334842,0.1430640953,1.279685005,1083
1083,10.83,5.285538763,ANOMALY,21.38902206,0.1473440383,1.279685005,1084
1084,10.84,6.101537483,ANOMALY,21.24162416,0.1506205227,1.290694854,1085
1085,10.85,6.396473308,ANOMALY,21.64023905,0.1506205227,1.290694854,1086
1086,10.86,5.991514424,ANOMALY,22.02297739,0.153652135,1.29544314,1087
1087,10.87,4.307920042,ANOMALY,21.90844092,0.15591446,1.293398984,1088
1088,10.88,6.138909326,ANOMALY,21.83015207,0.15591446,1.300619112,1089
1089,10.89,6.557462176,ANOMALY,21.75129413,0.1693478363,1.333926308,1090
1090,10.9,6.868143214,ANOMALY,21.90633483,0.1832493212,1.338563022,1091
1091,10.91,6.556123765,ANOMALY,21.80349678,0.1832493212,1.344880331,1092
1092,10.92,6.752955472,ANOMALY,21.69910987,0.1925114138,1.350721133,1093
1093,10.93,6.388247398,ANOMALY,21.88430882,0.2102517989,1.366788094,1094
1094,10.94,6.984471202,ANOMALY,22.07095002,0.2224290359,1.381731676,1095
1095,10.95,6.885000629,ANOMALY,22.07095002,0.2224290359,1.381731676,1096
1096,10.96,7.155603046,ANOMALY,22.07095002,0.2224290359,1.381731676,1097
1097,10.97,4.250982221,ANOMALY,22.17470181,0.2253378247,1.387517781,1098
1098,10.98,6.663228272,ANOMALY,22.17470181,0.2253378247,1.391745676,1099
1099,10.99,7.650088623,ANOMALY,22.21009534,0.2274249011,1.393798307,1100
1100,11,6.095344202,ANOMALY,22.39604975,0.2274249011,1.401278202,1101
1101,11.01,5.968874539,ANOMALY,22.49150485,0.232440376,1.402363455,1102
1102,11.02,7.392160095,ANOMALY,22.55809307,0.2363891661,1.403485227,1103
1103,11.03,6.253253034,ANOMALY,22.71058543,0.2363891661,1.407713121,1104
1104,11.04,6.059771069,ANOMALY,22.69002082,0.2437677217,1.418028173,1105
1105,11.05,7.943303672,ANOMALY,22.25931133,0.2437677217,1.428098844,1106
1106,11.06,5.324901248,ANOMALY,22.25931133,0.2437677217,1.428098844,1107
1107,11.07,5.240985853,ANOMALY,22.17091978,0.2437677217,1.435318972,1108
1108,11.08,5.801919011,ANOMALY,21.93406681,0.2546163876,1.435416316,1109
1109,11.09,6.187799493,ANOMALY,21.41935087,0.2546163876,1.445560428,1110
1110,11.1,5.64648258,ANOMALY,20.99500237,0.2609601509,1.460153236,1111
1111,11.11,5.782376565,ANOMALY,20.64359296,0.2645753806,1.460325631,1112
1112,11.12,5.228052366,ANOMALY,20.27592823,0.2645753806,1.471379702,1113
1113,11.13,7.367685965,ANOMALY,20.13066594,0.2645753806,1.471379702,1114
1114,11.14,7.412892443,ANOMALY,20.10365075,0.2645753806,1.475351842,1115
1115,11.15,6.232853909,ANOMALY,20.34620474,0.2744216127,1.469524365,1116
1116,11.16,8.438165286,ANOMALY,20.31353654,0.2744216127,1.476744493,1117
1117,11.17,4.960922874,ANOMALY,20.41853774,0.2839945937,1.47798632,1118
1118,11.18,7.332629491,ANOMALY,20.03996094,0.2851984489,1.489241232,1119
1119,11.19,5.557753609,ANOMALY,20.20908881,0.2851984489,1.49646136,1120
1120,11.2,5.036027955,ANOMALY,19.87455775,0.2866507334,1.509561435,1121
1121,11.21,5.22471288,ANOMALY,19.59301887,0.2887949731,1.515930985,1122
1122,11.22,5.789033308,ANOMALY,19.10723625,0.2921267899,1.512617431,1123
1123,11.23,6.97807928,ANOMALY,18.92606689,0.2921267899,1.517397159,1124
1124,11.24,5.388767136,ANOMALY,18.85521443,0.2921267899,1.525725438,1125
1125,11.25,6.307012875,ANOMALY,18.61674845,0.2921267899,1.530725392,1126
1126,11.26,7.360968275,ANOMALY,18.30759697,0.302489595,1.546089287,1127
1127,11.27,6.597291691,ANOMALY,18.14395212,0.3140083258,1.55854442,1128
1128,11.28,6.952139998,ANOMALY,18.12697217,0.3140083258,1.563166957,1129
1129,11.29,5.278727623,ANOMALY,18.06348908,0.3181326248,1.569281643,1130
1130,11.3,6.321563401,ANOMALY,18.00327984,0.3240570757,1.578065234,1131
1131,11.31,6.867027707,ANOMALY,17.895345,0.3397442044,1.587880076,1132
1132,11.32,6.283722288,ANOMALY,17.84333764,0.3397442044,1.597147156,1133
1133,11.33,5.014227038,ANOMALY,17.99214693,0.3582409462,1.61591429,1134
1134,11.34,4.32863095,ANOMALY,17.93567233,0.3582409462,1.627036724,1135
1135,11.35,6.177764849,ANOMALY,17.63264781,0.3582409462,1.629846257,1136
1136,11.36,6.474851472,ANOMALY,17.51906969,0.3727192079,1.623328495,1137
1137,11.37,5.099589885,ANOMALY,17.60888662,0.3898410276,1.646044479,1138
1138,11.38,8.90224597,ANOMALY,16.91665286,0.4145280079,1.666757317,1139
1139,11.39,5.462613021,ANOMALY,17.45939124,0.4286446884,1.686493174,1140
1140,11.4,5.456479591,ANOMALY,17.47140124,0.4325251548,1.686493174,1141
1141,11.41,6.109832567,ANOMALY,17.38743832,0.4372223239,1.694530483,1142
1142,11.42,6.082909458,ANOMALY,17.28837775,0.4478439629,1.700565876,1143
1143,11.43,5.702128703,ANOMALY,17.33094485,0.4623745303,1.706806573,1144
1144,11.44,6.665353312,ANOMALY,17.19643296,0.4780671432,1.715594956,1145
1145,11.45,5.804164546,ANOMALY,17.3727191,0.4864046296,1.725857694,1146
1146,11.46,5.403091388,ANOMALY,17.10295785,0.4987695565,1.744495007,1147
1147,11.47,6.018845723,ANOMALY,16.81719922,0.4987695565,1.745090941,1148
1148,11.48,6.601086367,ANOMALY,16.66003454,0.5071525619,1.758716998,1149
1149,11.49,7.15009705,ANOMALY,16.71675084,0.5100628553,1.763031799,1150
1150,11.5,6.172745406,ANOMALY,16.64781806,0.5124887351,1.78054032,1151
1151,11.51,5.156546109,ANOMALY,16.60158887,0.5124887351,1.794413767,1152
1152,11.52,7.098509515,ANOMALY,16.60158887,0.5124887351,1.80316083,1153
1153,11.53,7.585726357,ANOMALY,16.51203113,0.5150418244,1.815559396,1154
1154,11.54,5.57365099,ANOMALY,16.39732028,0.5352091843,1.826615279,1155
1155,11.55,5.596266203,ANOMALY,16.15007135,0.5534342025,1.843463809,1156
1156,11.56,6.816495623,ANOMALY,15.72041579,0.5552997388,1.849897952,1157
1157,11.57,5.473267301,ANOMALY,15.77386505,0.5635480792,1.871987176,1158
1158,11.58,5.448838731,ANOMALY,15.39005585,0.5878728695,1.892870411,1159
1159,11.59,6.508761061,ANOMALY,15.08552129,0.6078330395,1.907985874,1160
1160,11.6,6.376158928,ANOMALY,15.06763735,0.6078330395,1.922463359,1161
1161,11.61,7.451001869,ANOMALY,14.86253795,0.6138722068,1.953471965,1162
1162,11.62,6.26276118,ANOMALY,14.85667184,0.6138722068,1.962085321,1163
1163,11.63,5.629669482,ANOMALY,14.78586345,0.6138722068,1.966745083,1164
1164,11.64,5.216490476,ANOMALY,14.64189579,0.6320147728,1.98898349,1165
1165,11.65,5.723256739,ANOMALY,14.4025478,0.6320147728,1.993599588,1166
1166,11.66,4.726672445,ANOMALY,14.14905585,0.6538602111,2.026031298,1167
1167,11.67,6.00758369,ANOMALY,14.08232462,0.6538602111,2.037479321,1168
1168,11.68,6.728357716,ANOMALY,13.95653778,0.6628727259,2.069183836,1169
1169,11.69,4.316719765,ANOMALY,13.86525497,0.6653873395,2.072912002,1170
1170,11.7,5.036713668,ANOMALY,13.6901994,0.6712342634,2.098481783,1171
1171,11.71,5.213529303,ANOMALY,13.2576527,0.6712342634,2.108082859,1172
1172,11.72,6.469881741,ANOMALY,13.19390886,0.6712342634,2.114511524,1173
1173,11.73,7.546459256,ANOMALY,13.35218808,0.6804196983,2.128129849,1174
1174,11.74,5.692479446,ANOMALY,13.34513063,0.6876122464,2.138793521,1175
1175,11.75,9.160884072,ANOMALY,13.07484489,0.6958125935,2.150951356,1176
1176,11.76,8.372262862,ANOMALY,13.30095316,0.7038409239,2.162854158,1177
1177,11.77,4.774648132,ANOMALY,13.20979461,0.7154960916,2.18013411,1178
1178,11.78,6.144228392,ANOMALY,13.06070942,0.7362226155,2.210863254,1179
1179,11.79,4.889619071,ANOMALY,13.19970624,0.7502600884,2.231675212,1180
1180,11.8,7.959830341,ANOMALY,13.14834012,0.7502600884,2.236806043,1181
1181,11.81,7.230052993,ANOMALY,13.11033536,0.7502600884,2.243700925,1182
1182,11.82,6.925097723,ANOMALY,12.97717993,0.7534196807,2.256163035,1183
1183,11.83,5.327016087,ANOMALY,12.77958576,0.7558653396,2.259788969,1184
1184,11.84,5.755821088,ANOMALY,12.54141702,0.7638924242,2.263912226,1185
1185,11.85,5.324393554,ANOMALY,12.0199946,0.7967086759,2.320343299,1186
1186,11.86,7.805544148,ANOMALY,11.48576644,0.8238080733,2.365607193,1187
1187,11.87,6.597009254,ANOMALY,11.76397311,0.8238080733,2.367702789,1188
1188,11.88,5.856833658,ANOMALY,11.99323062,0.8339357731,2.383868897,1189
1189,11.89,6.008642914,ANOMALY,11.49353435,0.8454824976,2.400988071,1190
1190,11.9,5.837798643,ANOMALY,11.53218552,0.8454824976,2.403708176,1191
1191,11.91,7.596836965,ANOMALY,11.4569735,0.8526721548,2.416474118,1192
1192,11.92,5.727338321,ANOMALY,11.37009237,0.8589830206,2.43091996,1193
1193,11.93,5.06955595,ANOMALY,11.05376815,0.8726492686,2.474466642,1194
1194,11.94,6.834167142,ANOMALY,10.71036557,0.8899234795,2.522579151,1195
1195,11.95,6.335678901,ANOMALY,10.54779368,0.8983923206,2.553101306,1196
1196,11.96,6.560818596,ANOMALY,10.59842244,0.9029540326,2.58733795,1197
1197,11.97,5.272518465,ANOMALY,10.61198998,0.9175509854,2.649752195,1198
1198,11.98,5.274193453,ANOMALY,10.42351202,0.9317327049,2.670778012,1199
1199,11.99,6.099377734,ANOMALY,10.2871723,0.935691502,2.704481447,1200
1200,12,6.781256185,ANOMALY,10.33302912,0.935691502,2.723085183,1201
1201,12.01,5.911018807,ANOMALY,10.26983208,0.939806679,2.746731915,1202
1202,12.02,6.196176049,ANOMALY,10.2467317,0.9440561424,2.798787626,1203
1203,12.03,5.023406292,ANOMALY,10.35175389,0.9536442306,2.856789156,1204
1204,12.04,6.245953167,ANOMALY,10.34687591,0.9536442306,2.868514195,1205
1205,12.05,5.312501879,ANOMALY,10.27225674,0.962230103,2.889216919,1206
1206,12.06,5.406674062,ANOMALY,9.857263941,0.9878339871,2.938801102,1207
1207,12.07,6.080150238,ANOMALY,9.557091688,1.01816661,2.988279598,1208
1208,12.08,7.155697076,ANOMALY,9.519203667,1.01816661,2.997947211,1209
1209,12.09,7.034002237,ANOMALY,9.459532016,1.01816661,3.007133988,1210
1210,12.1,6.061161912,ANOMALY,9.417621284,1.049881958,3.061169063,1211
1211,12.11,6.624146229,ANOMALY,9.329542071,1.078709324,3.117884195,1212
1212,12.12,6.179349987,ANOMALY,9.232121042,1.090034088,3.160602116,1213
1213,12.13,6.845898381,ANOMALY,9.133282597,1.101693893,3.177888942,1214
1214,12.14,6.218750661,ANOMALY,9.068036032,1.120255684,3.234323208,1215
1215,12.15,5.74292554,ANOMALY,9.068036032,1.120255684,3.262875627,1216
1216,12.16,5.564129008,ANOMALY,8.851184054,1.134683234,3.319268245,1217
1217,12.17,3.924471084,ANOMALY,8.712848905,1.134683234,3.348973482,1218
1218,12.18,5.713777462,ANOMALY,8.62086979,1.134683234,3.380584203,1219
1219,12.19,6.190133183,ANOMALY,8.456616868,1.148665217,3.421897215,1220
1220,12.2,7.23060853,ANOMALY,8.250826001,1.168337943,3.455030569,1221
1221,12.21,7.576806368,ANOMALY,8.231323763,1.175499537,3.465648349,1222
1222,12.22,5.559805593,ANOMALY,8.186776389,1.193589812,3.501642833,1223
1223,12.23,3.844768926,ANOMALY,8.037233816,1.215883661,3.54988548,1224
1224,12.24,7.779331974,ANOMALY,7.8565619,1.240206291,3.58594621,1225
1225,12.25,6.501817135,ANOMALY,7.836594892,1.259686565,3.63881242,1226
1226,12.26,7.141346371,ANOMALY,7.878836761,1.268229781,3.674902199,1227
1227,12.27,5.28998348,ANOMALY,7.831555949,1.285053916,3.722962383,1228
1228,12.28,5.327865717,ANOMALY,7.602157262,1.302263925,3.752952474,1229
1229,12.29,5.775290247,ANOMALY,7.355120087,1.311276415,3.76631439,1230
1230,12.3,5.942145135,ANOMALY,7.19685266,1.31237327,3.767940588,1231
1231,12.31,5.939983711,ANOMALY,7.164144959,1.31237327,3.820968903,1232
1232,12.32,7.02816739,ANOMALY,6.914356566,1.32581226,3.865325635,1233
1233,12.33,6.405700652,ANOMALY,6.816414252,1.350251998,3.886695189,1234
1234,12.34,5.23685883,ANOMALY,6.772079124,1.373072245,3.988692794,1235
1235,12.35,6.045176218,ANOMALY,6.632111225,1.373072245,4.015812524,1236
1236,12.36,6.189320867,ANOMALY,6.462152221,1.399109433,4.063656829,1237
1237,12.37,5.485535079,ANOMALY,6.343870277,1.434407604,4.115989896,1238
1238,12.38,6.166214046,ANOMALY,6.336480432,1.434407604,4.123672781,1239
1239,12.39,6.341232506,ANOMALY,6.30249845,1.467699751,4.173031719,1240
1240,12.4,5.72315242,ANOMALY,6.244221209,1.509714489,4.218398314,1241
1241,12.41,5.682575672,ANOMALY,6.131548351,1.552200259,4.285577127,1242
1242,12.42,4.772936723,ANOMALY,6.013617064,1.571224293,4.299292149,1243
1243,12.43,4.842987568,ANOMALY,5.849012132,1.603756377,4.357824819,1244
1244,12.44,5.347791511,ANOMALY,5.705190628,1.6356595,4.414365958,1245
1245,12.45,5.602532446,ANOMALY,5.513363658,1.69273488,4.489744347,1246
1246,12.46,4.290604252,ANOMALY,5.330404682,1.75544007,4.475009204,1247
1247,12.47,5.80151081,ANOMALY,5.168053119,1.781129559,4.462918663,1248
1248,12.48,4.44200049,ANOMALY,5.083928381,1.796833507,4.501865173,1249
1249,12.49,4.671128637,NORMAL,4.971837345,1.812168883,4.508937565,1250
1250,12.5,8.406977145,NORMAL,4.9617611,1.834611294,4.537736152,1251
1251,12.51,6.006365657,NORMAL,4.911385446,1.862285757,4.583240842,1252
1252,12.52,6.472932216,NORMAL,4.806169974,1.917186396,4.613621669,1253
1253,12.53,4.327280831,NORMAL,4.718734261,2.117856113,4.625497306,1254
1254,12.54,6.319436158,NORMAL,4.579723265,2.374076863,4.556805922,1255
1255,12.55,4.893919732,NORMAL,4.531660377,2.624412163,4.557602451,1256
1256,12.56,5.021689203,NORMAL,4.481197468,3.171713493,4.534276067,1257
1257,12.57,4.875234471,NORMAL,4.312467772,3.601416176,4.493595477,1258
1258,12.58,4.933898198,NORMAL,4.237017718,3.744300558,4.478619068,1259
1259,12.59,4.858354558,NORMAL,4.172557277,3.884620005,4.439937069,1260
1260,12.6,6.069979149,NORMAL,4.07169779,3.932938683,4.451025099,1261
1261,12.61,6.497384099,NORMAL,3.98769097,4.045497193,4.421836879,1262
1262,12.62,6.25188709,NORMAL,3.899658718,4.200285162,4.399524949,1263
1263,12.63,5.864184222,NORMAL,3.841216377,4.270793236,4.38777964,1264
1264,12.64,6.262151617,NORMAL,3.763835894,4.299262147,4.350271266,1265
1265,12.65,7.657539292,NORMAL,3.705624595,4.312319903,4.33296599,1266
1266,12.66,6.643142243,NORMAL,3.642302095,4.322000298,4.318613837,1267
1267,12.67,4.479229033,NORMAL,3.642883042,4.32795589,4.309784075,1268
1268,12.68,3.976208035,NORMAL,3.562352493,4.38531572,4.268620864,1269
1269,12.69,6.630990141,NORMAL,3.325696263,4.38531572,4.225799185,1270
1270,12.7,6.210982225,NORMAL,3.193265691,4.44245356,4.256884512,1271
1271,12.71,6.783827949,NORMAL,2.95260592,4.445681865,4.213438729,1272
1272,12.72,4.274530808,NORMAL,2.43271964,4.457634038,4.183859449,1273
1273,12.73,5.674444349,NORMAL,1.981020596,4.457634038,4.150294582,1274
1274,12.74,6.464131454,NORMAL,1.84351593,4.473020005,4.094712019,1275
1275,12.75,5.250558754,NORMAL,1.824702047,4.566630676,4.106501282,1276
1276,12.76,6.838941222,NORMAL,1.772703401,4.657719379,4.069450696,1277
1277,12.77,5.949283362,NORMAL,1.766918517,4.666267538,4.032823292,1278
1278,12.78,7.075732908,NORMAL,1.702423747,4.698900541,3.974883942,1279
1279,12.79,7.697824311,NORMAL,1.700740471,4.749804584,3.876291112,1280
1280,12.8,6.588736859,NORMAL,1.749189028,4.773792427,3.840726735,1281
1281,12.81,6.43752997,NORMAL,1.847196281,4.80881785,3.763737294,1282
1282,12.82,4.574452975,NORMAL,1.935502743,4.850671063,3.700759106,1283
1283,12.83,7.49642588,NORMAL,1.797380044,4.850671063,3.610434699,1284
1284,12.84,5.306908098,NORMAL,1.829297911,4.866794514,3.608820373,1285
1285,12.85,5.70279653,NORMAL,1.738392387,4.882426771,3.539503505,1286
1286,12.86,6.318682362,NORMAL,1.758292109,4.891769401,3.473874164,1287
1287,12.87,4.862978111,NORMAL,1.758235369,4.913908965,3.434326956,1288
1288,12.88,5.908708613,NORMAL,1.665254178,4.913908965,3.418600942,1289
1289,12.89,7.32234999,NORMAL,1.570152885,4.947410536,3.313811471,1290
1290,12.9,4.024411805,NORMAL,1.668836489,4.987574956,3.280228485,1291
1291,12.91,4.705625843,NORMAL,1.654849815,4.987574956,3.240422638,1292
1292,12.92,6.53610938,NORMAL,1.646772695,4.987574956,3.214388151,1293
1293,12.93,5.74331184,NORMAL,1.678019431,5.017958121,3.167017537,1294
1294,12.94,7.253136437,NORMAL,1.641330483,5.022547748,3.156131361,1295
1295,12.95,5.022021758,NORMAL,1.625587325,5.029717124,3.145502045,1296
1296,12.96,5.991991504,NORMAL,1.628476621,5.029717124,3.137188401,1297
1297,12.97,7.311775455,NORMAL,1.47662224,5.036370811,3.089081804,1298
1298,12.98,5.885697689,NORMAL,1.465305705,5.039632369,3.084246218,1299
1299,12.99,5.898999194,NORMAL,1.313531029,5.05605351,3.011260974,1300
1300,13,5.397761175,NORMAL,1.342400096,5.070619132,2.960578054,1301
1301,13.01,6.202665257,NORMAL,1.345027999,5.0856361,2.907378952,1302
1302,13.02,5.795472215,NORMAL,1.327667492,5.128067997,2.821412733,1303
1303,13.03,5.69593696,NORMAL,1.254553993,5.173239725,2.749845801,1304
1304,13.04,7.778892419,NORMAL,1.206682522,5.201731322,2.675212175,1305
1305,13.05,7.016491809,NORMAL,1.256541594,5.21500989,2.65552537,1306
1306,13.06,5.526068698,NORMAL,1.311422494,5.220601678,2.638849832,1307
1307,13.07,7.861120222,NORMAL,1.249723598,5.226382623,2.601803796,1308
1308,13.08,4.751978813,NORMAL,1.305892902,5.232455598,2.592800003,1309
1309,13.09,6.159137957,NORMAL,1.260491366,5.232455598,2.577388622,1310
1310,13.1,5.24280041,NORMAL,1.30348591,5.237711304,2.550367722,1311
1311,13.11,7.901742085,NORMAL,1.230269977,5.239774815,2.526558042,1312
1312,13.12,5.729299301,NORMAL,1.217251427,5.241893131,2.523417427,1313
1313,13.13,6.446430818,NORMAL,1.174521672,5.245489854,2.503139982,1314
1314,13.14,6.616944013,NORMAL,1.141223261,5.249369026,2.492287227,1315
1315,13.15,5.762683299,NORMAL,1.161420028,5.26153861,2.436668766,1316
1316,13.16,3.837648835,NORMAL,1.114966256,5.273355959,2.402678165,1317
1317,13.17,6.842624257,NORMAL,1.114974401,5.273355959,2.376927986,1318
1318,13.18,5.382852114,NORMAL,1.144162664,5.276460538,2.35900181,1319
1319,13.19,8.042896817,NORMAL,1.182795049,5.282133193,2.334101438,1320
1320,13.2,6.868694675,NORMAL,1.153577814,5.287761122,2.32575747,1321
1321,13.21,5.863949268,NORMAL,1.228379993,5.295655971,2.314052567,1322
1322,13.22,7.128406297,NORMAL,1.131241568,5.304118279,2.28341607,1323
1323,13.23,3.985898624,NORMAL,1.232851714,5.309704988,2.275133216,1324
1324,13.24,6.347151294,NORMAL,1.239908466,5.309704988,2.269975874,1325
1325,13.25,6.062940387,NORMAL,1.251197892,5.318447716,2.250744646,1326
1326,13.26,7.110684641,NORMAL,1.414377402,5.324647401,2.224914071,1327
1327,13.27,6.569923381,NORMAL,1.409865061,5.325958668,2.222969987,1328
1328,13.28,7.287589924,NORMAL,1.569965104,5.327429863,2.208219124,1329
1329,13.29,7.481156576,NORMAL,1.687774305,5.327854678,2.208219124,1330
1330,13.3,4.724237648,NORMAL,1.678429862,5.332229917,2.210587788,1331
1331,13.31,6.140050578,NORMAL,1.687749778,5.332229917,2.202941,1332
1332,13.32,4.433389712,NORMAL,1.698356982,5.342192814,2.161584798,1333
1333,13.33,7.011704885,NORMAL,1.700246708,5.342192814,2.135461803,1334
1334,13.34,4.929639234,NORMAL,1.845524911,5.348933045,2.125468736,1335
1335,13.35,5.472312221,NORMAL,1.870335884,5.348933045,2.117734796,1336
1336,13.36,5.57364153,NORMAL,1.888621677,5.352227781,2.106585453,1337
1337,13.37,5.997472785,NORMAL,1.667573003,5.367718948,2.084560965,1338
1338,13.38,5.623060909,NORMAL,1.558631129,5.381954515,2.07219856,1339
1339,13.39,6.946784073,NORMAL,1.569829995,5.385809625,2.057739727,1340
1340,13.4,7.659041094,NORMAL,1.568436194,5.393264156,2.046687641,1341
1341,13.41,4.818418593,NORMAL,1.676038477,5.400426281,2.043648739,1342
1342,13.42,7.262390208,NORMAL,1.593175038,5.400426281,2.032499397,1343
1343,13.43,5.081648764,NORMAL,1.909136246,5.404882725,2.02946195,1344
1344,13.44,6.833877123,NORMAL,1.603755146,5.404882725,2.008482631,1345
1345,13.45,6.642195809,NORMAL,1.890563797,5.427756397,1.974570125,1346
1346,13.46,5.934938374,NORMAL,1.895371891,5.452659161,1.92987623,1347
1347,13.47,5.427314007,NORMAL,1.605389869,5.459546306,1.899374113,1348
1348,13.48,5.715343349,NORMAL,1.593715841,5.459546306,1.876480012,1349
1349,13.49,6.819111781,NORMAL,1.593715841,5.467462621,1.854026112,1350
1350,13.5,5.999785303,NORMAL,1.562731384,5.472789761,1.846128095,1351
1351,13.51,4.604796869,NORMAL,1.575418875,5.47940119,1.827949504,1352
1352,13.52,6.552612641,NORMAL,1.412489741,5.47940119,1.823442182,1353
1353,13.53,6.065652598,NORMAL,1.404186271,5.497035824,1.801804395,1354
1354,13.54,5.546580009,NORMAL,1.48062355,5.509325422,1.783583837,1355
1355,13.55,4.488553005,NORMAL,1.37934338,5.518091487,1.777030043,1356
1356,13.56,6.131101915,NORMAL,1.37934338,5.518091487,1.770587269,1357
1357,13.57,5.256158455,NORMAL,1.348463056,5.536324353,1.751931708,1358
1358,13.58,5.735973208,NORMAL,1.268711076,5.536324353,1.743555221,1359
1359,13.59,4.760569924,NORMAL,1.180558938,5.548978758,1.711152732,1360
1360,13.6,5.868481086,NORMAL,0.8535602102,5.548978758,1.677483839,1361
1361,13.61,5.914694291,NORMAL,0.7377515384,5.554565558,1.65587214,1362
1362,13.62,7.017103385,NORMAL,0.8811278072,5.558779601,1.655064988,1363
1363,13.63,6.063878105,NORMAL,0.9324865946,5.561967301,1.659791071,1364
1364,13.64,5.446813435,NORMAL,0.9156365236,5.568885269,1.665261366,1365
1365,13.65,7.409216053,NORMAL,1.117016633,5.568885269,1.647541076,1366
1366,13.66,5.386068383,NORMAL,0.8670853206,5.57364626,1.652126359,1367
1367,13.67,6.166064966,NORMAL,0.8768573659,5.57364626,1.631788486,1368
1368,13.68,6.463771542,NORMAL,0.965310598,5.584958596,1.63244279,1369
1369,13.69,6.656834556,NORMAL,1.048287978,5.599399324,1.602730308,1370
1370,13.7,6.071133826,NORMAL,1.052698353,5.603587486,1.572598721,1371
1371,13.71,7.341544353,NORMAL,1.224826394,5.608363146,1.559203374,1372
1372,13.72,6.073152879,NORMAL,1.206648237,5.614068371,1.550744808,1373
1373,13.73,5.87878911,NORMAL,1.190874728,5.619556943,1.542607451,1374
1374,13.74,6.288238839,NORMAL,1.194236264,5.626365196,1.527651308,1375
1375,13.75,8.388663873,NORMAL,1.820020775,5.636998048,1.511887041,1376
1376,13.76,6.779454407,NORMAL,1.254823088,5.645404597,1.499423492,1377
1377,13.77,5.360205405,NORMAL,1.223520957,5.646984524,1.497081093,1378
1378,13.78,5.056820134,NORMAL,1.133017204,5.646984524,1.486930981,1379
1379,13.79,5.706214584,NORMAL,1.130962597,5.646984524,1.476201844,1380
1380,13.8,6.33670342,NORMAL,1.140467525,5.657325578,1.469342649,1381
1381,13.81,7.09472798,NORMAL,1.246141288,5.669843853,1.453039739,1382
1382,13.82,8.02269105,NORMAL,1.622780504,5.673483683,1.447643326,1383
1383,13.83,5.927339772,NORMAL,1.246614057,5.678510011,1.446308453,1384
1384,13.84,6.119203436,NORMAL,1.255651543,5.682703582,1.433973905,1385
1385,13.85,5.374137591,NORMAL,1.238131043,5.687655468,1.426558345,1386
1386,13.86,5.838724635,NORMAL,1.226680244,5.687655468,1.420679061,1387
1387,13.87,7.551609151,NORMAL,1.320876672,5.694208203,1.406188017,1388
1388,13.88,6.344456236,NORMAL,1.252556186,5.699032831,1.40191945,1389
1389,13.89,6.743726825,NORMAL,1.258968938,5.702462616,1.39555086,1390
1390,13.9,6.485171758,NORMAL,1.332284742,5.704505557,1.39555086,1391
1391,13.91,5.357016522,NORMAL,1.451187929,5.709996023,1.388015451,1392
1392,13.92,4.929524817,NORMAL,1.4521649,5.709996023,1.385114684,1393
1393,13.93,5.213824572,NORMAL,1.439630258,5.709996023,1.382780994,1394
1394,13.94,5.652980635,NORMAL,1.436285671,5.709996023,1.374344638,1395
1395,13.95,5.720435115,NORMAL,1.284126423,5.709996023,1.366037876,1396
1396,13.96,6.204233532,NORMAL,1.27353141,5.714560406,1.358692025,1397
1397,13.97,5.610827113,NORMAL,1.423614948,5.717889232,1.349680535,1398
1398,13.98,5.535629116,NORMAL,1.268783716,5.717889232,1.344613844,1399
1399,13.99,5.95067847,NORMAL,1.276316439,5.717889232,1.338585897,1400
1400,14,5.896251224,NORMAL,1.189010016,5.721103669,1.333246894,1401
1401,14.01,6.09328497,NORMAL,0.986252259,5.722462322,1.315033913,1402
1402,14.02,6.886352139,NORMAL,0.9784817083,5.723204579,1.303278639,1403
1403,14.03,6.207699265,NORMAL,0.9640950881,5.72529753,1.303278639,1404
1404,14.04,7.088141411,NORMAL,1.05258626,5.728318811,1.29188709,1405
1405,14.05,6.074788631,NORMAL,0.9800565229,5.732636255,1.292782604,1406
1406,14.06,5.413142035,NORMAL,1.173403179,5.739449374,1.290370655,1407
1407,14.07,6.622860446,NORMAL,0.9419212415,5.739449374,1.27937401,1408
1408,14.08,6.121051434,NORMAL,0.9357247035,5.74311869,1.27937401,1409
1409,14.09,6.419940144,NORMAL,0.928988175,5.749566464,1.271769925,1410
1410,14.1,6.981724722,NORMAL,1.165436745,5.759252193,1.259858619,1411
1411,14.11,5.593665055,NORMAL,1.242914695,5.768986773,1.25088385,1412
1412,14.12,5.068912228,NORMAL,1.2488682,5.768986773,1.244501479,1413
1413,14.13,5.032341271,NORMAL,1.168086584,5.768986773,1.241259491,1414
1414,14.14,6.714278097,NORMAL,0.9126212531,5.768986773,1.23588659,1415
1415,14.15,6.694112318,NORMAL,0.90158872,5.776664331,1.234043383,1416
1416,14.16,6.832898422,NORMAL,1.126704081,5.78020749,1.228790295,1417
1417,14.17,5.668513132,NORMAL,1.103298936,5.785704936,1.227608471,1418
1418,14.18,6.288938716,NORMAL,1.106039172,5.785704936,1.215853197,1419
1419,14.19,5.622261154,NORMAL,1.165055886,5.792252761,1.19636371,1420
1420,14.2,4.968903129,NORMAL,1.068502516,5.792252761,1.193341346,1421
1421,14.21,5.985276702,NORMAL,0.8105713383,5.792252761,1.193341346,1422
1422,14.22,5.476660757,NORMAL,0.6378535842,5.798491512,1.181702294,1423
1423,14.23,4.694419736,NORMAL,0.9391799778,5.798491512,1.175569968,1424
1424,14.24,4.816401894,NORMAL,0.8354157097,5.798491512,1.175569968,1425
1425,14.25,6.646192724,NORMAL,0.7210980501,5.798491512,1.175569968,1426
1426,14.26,4.441874678,NORMAL,1.161128878,5.80171491,1.171136347,1427
1427,14.27,6.541636207,NORMAL,0.6343412117,5.80171491,1.171136347,1428
1428,14.28,5.178451169,NORMAL,0.8688033263,5.803041778,1.16718413,1429
1429,14.29,6.114986758,NORMAL,0.6256885548,5.803041778,1.161652427,1430
1430,14.3,5.756369618,NORMAL,0.8565045439,5.804323821,1.160087562,1431
1431,14.31,5.685639914,NORMAL,0.8609724748,5.804323821,1.158814684,1432
1432,14.32,5.375530838,NORMAL,0.8550861448,5.804323821,1.151164829,1433
1433,14.33,5.84701628,NORMAL,0.8541650079,5.804323821,1.141808391,1434
1434,14.34,8.098822206,NORMAL,2.008967003,5.806122136,1.141233314,1435
1435,14.35,5.472666143,NORMAL,0.4140819771,5.813062823,1.150514792,1436
1436,14.36,5.80388332,NORMAL,0.0430320983,5.813062823,1.146187525,1437
1437,14.37,6.843939983,NORMAL,0.9104749553,5.813062823,1.132241094,1438
1438,14.38,5.535063775,NORMAL,0.2589183022,5.828081557,1.131699767,1439
1439,14.39,5.289152125,NORMAL,0.4783485081,5.828081557,1.126645999,1440
1440,14.4,5.953969141,NORMAL,0.4869172338,5.828081557,1.125067257,1441
1441,14.41,4.597280443,NORMAL,1.106875856,5.838261639,1.121156622,1442
1442,14.42,6.42878935,NORMAL,0.7400792704,5.838261639,1.121156622,1443
1443,14.43,5.277677186,NORMAL,0.7513327255,5.842870457,1.109773744,1444
1444,14.44,7.166635411,NORMAL,1.199166026,5.842870457,1.103904652,1445
1445,14.45,5.781632019,NORMAL,0.5846765168,5.851924969,1.096349525,1446
1446,14.46,5.371512548,NORMAL,0.4454652791,5.851924969,1.078450877,1447
1447,14.47,7.017901763,NORMAL,1.099742174,5.851924969,1.060227407,1448
1448,14.48,5.295223822,NORMAL,0.6277370462,5.860391463,1.047736572,1449
1449,14.49,4.550674399,NORMAL,1.255168046,5.860391463,1.043459533,1450
1450,14.5,7.179351567,NORMAL,1.264026118,5.860391463,1.043459533,1451
1451,14.51,6.329243396,NORMAL,0.9896116032,5.864066745,1.04222601,1452
1452,14.52,5.629880977,NORMAL,0.7112731099,5.866332654,1.032117197,1453
1453,14.53,5.956657442,NORMAL,0.7112731099,5.866332654,1.028135836,1454
1454,14.54,5.234327471,NORMAL,0.7461478302,5.870003033,1.022694132,1455
1455,14.55,7.667651596,NORMAL,1.762044658,5.870003033,1.020206017,1456
1456,14.56,8.018705996,NORMAL,2.112436526,5.875157045,1.014728217,1457
1457,14.57,6.921176074,NORMAL,1.034230479,5.8822434,1.004546564,1458
1458,14.58,6.437485196,NORMAL,0.5454383063,5.890974457,1.001966185,1459
1459,14.59,6.188698087,NORMAL,0.3348926851,5.897625209,0.997204544,1460
1460,14.6,6.177562261,NORMAL,0.3621275758,5.903853903,0.9972916245,1461
1461,14.61,6.32463304,NORMAL,0.4149047835,5.90986371,0.9996735313,1462
1462,14.62,5.318878978,NORMAL,0.5934533699,5.912856549,1.000883305,1463
1463,14.63,6.299693717,NORMAL,0.3876469717,5.912856549,0.9979109777,1464
1464,14.64,4.966416656,NORMAL,0.9567937897,5.921017031,0.9977075365,1465
1465,14.65,8.256746125,NORMAL,2.341095971,5.921017031,0.9977075365,1466
1466,14.66,6.77844615,NORMAL,0.8554761344,5.931139073,0.9904508648,1467
1467,14.67,6.21718324,NORMAL,0.6360162559,5.935279237,0.9848673855,1468
1468,14.68,6.261692108,NORMAL,1.142988715,5.937801905,0.9836257168,1469
1469,14.69,5.029354758,NORMAL,1.232313139,5.941064423,0.982759228,1470
1470,14.7,4.46005304,NORMAL,1.506993107,5.941064423,0.982759228,1471
1471,14.71,4.74484666,NORMAL,1.217203287,5.941064423,0.982759228,1472
1472,14.72,3.199786755,NORMAL,2.789368535,5.941064423,0.982759228,1473
1473,14.73,5.712966334,NORMAL,1.104085279,5.941064423,0.982759228,1474
1474,14.74,5.703645752,NORMAL,1.104085279,5.941064423,0.9802645368,1475
1475,14.75,6.20130858,NORMAL,0.5782234609,5.941064423,0.9757355407,1476
1476,14.76,5.874325951,NORMAL,1.097028951,5.945714249,0.9728027209,1477
1477,14.77,8.669728372,NORMAL,2.802712699,5.945714249,0.9719205697,1478
1478,14.78,4.858162936,NORMAL,1.120241264,5.949980916,0.9746275333,1479
1479,14.79,7.192993255,NORMAL,1.275371664,5.949980916,0.9746275333,1480
1480,14.8,7.438030612,NORMAL,1.518970589,5.952323806,0.9781011013,1481
1481,14.81,4.726498408,NORMAL,1.254015065,5.955171306,0.979791178,1482
1482,14.82,7.522826547,NORMAL,1.599989137,5.955171306,0.979791178,1483
1483,14.83,6.15498232,NORMAL,1.10642992,5.956515456,0.979791178,1484
1484,14.84,4.886673888,NORMAL,1.103101006,5.962765991,0.9755154759,1485
1485,14.85,6.046946936,NORMAL,1.051645194,5.962765991,0.9755154759,1486
1486,14.86,6.169454346,NORMAL,1.043179755,5.97707562,0.9672900777,1487
1487,14.87,6.748791187,NORMAL,1.043179755,5.988395563,0.9678425347,1488
1488,14.88,6.211324979,NORMAL,1.037028687,5.991752964,0.965048154,1489
1489,14.89,6.660724459,NORMAL,1.008384406,5.994732144,0.9595419066,1490
1490,14.9,6.055741286,NORMAL,0.9357832284,5.998629044,0.9578165902,1491
1491,14.91,6.141627065,NORMAL,0.8493523037,6.00307548,0.9556663182,1492
1492,14.92,5.768170527,NORMAL,0.7857740136,6.006543334,0.9533023997,1493
1493,14.93,3.620282756,NORMAL,2.522253251,6.006543334,0.9460828632,1494
1494,14.94,5.183087476,NORMAL,0.8703844983,6.006543334,0.9460828632,1495
1495,14.95,7.803328529,NORMAL,1.899183744,6.006543334,0.9460828632,1496
1496,14.96,6.127337287,NORMAL,0.4472700467,6.007152351,0.9451799354,1497
1497,14.97,6.20205837,NORMAL,0.6147378009,6.008113302,0.9426590928,1498
1498,14.98,6.21650658,NORMAL,0.5952395107,6.010080236,0.9418157519,1499
1499,14.99,6.658279934,NORMAL,0.6850051718,6.01518164,0.9388225369,1500
1500,15,5.871097187,NORMAL,0.5883429162,6.020224111,0.9437160807,1501
1501,15.01,6.17742676,NORMAL,0.3808833411,6.020224111,0.9418963981,1502
1502,15.02,6.854222218,NORMAL,0.8853838416,6.028571667,0.9325340182,1503
1503,15.03,6.522248706,NORMAL,0.6463050158,6.040358526,0.9250419769,1504
1504,15.04,6.544683296,NORMAL,0.7113619217,6.046061577,0.9161832444,1505
1505,15.05,6.812153296,NORMAL,0.8403728446,6.051344111,0.905323381,1506
1506,15.06,6.466734743,NORMAL,0.8415672649,6.056783649,0.9018022588,1507
1507,15.07,6.817724853,NORMAL,0.9029792943,6.058798541,0.8977028112,1508
1508,15.08,6.074176052,NORMAL,0.9009640543,6.060466491,0.8961380894,1509
1509,15.09,8.187954159,NORMAL,2.380949101,6.06205115,0.8928804938,1510
1510,15.1,6.590043875,NORMAL,0.8835818032,6.063409246,0.8915913778,1511
1511,15.11,6.627987438,NORMAL,0.9178134267,6.064765352,0.8888564179,1512
1512,15.12,6.239596649,NORMAL,0.8817414995,6.067815874,0.8828260687,1513
1513,15.13,6.692832663,NORMAL,0.8817414995,6.067815874,0.8825637065,1514
1514,15.14,5.845618194,NORMAL,0.9489902089,6.070556488,0.8836933603,1515
1515,15.15,5.701771211,NORMAL,0.8817414995,6.067815874,0.8819233533,1516
1516,15.16,6.514616715,NORMAL,0.8817414995,6.064765352,0.8791578655,1517
1517,15.17,5.335696865,NORMAL,0.9430110064,6.067815874,0.8819233533,1518
1518,15.18,5.943658236,NORMAL,0.8930408897,6.067815874,0.8825637065,1519
1519,15.19,7.181909731,NORMAL,1.270698271,6.064765352,0.8791578655,1520
1520,15.2,6.598960189,NORMAL,0.8977923232,6.064765352,0.8791578655,1521
1521,15.21,6.499502131,NORMAL,1.496250494,6.064765352,0.8791578655,1522
1522,15.22,4.859654057,NORMAL,1.470112498,6.067815874,0.8819233533,1523
1523,15.23,5.545979328,NORMAL,1.457323993,6.067815874,0.8825637065,1524
1524,15.24,6.973855825,NORMAL,1.46499371,6.064765352,0.8791578655,1525
1525,15.25,5.328266963,NORMAL,2.102782629,6.067815874,0.8819233533,1526
1526,15.26,9.127115902,NORMAL,3.483277202,6.064765352,0.8791578655,1527
1527,15.27,5.172617784,NORMAL,2.238601577,6.064765352,0.8791578655,1528
1528,15.28,4.624194112,NORMAL,2.103114472,6.064765352,0.8817568459,1529
1529,15.29,5.286691971,NORMAL,2.103114472,6.063409246,0.8874356117,1530
1530,15.3,4.22014972,NORMAL,2.103114472,6.06205115,0.8900160857,1531
1531,15.31,4.473001854,NORMAL,2.095763535,6.06205115,0.8928804938,1532
1532,15.32,6.795077434,NORMAL,1.443922089,6.06205115,0.8928804938,1533
1533,15.33,3.795480607,NORMAL,2.529264819,6.06205115,0.8961380894,1534
1534,15.34,5.696969187,NORMAL,2.085555615,6.06205115,0.8961380894,1535
1535,15.35,6.913538929,NORMAL,1.443922089,6.060466491,0.8961380894,1536
1536,15.36,5.514577678,NORMAL,1.449849412,6.060466491,0.8961380894,1537
1537,15.37,6.881276673,NORMAL,0.9194191116,6.058798541,0.8945627973,1538
1538,15.38,5.507756397,NORMAL,0.615990455,6.058798541,0.8945627973,1539
1539,15.39,5.513298988,NORMAL,0.6097945883,6.058798541,0.8945627973,1540
1540,15.4,6.194090099,NORMAL,0.8128331048,6.058798541,0.8945627973,1541
1541,15.41,6.726668908,NORMAL,0.8239623174,6.060466491,0.8917985404,1542
1542,15.42,5.447449902,NORMAL,0.8222439921,6.060466491,0.8945627973,1543
1543,15.43,6.679792932,NORMAL,1.416254706,6.058798541,0.8977028112,1544
1544,15.44,7.049710038,NORMAL,1.427062521,6.060466491,0.8961380894,1545
1545,15.45,9.54836891,NORMAL,3.867702022,6.060466491,0.9018022588,1546
1546,15.46,6.012270403,NORMAL,1.427062521,6.060466491,0.9018022588,1547
1547,15.47,6.24251385,NORMAL,1.185601966,6.060466491,0.9018022588,1548
1548,15.48,7.453560008,NORMAL,1.552783968,6.06205115,0.8961380894,1549
1549,15.49,5.11505022,NORMAL,1.047334115,6.063409246,0.9054980756,1550
1550,15.5,7.258917767,NORMAL,1.320277264,6.063409246,0.9054980756,1551
1551,15.51,4.902086305,NORMAL,1.282118403,6.064765352,0.9068421796,1552
1552,15.52,6.159846874,NORMAL,1.05594842,6.064765352,0.9125063489,1553
1553,15.53,4.884500183,NORMAL,1.304875002,6.067815874,0.9068421796,1554
1554,15.54,6.671418613,NORMAL,2.231767621,6.064765352,0.9068421796,1555
1555,15.55,7.361913598,NORMAL,1.430401315,6.064765352,0.9068421796,1556
1556,15.56,6.753643287,NORMAL,0.7549294714,6.064765352,0.9125063489,1557
1557,15.57,5.281478682,NORMAL,0.8559004583,6.067815874,0.9187250506,1558
1558,15.58,5.219824261,NORMAL,0.9227232486,6.064765352,0.915703698,1559
1559,15.59,6.124533895,NORMAL,1.033470667,6.063409246,0.9236740537,1560
1560,15.6,5.702812017,NORMAL,0.3918626202,6.064765352,0.9236740537,1561
1561,15.61,8.51780559,NORMAL,2.678858067,6.064765352,0.915703698,1562
1562,15.62,5.909778416,NORMAL,0.3771849665,6.067815874,0.9236740537,1563
1563,15.63,5.709380442,NORMAL,0.3880540219,6.067815874,0.9236740537,1564
1564,15.64,6.864674413,NORMAL,0.8659374875,6.067815874,0.9202264024,1565
1565,15.65,5.564296689,NORMAL,0.5483736671,6.070556488,0.9232022405,1566
1566,15.66,6.004451451,NORMAL,0.3564707631,6.070556488,0.9221727019,1567
1567,15.67,6.849382829,NORMAL,0.8445558408,6.070556488,0.9221727019,1568
1568,15.68,6.058711094,NORMAL,0.3418124078,6.072143352,0.9211825804,1569
1569,15.69,7.036705349,NORMAL,1.047687553,6.070556488,0.9221727019,1570
1570,15.7,6.367319083,NORMAL,0.3395594907,6.072143352,0.9231213099,1571
1571,15.71,7.023880909,NORMAL,1.030999443,6.072143352,0.9231213099,1572
1572,15.72,5.19311688,NORMAL,0.9501540853,6.072143352,0.9251409701,1573
1573,15.73,5.366845239,NORMAL,0.7611330675,6.072143352,0.9266423219,1574
1574,15.74,6.096710667,NORMAL,0.3390585119,6.072143352,0.9395715535,1575
1575,15.75,6.50186357,NORMAL,0.4637390367,6.072143352,0.9266423219,1576
1576,15.76,6.135494555,NORMAL,0.3532962191,6.072143352,0.9266423219,1577
1577,15.77,7.350574036,NORMAL,1.379637702,6.072143352,0.9266423219,1578
1578,15.78,5.536312105,NORMAL,0.5719121208,6.073664465,0.9395715535,1579
1579,15.79,6.000249921,NORMAL,0.2810951816,6.073664465,0.9395715535,1580
1580,15.8,7.449908202,NORMAL,1.481588336,6.073664465,0.9288975238,1581
1581,15.81,5.322875642,NORMAL,0.8080835739,6.074482341,0.9301101071,1582
1582,15.82,6.57074885,NORMAL,0.5335567316,6.074482341,0.9301101071,1583
1583,15.83,7.701615176,NORMAL,1.740708044,6.077469434,0.9330374195,1584
1584,15.84,5.360755455,NORMAL,0.7669173301,6.077469434,0.9345387714,1585
1585,15.85,5.377449555,NORMAL,0.7494088941,6.074482341,0.9301101071,1586
1586,15.86,4.083303062,NORMAL,2.142713649,6.073664465,0.9288975238,1587
1587,15.87,4.621571386,NORMAL,1.563243568,6.073664465,0.9288975238,1588
1588,15.88,6.268314847,NORMAL,0.2071693007,6.073664465,0.9395715535,1589
1589,15.89,4.157930728,NORMAL,2.062373608,6.073664465,0.9288975238,1590
1590,15.9,5.725038377,NORMAL,0.374583555,6.072143352,0.9266423219,1591
1591,15.91,5.748262565,NORMAL,0.348746012,6.070556488,0.9241508486,1592
1592,15.92,6.838351201,NORMAL,0.8342069631,6.067815874,0.9236740537,1593
1593,15.93,4.828751271,NORMAL,1.341452212,6.067815874,0.9236740537,1594
1594,15.94,6.359492158,NORMAL,0.3297702186,6.067815874,0.9275984999,1595
1595,15.95,7.162549341,NORMAL,1.18101459,6.070556488,0.9246226618,1596
1596,15.96,7.064373572,NORMAL,1.070780167,6.072143352,0.9266423219,1597
1597,15.97,8.272319511,NORMAL,2.341680259,6.072143352,0.9395715535,1598
1598,15.98,5.518526841,NORMAL,0.5802947018,6.072143352,0.9540264794,1599
1599,15.99,6.335670603,NORMAL,0.2762263487,6.072143352,0.9540264794,1600
1600,16,6.226505076,NORMAL,0.2077074156,6.073664465,0.9395715535,1601
1601,16.01,5.920610717,NORMAL,0.5224036155,6.073664465,0.9395715535,1602
1602,16.02,6.822076695,NORMAL,0.7981652275,6.072143352,0.9395715535,1603
1603,16.03,5.116394402,NORMAL,1.017217845,6.072143352,0.9395715535,1604
1604,16.04,5.573360568,NORMAL,0.5211552617,6.070556488,0.9540264794,1605
1605,16.05,7.584742758,NORMAL,1.615337119,6.067815874,0.9390775877,1606
1606,16.06,4.91144528,NORMAL,1.212094862,6.067815874,0.9540264794,1607
1607,16.07,5.681331803,NORMAL,0.4019108027,6.064765352,0.9540264794,1608
1608,16.08,6.660961859,NORMAL,0.6363186829,6.063409246,0.9390775877,1609
1609,16.09,6.112926164,NORMAL,0.4980635305,6.063409246,0.9341317668,1610
1610,16.1,7.541339994,NORMAL,1.598588416,6.064765352,0.9236740537,1611
1611,16.11,6.55463378,NORMAL,0.5255415559,6.064765352,0.9321212043,1612
1612,16.12,5.941875777,NORMAL,0.5086783465,6.064765352,0.9236740537,1613
1613,16.13,5.505214116,NORMAL,0.6043204606,6.063409246,0.9236740537,1614
1614,16.14,7.362601833,NORMAL,1.406548751,6.063409246,0.9236740537,1615
1615,16.15,6.320697948,NORMAL,0.2785492363,6.063409246,0.9236740537,1616
1616,16.16,5.676939059,NORMAL,0.4184053724,6.063409246,0.9236740537,1617
1617,16.17,5.676149468,NORMAL,0.4192602104,6.063409246,0.9236740537,1618
1618,16.18,5.972926371,NORMAL,0.1617974911,6.06205115,0.9140077008,1619
1619,16.19,6.21740695,NORMAL,0.1704061347,6.06205115,0.9116796221,1620
1620,16.2,6.06040117,NORMAL,0.4814928778,6.063409246,0.9121917836,1621
1621,16.21,6.088611577,NORMAL,0.1088195582,6.063409246,0.9121917836,1622
1622,16.22,3.787303938,NORMAL,2.49520479,6.063409246,0.9121917836,1623
1623,16.23,6.182410851,NORMAL,0.1802261762,6.063409246,0.9135358876,1624
1624,16.24,6.754926732,NORMAL,0.7549328472,6.064765352,0.9142023462,1625
1625,16.25,7.076452077,NORMAL,1.097865136,6.067815874,0.9187250506,1626
1626,16.26,5.64837657,NORMAL,0.6417106833,6.067815874,0.9187250506,1627
1627,16.27,4.44377131,NORMAL,1.776419467,6.064765352,0.9125063489,1628
1628,16.28,7.412388016,NORMAL,1.47665657,6.063409246,0.9135358876,1629
1629,16.29,6.641735986,NORMAL,0.6330640626,6.063409246,0.9135358876,1630
1630,16.3,6.895146588,NORMAL,0.9100005031,6.064765352,0.9125063489,1631
1631,16.31,5.77477642,NORMAL,0.3997865022,6.064765352,0.9125063489,1632
1632,16.32,4.197930571,NORMAL,2.045832101,6.064765352,0.9125063489,1633
1633,16.33,6.251133744,NORMAL,0.2042379131,6.064765352,0.9125063489,1634
1634,16.34,5.657723127,NORMAL,0.4522206358,6.067815874,0.9068421796,1635
1635,16.35,8.038398477,NORMAL,2.173016041,6.067815874,0.9068421796,1636
1636,16.36,4.727895465,NORMAL,1.477567364,6.067815874,0.9068421796,1637
1637,16.37,4.540351003,NORMAL,1.684377839,6.067815874,0.9068421796,1638
1638,16.38,5.932705508,NORMAL,0.1447221088,6.064765352,0.9125063489,1639
1639,16.39,5.150914075,NORMAL,1.006837377,6.063409246,0.9062984666,1640
1640,16.4,5.237754018,NORMAL,0.9056436066,6.06205115,0.9101782703,1641
1641,16.41,5.29745259,NORMAL,0.8403967364,6.060781541,0.9082959491,1642
1642,16.42,5.417113811,NORMAL,0.7086541904,6.060781541,0.9082959491,1643
1643,16.43,4.50744181,NORMAL,1.7094137,6.059556132,0.9079805094,1644
1644,16.44,5.160275445,NORMAL,1.00326735,6.05722619,0.9077998185,1645
1645,16.45,6.663387377,NORMAL,1.611968329,6.051344111,0.9222547444,1646
1646,16.46,5.721919021,NORMAL,1.000445877,6.05722619,0.9077998185,1647
1647,16.47,6.535862999,NORMAL,1.509797741,6.05722619,0.9045261369,1648
1648,16.48,5.64774291,NORMAL,1.509797741,6.05722619,0.9045261369,1649
1649,16.49,6.798852248,NORMAL,1.506615251,6.051344111,0.9088726945,1650
1650,16.5,4.455287487,NORMAL,1.771025333,6.05722619,0.9045261369,1651
1651,16.51,4.955876743,NORMAL,1.510358527,6.051344111,0.9088726945,1652
1652,16.52,5.753450517,NORMAL,1.806643802,6.051344111,0.9148262497,1653
1653,16.53,6.405629045,NORMAL,1.810024765,6.051344111,0.9148262497,1654
1654,16.54,5.625967432,NORMAL,1.810024765,6.051344111,0.9148262497,1655
1655,16.55,6.282125958,NORMAL,1.789229052,6.046061577,0.9177585366,1656
1656,16.56,5.850178441,NORMAL,1.795352669,6.051344111,0.9148262497,1657
1657,16.57,6.69564015,NORMAL,1.787699645,6.046061577,0.9163011892,1658
1658,16.58,4.534343431,NORMAL,1.787627639,6.051344111,0.9222547444,1659
1659,16.59,6.615917001,NORMAL,1.790261688,6.051344111,0.9222547444,1660
1660,16.6,6.228697488,NORMAL,1.558598804,6.05722619,0.9168095692,1661
1661,16.61,5.86572437,NORMAL,1.557794251,6.05722619,0.9168095692,1662
1662,16.62,8.029623711,NORMAL,2.165915212,6.051344111,0.9133689023,1663
1663,16.63,6.119976328,NORMAL,1.557794251,6.051344111,0.9222547444,1664
1664,16.64,5.866848834,NORMAL,1.558598804,6.05722619,0.9077998185,1665
1665,16.65,6.358750218,NORMAL,1.247773629,6.051344111,0.9056173108,1666
1666,16.66,5.694911127,NORMAL,1.24983185,6.051344111,0.9036432894,1667
1667,16.67,6.536186955,NORMAL,1.24983185,6.051344111,0.9036432894,1668
1668,16.68,5.486547944,NORMAL,1.251736727,6.05722619,0.903024785,1669
1669,16.69,6.589672292,NORMAL,1.247773629,6.051344111,0.9016551777,1670
1670,16.7,6.566732435,NORMAL,0.9761176417,6.05722619,0.9003449114,1671
1671,16.71,5.169603981,NORMAL,0.9960937417,6.059556132,0.8934421676,1672
1672,16.72,6.416933213,NORMAL,0.9560245115,6.05722619,0.9013744501,1673
1673,16.73,6.088826853,NORMAL,0.9005553185,6.05722619,0.9013744501,1674
1674,16.74,5.972842685,NORMAL,0.3699165464,6.05722619,0.8968965401,1675
1675,16.75,5.411785397,NORMAL,0.7093162986,6.051344111,0.9016551777,1676
1676,16.76,7.720481953,NORMAL,1.847120276,6.051344111,0.9036432894,1677
1677,16.77,6.894577565,NORMAL,0.9289717226,6.05722619,0.9013744501,1678
1678,16.78,5.077222373,NORMAL,1.082666636,6.059556132,0.9073280053,1679
1679,16.79,5.254707031,NORMAL,0.887054182,6.059556132,0.9073280053,1680
1680,16.8,7.946998989,NORMAL,2.078726182,6.059556132,0.9079805094,1681
1681,16.81,6.108236836,NORMAL,0.2198176726,6.059556132,0.9079805094,1682
1682,16.82,5.982366952,NORMAL,0.1816105473,6.060781541,0.9073280053,1683
1683,16.83,6.449283909,NORMAL,0.4319683307,6.060781541,0.8993769675,1684
1684,16.84,5.694344784,NORMAL,0.4132725325,6.06205115,0.8897430548,1685
1685,16.85,5.716423143,NORMAL,0.3862142196,6.060781541,0.891625376,1686
1686,16.86,8.523717057,NORMAL,2.764160374,6.059556132,0.8914681462,1687
1687,16.87,6.103417542,NORMAL,0.2677982368,6.060781541,0.891625376,1688
1688,16.88,4.587028374,NORMAL,1.656551367,6.060781541,0.8896513546,1689
1689,16.89,4.030729722,NORMAL,2.275826028,6.059556132,0.8914681462,1690
1690,16.9,6.598317441,NORMAL,0.6043528437,6.059556132,0.8914681462,1691
1691,16.91,8.889184535,NORMAL,3.174121717,6.059556132,0.8914681462,1692
1692,16.92,5.532826177,NORMAL,0.5934407471,6.060781541,0.8896513546,1693
1693,16.93,4.496513717,NORMAL,1.757254075,6.059556132,0.8894800345,1694
1694,16.94,6.578255293,NORMAL,0.5835021014,6.05722619,0.8929344071,1695
1695,16.95,4.929866915,NORMAL,1.266623486,6.05722619,0.8900508222,1696
1696,16.96,5.431477406,NORMAL,0.7030483751,6.05722619,0.8900508222,1697
1697,16.97,4.182982095,NORMAL,2.09897175,6.05722619,0.8929344071,1698
1698,16.98,5.236420725,NORMAL,0.9192225744,6.05722619,0.8929344071,1699
1699,16.99,6.560112333,NORMAL,0.5671958261,6.051344111,0.896988657,1700
1700,17,7.26457773,NORMAL,1.352562944,6.051344111,0.896988657,1701
1701,17.01,5.936919164,NORMAL,0.134432896,6.05722619,0.8949225187,1702
1702,17.02,5.618128683,NORMAL,0.4906542161,6.05722619,0.8949225187,1703
1703,17.03,5.700428618,NORMAL,0.5215066,6.05722619,0.8949225187,1704
1704,17.04,5.009548303,NORMAL,1.161436992,6.051344111,0.896988657,1705
1705,17.05,5.321446102,NORMAL,1.152874424,6.051344111,0.8987715929,1706
1706,17.06,4.806022056,NORMAL,1.750824603,6.051344111,0.8987715929,1707
1707,17.07,6.490448779,NORMAL,1.809052034,6.046061577,0.9066034775,1708
1708,17.08,4.351847048,NORMAL,1.868749205,6.046061577,0.9066034775,1709
1709,17.09,5.744826925,NORMAL,1.779857132,6.028723311,0.9117991539,1710
1710,17.1,6.288577525,NORMAL,1.789534504,6.028723311,0.9102359179,1711
1711,17.11,7.494782979,NORMAL,1.735172169,6.046061577,0.8976432288,1712
1712,17.12,6.455606915,NORMAL,1.612904531,6.046061577,0.9066034775,1713
1713,17.13,5.558650018,NORMAL,1.612904531,6.046061577,0.8976432288,1714
1714,17.14,6.111607735,NORMAL,1.731294564,6.046061577,0.8976432288,1715
1715,17.15,7.065135321,NORMAL,1.721757466,6.046061577,0.8976432288,1716
1716,17.16,6.189692931,NORMAL,1.735172169,6.051344111,0.896988657,1717
1717,17.17,6.072462008,NORMAL,1.616509597,6.051344111,0.896988657,1718
1718,17.18,4.028802596,NORMAL,2.278997495,6.05722619,0.8900508222,1719
1719,17.19,6.9656679,NORMAL,1.670662254,6.05722619,0.8900508222,1720
1720,17.2,6.470490189,NORMAL,1.670662254,6.05722619,0.8929344071,1721
1721,17.21,5.848336373,NORMAL,1.078198605,6.05722619,0.8900508222,1722
1722,17.22,6.332243315,NORMAL,0.8083890389,6.051344111,0.8886280534,1723
1723,17.23,5.658064618,NORMAL,0.8083890389,6.051344111,0.8886280534,1724
1724,17.24,5.473563483,NORMAL,1.275964618,6.046061577,0.8879734816,1725
1725,17.25,5.440652889,NORMAL,1.241532354,6.028723311,0.8998465232,1726
1726,17.26,3.899942767,NORMAL,2.343476997,6.00931803,0.900104958,1727
1727,17.27,6.877809794,NORMAL,1.575038621,6.005408554,0.9059011475,1728
1728,17.28,5.848085188,NORMAL,1.202895182,6.00931803,0.9081660898,1729
1729,17.29,7.104322432,NORMAL,1.205731434,6.00931803,0.9081660898,1730
1730,17.3,6.333396047,NORMAL,0.7374998877,6.028723311,0.9078124185,1731
1731,17.31,6.125549501,NORMAL,0.1984596873,6.046061577,0.8936666793,1732
1732,17.32,5.874460123,NORMAL,0.1984596873,6.046061577,0.8936666793,1733
1733,17.33,5.453387115,NORMAL,0.6733744942,6.028723311,0.8998465232,1734
1734,17.34,5.582736949,NORMAL,0.8021791473,6.00931803,0.900104958,1735
1735,17.35,8.140689994,NORMAL,2.367914924,6.00931803,0.900104958,1736
1736,17.36,5.647255175,NORMAL,0.4275182091,6.028723311,0.8922851176,1737
1737,17.37,7.343762449,NORMAL,1.494970195,6.00931803,0.8926227579,1738
1738,17.38,4.684796912,NORMAL,1.471518523,6.00931803,0.900104958,1739
1739,17.39,6.139152442,NORMAL,0.4246379104,6.005408554,0.903018914,1740
1740,17.4,5.013908716,NORMAL,1.115151172,6.00931803,0.8926227579,1741
1741,17.41,5.934375538,NORMAL,0.4113201314,6.00931803,0.8926227579,1742
1742,17.42,6.559783743,NORMAL,0.6166834843,6.00931803,0.8926227579,1743
1743,17.43,6.545202281,NORMAL,0.5802748429,6.028723311,0.8900592139,1744
1744,17.44,5.846441189,NORMAL,0.3035242474,6.046061577,0.886366732,1745
1745,17.45,3.847631872,NORMAL,2.45902831,6.028723311,0.8869728868,1746
1746,17.46,5.369289535,NORMAL,0.7170201412,6.00931803,0.8926227579,1747
1747,17.47,6.448435442,NORMAL,0.5976453297,6.00931803,0.8926227579,1748
1748,17.48,6.853687747,NORMAL,0.9459424028,6.00931803,0.8926227579,1749
1749,17.49,4.793386712,NORMAL,1.350877258,6.00931803,0.900104958,1750
1750,17.5,5.934998967,NORMAL,0.9238257381,6.00931803,0.9037802379,1751
1751,17.51,7.080391301,NORMAL,1.186644646,6.005408554,0.9059011475,1752
1752,17.52,6.343268891,NORMAL,0.5986971317,6.005408554,0.9110483234,1753
1753,17.53,5.419251754,NORMAL,0.7107420538,6.00931803,0.9081660898,1754
1754,17.54,5.848405356,NORMAL,0.7107420538,6.00931803,0.9081660898,1755
1755,17.55,6.247186943,NORMAL,0.9542570296,6.00931803,0.9037802379,1756
1756,17.56,4.039497343,NORMAL,2.213845633,6.02960867,0.8989386148,1757
1757,17.57,8.014960575,NORMAL,2.208551143,6.02960867,0.8989386148,1758
1758,17.58,8.037347975,NORMAL,2.214079129,6.051344111,0.896988657,1759
1759,17.59,4.717146506,NORMAL,1.49742537,6.05722619,0.8949225187,1760
1760,17.6,5.68902305,NORMAL,0.6109382648,6.05722619,0.8951751582,1761
1761,17.61,5.467411789,NORMAL,0.6590675602,6.05722619,0.8949225187,1762
1762,17.62,4.108048723,NORMAL,2.182889865,6.05722619,0.8929344071,1763
1763,17.63,4.528479193,NORMAL,1.699995305,6.051344111,0.8958053662,1764
1764,17.64,4.487740485,NORMAL,1.743169898,6.051344111,0.896988657,1765
1765,17.65,6.298541627,NORMAL,1.449651253,6.02960867,0.9078124185,1766
1766,17.66,5.717399642,NORMAL,1.056629184,6.051344111,0.896988657,1767
1767,17.67,5.735221451,NORMAL,1.042512568,6.02960867,0.9062275614,1768
1768,17.68,7.451027816,NORMAL,1.581219366,6.02960867,0.8989386148,1769
1769,17.69,8.310683387,NORMAL,2.522131884,6.051344111,0.8958053662,1770
1770,17.7,6.126645214,NORMAL,1.071806706,6.05722619,0.8929344071,1771
1771,17.71,5.257592101,NORMAL,0.9045423445,6.059556132,0.8865964497,1772
1772,17.72,6.774483692,NORMAL,1.081944837,6.059556132,0.8865964497,1773
1773,17.73,5.361324581,NORMAL,0.8536244236,6.059556132,0.8894800345,1774
1774,17.74,5.729852428,NORMAL,1.060077982,6.05722619,0.8949225187,1775
1775,17.75,5.512069845,NORMAL,1.340090028,6.051344111,0.896988657,1776
1776,17.76,6.268801265,NORMAL,1.641917531,6.051344111,0.896988657,1777
1777,17.77,6.492363793,NORMAL,1.62852554,6.051344111,0.896988657,1778
1778,17.78,4.178196184,NORMAL,2.091021104,6.051344111,0.8958053662,1779
1779,17.79,4.501377439,NORMAL,1.700039585,6.02960867,0.8989386148,1780
1780,17.8,6.756683754,NORMAL,1.612340676,6.02960867,0.8989386148,1781
1781,17.81,4.664943863,NORMAL,1.62852554,6.051344111,0.896988657,1782
1782,17.82,5.929123411,NORMAL,1.607113666,6.02960867,0.9062275614,1783
1783,17.83,7.414368613,NORMAL,1.589490398,6.008360927,0.9015239594,1784
1784,17.84,6.228504354,NORMAL,1.589490398,6.008360927,0.9015239594,1785
1785,17.85,5.969765415,NORMAL,1.612340676,6.02960867,0.8989386148,1786
1786,17.86,5.849875234,NORMAL,1.315803499,6.02960867,0.8989386148,1787
1787,17.87,5.676080877,NORMAL,1.295709348,6.008360927,0.8926227579,1788
1788,17.88,4.353461682,NORMAL,1.873165755,6.008360927,0.8834772046,1789
1789,17.89,4.561184112,NORMAL,1.630174222,6.002350686,0.8840567805,1790
1790,17.9,6.743315615,NORMAL,1.650905704,6.002350686,0.8904488293,1791
1791,17.91,7.174068455,NORMAL,1.650905704,6.002350686,0.8904488293,1792
1792,17.92,6.670373556,NORMAL,1.589490398,6.002350686,0.8904488293,1793
1793,17.93,4.925679859,NORMAL,1.262853775,6.002350686,0.903018914,1794
1794,17.94,6.431829195,NORMAL,1.164258815,6.000017612,0.9116867804,1795
1795,17.95,6.940789246,NORMAL,1.039223593,6.002350686,0.903018914,1796
1796,17.96,6.074407052,NORMAL,0.291508519,6.002350686,0.903018914,1797
1797,17.97,7.142892243,NORMAL,1.271008728,6.008360927,0.8926227579,1798
1798,17.98,6.240188457,NORMAL,0.2323696573,6.02960867,0.9062275614,1799
1799,17.99,4.647868321,NORMAL,1.524716757,6.02960867,0.9062275614,1800
1800,18,5.198006647,NORMAL,0.9176525386,6.02960867,0.9062275614,1801
1801,18.01,7.187360631,NORMAL,1.275320692,6.02960867,0.9078124185,1802
1802,18.02,6.769837538,NORMAL,0.8153984823,6.02960867,0.9078124185,1803
1803,18.03,5.849807694,NORMAL,0.2235182819,6.051344111,0.9016551777,1804
1804,18.04,6.211966055,NORMAL,0.178712752,6.051344111,0.8987715929,1805
1805,18.05,5.104305852,NORMAL,1.053702928,6.051344111,0.8987715929,1806
1806,18.06,5.771427024,NORMAL,0.3104480443,6.051344111,0.9016551777,1807
1807,18.07,7.078502046,NORMAL,1.157428245,6.02960867,0.9062275614,1808
1808,18.08,4.331606272,NORMAL,1.913431457,6.051344111,0.8987715929,1809
1809,18.09,3.97206934,NORMAL,2.30606425,6.051344111,0.9016551777,1810
1810,18.1,6.761870409,NORMAL,0.8066222985,6.02960867,0.9078124185,1811
1811,18.11,6.194476335,NORMAL,0.1583946074,6.051344111,0.9036432894,1812
1812,18.12,6.543889879,NORMAL,0.5399128952,6.05722619,0.9013744501,1813
1813,18.13,5.274706407,NORMAL,0.8749979707,6.059556132,0.8969731945,1814
1814,18.14,4.650107528,NORMAL,1.561081149,6.05722619,0.9013744501,1815
1815,18.15,6.257638094,NORMAL,0.4049589453,6.05722619,0.9045261369,1816
1816,18.16,7.934663628,NORMAL,2.068804229,6.059556132,0.9063726132,1817
1817,18.17,8.066596646,NORMAL,2.214365797,6.059556132,0.9063726132,1818
1818,18.18,6.900056515,NORMAL,0.9273232342,6.059556132,0.9063726132,1819
1819,18.19,5.287587401,NORMAL,0.8531461312,6.061670779,0.9073280053,1820
1820,18.2,6.315242852,NORMAL,0.9682607636,6.059556132,0.9073280053,1821
1821,18.21,4.288002694,NORMAL,1.963678661,6.061670779,0.9032374385,1822
1822,18.22,6.62326149,NORMAL,1.190210589,6.059556132,0.9073280053,1823
1823,18.23,4.681761512,NORMAL,1.527737014,6.061670779,0.9032374385,1824
1824,18.24,6.615476219,NORMAL,0.9649032685,6.059556132,0.9063726132,1825
1825,18.25,5.130935608,NORMAL,1.030443526,6.061670779,0.9032374385,1826
1826,18.26,5.548447919,NORMAL,0.9476880656,6.059556132,0.9073280053,1827
1827,18.27,7.079790159,NORMAL,1.127382197,6.05722619,0.9070251173,1828
1828,18.28,7.654747305,NORMAL,1.756856184,6.059556132,0.9079805094,1829
1829,18.29,5.83010087,NORMAL,0.8245278759,6.061670779,0.9111156841,1830
1830,18.3,6.414560577,NORMAL,0.7129179221,6.059556132,0.9073280053,1831
1831,18.31,5.977540244,NORMAL,0.7044576568,6.061670779,0.9032374385,1832
1832,18.32,8.163388249,NORMAL,2.332015008,6.059556132,0.9021520486,1833
1833,18.33,4.813164585,NORMAL,1.381575921,6.059556132,0.9021520486,1834
1834,18.34,5.407152541,NORMAL,0.719796231,6.059556132,0.9063726132,1835
1835,18.35,6.821962895,NORMAL,0.8454556191,6.05722619,0.9045261369,1836
1836,18.36,7.108222447,NORMAL,1.156992499,6.059556132,0.9063726132,1837
1837,18.37,4.943065526,NORMAL,1.230525896,6.059556132,0.9073280053,1838
1838,18.38,7.822980627,NORMAL,1.940758479,6.05722619,0.9098269857,1839
1839,18.39,5.978018607,NORMAL,1.248901887,6.05722619,0.9098269857,1840
1840,18.4,6.620580759,NORMAL,0.9475913909,6.051344111,0.9125942012,1841
1841,18.41,6.159318734,NORMAL,1.361791588,6.051344111,0.9064130761,1842
1842,18.42,5.318859834,NORMAL,1.384276057,6.051344111,0.9046150397,1843
1843,18.43,7.353724139,NORMAL,1.439706362,6.051344111,0.9046150397,1844
1844,18.44,5.106356322,NORMAL,1.361791588,6.051344111,0.9064130761,1845
1845,18.45,6.073703716,NORMAL,0.8697939997,6.051344111,0.9064130761,1846
1846,18.46,7.242240843,NORMAL,1.316467978,6.051344111,0.9046150397,1847
1847,18.47,4.963882673,NORMAL,1.375888542,6.05722619,0.9045261369,1848
1848,18.48,4.795602996,NORMAL,1.390946259,6.05722619,0.9070251173,1849
1849,18.49,5.825430914,NORMAL,0.3169485062,6.05722619,0.9098269857,1850
1850,18.5,5.451224842,NORMAL,0.6660621822,6.05722619,0.9098269857,1851
1851,18.51,4.675399474,NORMAL,1.518779655,6.05722619,0.9098269857,1852
1852,18.52,5.836061029,NORMAL,0.3852836033,6.051344111,0.9125942012,1853
1853,18.53,4.033346703,NORMAL,2.183949553,6.02960867,0.9140604753,1854
1854,18.54,4.113430123,NORMAL,2.096336729,6.02960867,0.9140604753,1855
1855,18.55,6.137757703,NORMAL,1.094538535,6.008360927,0.920634595,1856
1856,18.56,6.125998561,NORMAL,0.7345530277,6.02960867,0.9110975627,1857
1857,18.57,6.782674017,NORMAL,0.8292271359,6.02960867,0.9081532855,1858
1858,18.58,4.263287924,NORMAL,1.938819122,6.02960867,0.9110291547,1859
1859,18.59,8.462912349,NORMAL,2.662081717,6.02960867,0.9140604753,1860
1860,18.6,7.53087705,NORMAL,1.632294346,6.051344111,0.9064130761,1861
1861,18.61,5.836134188,NORMAL,0.3985287972,6.05722619,0.9098269857,1862
1862,18.62,5.48998131,NORMAL,0.6193233699,6.051344111,0.9064130761,1863
1863,18.63,5.499298917,NORMAL,0.7471984191,6.051344111,0.9064130761,1864
1864,18.64,7.337433723,NORMAL,1.421698242,6.051344111,0.9046150397,1865
1865,18.65,6.798345278,NORMAL,1.093301732,6.051344111,0.9064130761,1866
1866,18.66,6.02116796,NORMAL,0.731736683,6.051344111,0.9125942012,1867
1867,18.67,6.80326863,NORMAL,0.8239418118,6.051344111,0.9125942012,1868
1868,18.68,6.965182227,NORMAL,0.9979436212,6.05722619,0.9098269857,1869
1869,18.69,6.391327818,NORMAL,0.3661922929,6.05722619,0.9123666312,1870
1870,18.7,4.289781135,NORMAL,1.949133245,6.059556132,0.9079805094,1871
1871,18.71,5.868676049,NORMAL,0.3013333766,6.059556132,0.9130191354,1872
1872,18.72,6.184169009,NORMAL,0.5674792475,6.059556132,0.9079805094,1873
1873,18.73,7.710565545,NORMAL,1.807859571,6.062139637,0.9118108144,1874
1874,18.74,7.144574068,NORMAL,1.17102286,6.067505965,0.919766932,1875
1875,18.75,5.419090538,NORMAL,0.7049779733,6.067505965,0.919766932,1876
1876,18.76,5.007066428,NORMAL,1.147981787,6.065767498,0.9222281065,1877
1877,18.77,7.146766785,NORMAL,1.164567653,6.065767498,0.9282408665,1878
1878,18.78,5.940973499,NORMAL,0.6171000219,6.065767498,0.9282408665,1879
1879,18.79,4.766989582,NORMAL,1.409025276,6.065767498,0.9217562933,1880
1880,18.8,7.595236258,NORMAL,1.659519621,6.059556132,0.9253762996,1881
1881,18.81,5.170997591,NORMAL,0.9502866405,6.059556132,0.9350426525,1882
1882,18.82,3.644338143,NORMAL,2.557925585,6.05722619,0.9432987655,1883
1883,18.83,6.520601656,NORMAL,0.4998245693,6.051344111,0.9388444948,1884
1884,18.84,6.407246468,NORMAL,0.3797265376,6.051344111,0.9372596378,1885
1885,18.85,4.687618153,NORMAL,1.455014067,6.051344111,0.9372596378,1886
1886,18.86,6.098303604,NORMAL,0.4820143827,6.051344111,0.9388444948,1887
1887,18.87,6.185570748,NORMAL,0.5745943235,6.051344111,0.9388444948,1888
1888,18.88,6.127455636,NORMAL,0.6832966,6.051344111,0.9372596378,1889
1889,18.89,6.135294037,NORMAL,0.6880281519,6.051344111,0.9344391752,1890
1890,18.9,5.8181436,NORMAL,0.4838374071,6.05722619,0.9253762996,1891
1891,18.91,8.081996985,NORMAL,2.204253183,6.05722619,0.9185745136,1892
1892,18.92,6.610071348,NORMAL,0.5949095698,6.059556132,0.9253762996,1893
1893,18.93,4.807158928,NORMAL,1.353392349,6.059556132,0.9253762996,1894
1894,18.94,5.938626475,NORMAL,0.4796422593,6.05722619,0.9253762996,1895
1895,18.95,6.522509084,NORMAL,0.5739995369,6.051344111,0.9191684172,1896
1896,18.96,4.978392327,NORMAL,1.174465269,6.05722619,0.9185745136,1897
1897,18.97,5.620789712,NORMAL,0.5728826919,6.051344111,0.9255303398,1898
1898,18.98,4.897401128,NORMAL,1.255420618,6.051344111,0.9191684172,1899
1899,18.99,6.034714031,NORMAL,0.371573736,6.051344111,0.9255303398,1900
1900,19,6.105145136,NORMAL,0.1529782342,6.040830483,0.9223972472,1901
1901,19.01,5.486213777,NORMAL,0.6012774947,6.040830483,0.9223972472,1902
1902,19.02,7.264396043,NORMAL,1.351219304,6.027940995,0.915066151,1903
1903,19.03,4.546423251,NORMAL,1.61297437,6.027940995,0.9185004871,1904
1904,19.04,5.626820898,NORMAL,0.4367119055,6.027940995,0.9185004871,1905
1905,19.05,5.878904826,NORMAL,0.2186229541,6.027940995,0.915066151,1906
1906,19.06,6.864715645,NORMAL,0.9170066674,6.027940995,0.9125066141,1907
1907,19.07,6.871592754,NORMAL,0.9013642049,6.040830483,0.921672134,1908
1908,19.08,7.137201702,NORMAL,1.181347804,6.051344111,0.9191684172,1909
1909,19.09,5.260775693,NORMAL,0.8541788242,6.051344111,0.9255303398,1910
1910,19.1,4.916353436,NORMAL,1.214622316,6.051344111,0.9344391752,1911
1911,19.11,6.381507199,NORMAL,0.3522642772,6.051344111,0.9372596378,1912
1912,19.12,5.953527986,NORMAL,0.109931453,6.05722619,0.9432987655,1913
1913,19.13,7.684116154,NORMAL,1.724681536,6.05722619,0.9432987655,1914
1914,19.14,4.912361464,NORMAL,1.211427665,6.05722619,0.9450541362,1915
1915,19.15,6.11468424,NORMAL,0.06998420339,6.051344111,0.9388444948,1916
1916,19.16,5.781118069,NORMAL,0.2878283282,6.051344111,0.9388444948,1917
1917,19.17,6.75041691,NORMAL,0.7616721836,6.040830483,0.9316165687,1918
1918,19.18,5.997903531,NORMAL,0.1502412507,6.040830483,0.9329914017,1919
1919,19.19,7.631384559,NORMAL,1.70478964,6.040830483,0.9329914017,1920
1920,19.2,5.893249079,NORMAL,0.1621900707,6.040830483,0.9341352602,1921
1921,19.21,6.32900847,NORMAL,0.3501085319,6.027940995,0.9472916596,1922
1922,19.22,6.247864922,NORMAL,0.3501085319,6.027940995,0.9472916596,1923
1923,19.23,6.625865193,NORMAL,0.635876642,6.027940995,0.9403147693,1924
1924,19.24,5.528416646,NORMAL,0.5492160339,6.040830483,0.9329914017,1925
1925,19.25,4.850095319,NORMAL,1.282190903,6.040830483,0.9286722915,1926
1926,19.26,6.446456497,NORMAL,0.436780571,6.040830483,0.9286722915,1927
1927,19.27,5.558260008,NORMAL,0.5223400949,6.040830483,0.9238625948,1928
1928,19.28,5.154835088,NORMAL,0.9413939301,6.027940995,0.9274607359,1929
1929,19.29,5.97367287,NORMAL,0.2743867036,6.016719182,0.9405193112,1930
1930,19.3,7.381559199,NORMAL,1.451155762,6.016719182,0.9405193112,1931
1931,19.31,5.518420038,NORMAL,0.5249655604,6.016719182,0.9492034938,1932
1932,19.32,7.079106554,NORMAL,1.1192409,6.016719182,0.9492034938,1933
1933,19.33,8.170601885,NORMAL,2.288305503,6.027940995,0.9363526362,1934
1934,19.34,5.418931182,NORMAL,0.6696649689,6.040830483,0.9286722915,1935
1935,19.35,7.018610875,NORMAL,1.052879903,6.040830483,0.9286722915,1936
1936,19.36,4.742429175,NORMAL,1.396533983,6.051344111,0.9372596378,1937
1937,19.37,6.119654073,NORMAL,0.07288264614,6.051344111,0.9372596378,1938
1938,19.38,7.789485987,NORMAL,1.854493468,6.051344111,0.9372596378,1939
1939,19.39,7.211138749,NORMAL,1.222228368,6.05722619,0.9441055282,1940
1940,19.4,5.48899785,NORMAL,0.600676647,6.05722619,0.9459804084,1941
1941,19.41,6.085119251,NORMAL,0.02954443111,6.05722619,0.9441055282,1942
1942,19.42,6.151876963,NORMAL,0.2260858681,6.05722619,0.9441055282,1943
1943,19.43,5.281386781,NORMAL,0.8269802261,6.059556132,0.9409769749,1944
1944,19.44,6.638220119,NORMAL,0.6115748356,6.059556132,0.9461867183,1945
1945,19.45,5.792604679,NORMAL,0.2921992775,6.066431589,0.9371238426,1946
1946,19.46,8.044874022,NORMAL,2.111185676,6.066431589,0.9371238426,1947
1947,19.47,6.499133115,NORMAL,0.4617335581,6.066431589,0.9371238426,1948
1948,19.48,6.548346925,NORMAL,0.5032218281,6.073082862,0.9444424634,1949
1949,19.49,4.724785648,NORMAL,1.426599947,6.073939884,0.9457130839,1950
1950,19.5,6.275670639,NORMAL,0.3508753678,6.073082862,0.9444424634,1951
1951,19.51,7.417178438,NORMAL,1.420344687,6.073939884,0.9457130839,1952
1952,19.52,6.230268355,NORMAL,0.6078416056,6.074291552,0.9462344676,1953
1953,19.53,5.53511571,NORMAL,0.7863854473,6.079763152,0.9533236745,1954
1954,19.54,6.492306618,NORMAL,0.5371876565,6.079763152,0.942506249,1955
1955,19.55,4.506546876,NORMAL,1.66918392,6.079763152,0.942506249,1956
1956,19.56,5.735776081,NORMAL,0.3649705995,6.079763152,0.942506249,1957
1957,19.57,6.824221774,NORMAL,0.8093729457,6.074291552,0.9265570667,1958
1958,19.58,6.751249171,NORMAL,0.7124472863,6.079763152,0.942506249,1959
1959,19.59,7.083938336,NORMAL,1.051448532,6.086865414,0.9482850486,1960
1960,19.6,6.130242366,NORMAL,0.8498331528,6.086865414,0.9482850486,1961
1961,19.61,5.590893073,NORMAL,0.8498331528,6.088719215,0.9454866856,1962
1962,19.62,5.631991482,NORMAL,0.8524111259,6.088719215,0.9435462645,1963
1963,19.63,6.17863096,NORMAL,0.5591066611,6.086865414,0.9287984352,1964
1964,19.64,3.923020058,NORMAL,2.329725453,6.086865414,0.9287984352,1965
1965,19.65,4.76682207,NORMAL,1.403110549,6.086865414,0.9407978186,1966
1966,19.66,6.469089055,NORMAL,0.4043842733,6.086865414,0.9451990741,1967
1967,19.67,6.605387894,NORMAL,0.5475817118,6.088719215,0.9435462645,1968
1968,19.68,6.035246206,NORMAL,0.4274247113,6.088719215,0.9315468811,1969
1969,19.69,5.422732307,NORMAL,0.7267485287,6.086865414,0.9138416938,1970
1970,19.7,5.068084918,NORMAL,1.110491978,6.079763152,0.9110180481,1971
1971,19.71,5.955265587,NORMAL,0.3186206531,6.074291552,0.9208821751,1972
1972,19.72,5.993513556,NORMAL,0.1601343029,6.073939884,0.9208821751,1973
1973,19.73,6.282628955,NORMAL,0.2276675469,6.073082862,0.9204038776,1974
1974,19.74,6.03132028,NORMAL,0.3481086459,6.073082862,0.9204038776,1975
1975,19.75,5.024435987,NORMAL,1.141321017,6.073082862,0.918800985,1976
1976,19.76,6.258788835,NORMAL,0.2102485836,6.066431589,0.9149038857,1977
1977,19.77,5.467778874,NORMAL,0.658797713,6.073082862,0.918800985,1978
1978,19.78,4.375191493,NORMAL,1.860274635,6.066431589,0.9091346321,1979
1979,19.79,5.580174959,NORMAL,0.5289007698,6.059556132,0.9063726132,1980
1980,19.8,6.03374033,NORMAL,0.2543669056,6.05722619,0.9065533041,1981
1981,19.81,5.775439254,NORMAL,0.3043919647,6.051344111,0.9064130761,1982
1982,19.82,6.569711088,NORMAL,0.5730249388,6.051344111,0.9046150397,1983
1983,19.83,4.654214039,NORMAL,1.561372678,6.05722619,0.8985760871,1984
1984,19.84,4.790633541,NORMAL,1.409555259,6.05722619,0.8985760871,1985
1985,19.85,6.182975484,NORMAL,0.9918026752,6.05722619,0.8985760871,1986
1986,19.86,3.910275407,NORMAL,2.387269859,6.059556132,0.9003090778,1987
1987,19.87,6.513223335,NORMAL,1.017775536,6.059556132,0.9037549412,1988
1988,19.88,6.139770557,NORMAL,0.4733957011,6.059556132,0.9037549412,1989
1989,19.89,6.263161593,NORMAL,0.2931992489,6.066431589,0.9029267497,1990
1990,19.9,4.525065844,NORMAL,1.71993055,6.066431589,0.8961790607,1991
1991,19.91,7.121930115,NORMAL,1.177776375,6.066431589,0.8961790607,1992
1992,19.92,7.960213876,NORMAL,2.113173996,6.066431589,0.8961790607,1993
1993,19.93,5.684694281,NORMAL,0.5001925573,6.066431589,0.8961790607,1994
1994,19.94,6.325261177,NORMAL,0.5056084356,6.066431589,0.8917555577,1995
1995,19.95,6.881734012,NORMAL,0.918304367,6.066431589,0.8878346356,1996
1996,19.96,6.059605031,NORMAL,0.2977439353,6.066431589,0.8917555577,1997
1997,19.97,5.682070632,NORMAL,0.4329195342,6.066431589,0.8878346356,1998
1998,19.98,5.653801633,NORMAL,0.4647599224,6.066431589,0.8878346356,1999
1999,19.99,5.083968178,NORMAL,1.093254193,6.060003101,0.8927794918,2000
