account_code,resource_code,service,cost_date,currency,amount
acct-alpha-prod,res-bulk-0001,EC2,2026-09-01,USD,1.00
acct-alpha-prod,res-bulk-0002,EC2,2026-09-01,USD,1.00
acct-alpha-prod,res-bulk-0003,EC2,2026-09-01,USD,1.00
acct-alpha-prod,res-bulk-0004,EC2,2026-09-01,USD,1.00
acct-alpha-prod,res-bulk-0005,EC2,2026-09-01,USD,1.00
acct-alpha-prod,res-bulk-0006,EC2,2026-09-01,USD,1.00
acct-alpha-prod,res-bulk-0007,EC2,2026-09-01,USD,1.00
acct-alpha-prod,res-bulk-0008,EC2,2026-09-01,USD,1.00
acct-alpha-prod,res-bulk-0009,EC2,2026-09-01,USD,1.00
acct-alpha-prod,res-bulk-0010,EC2,2026-09-01,USD,1.00
acct-alpha-prod,res-bulk-0011,EC2,2026-09-01,USD,1.00
acct-alpha-prod,res-bulk-0012,EC2,2026-09-01,USD,1.00
acct-alpha-prod,res-bulk-0013,EC2,2026-09-01,USD,1.00
acct-alpha-prod,res-bulk-0014,EC2,2026-09-01,USD,1.00
acct-alpha-prod,res-bulk-0015,EC2,2026-09-01,USD,1.00
acct-alpha-prod,res-bulk-0016,EC2,2026-09-01,USD,1.00
acct-alpha-prod,res-bulk-0017,EC2,2026-09-01,USD,1.00
acct-alpha-prod,res-bulk-0018,EC2,2026-09-01,USD,1.00
acct-alpha-prod,res-bulk-0019,EC2,2026-09-01,USD,1.00
acct-alpha-prod,res-bulk-0020,EC2,2026-09-01,USD,1.00
acct-alpha-prod,res-bulk-0021,EC2,2026-09-01,USD,1.00
acct-alpha-prod,res-bulk-0022,EC2,2026-09-01,USD,1.00
acct-alpha-prod,res-bulk-0023,EC2,2026-09-01,USD,1.00
acct-alpha-prod,res-bulk-0024,EC2,2026-09-01,USD,1.00
acct-alpha-prod,res-bulk-0025,EC2,2026-09-01,USD,1.00
acct-alpha-prod,res-bulk-0026,EC2,2026-09-01,USD,1.00
acct-alpha-prod,res-bulk-0027,EC2,2026-09-01,USD,1.00
acct-alpha-prod,res-bulk-0028,EC2,2026-09-01,USD,1.00
acct-alpha-prod,res-bulk-0029,EC2,2026-09-01,USD,1.00
acct-alpha-prod,res-bulk-0030,EC2,2026-09-01,USD,1.00
acct-alpha-prod,res-bulk-0031,EC2,2026-09-01,USD,1.00
acct-alpha-prod,res-bulk-0032,EC2,2026-09-01,USD,1.00
acct-alpha-prod,res-bulk-0033,EC2,2026-09-01,USD,1.00
acct-alpha-prod,res-bulk-0034,EC2,2026-09-01,USD,1.00
acct-alpha-prod,res-bulk-0035,EC2,2026-09-01,USD,1.00
acct-alpha-prod,res-bulk-0036,EC2,2026-09-01,USD,1.00
acct-alpha-prod,res-bulk-0037,EC2,2026-09-01,USD,1.00
acct-alpha-prod,res-bulk-0038,EC2,2026-09-01,USD,1.00
acct-alpha-prod,res-bulk-0039,EC2,2026-09-01,USD,1.00
acct-alpha-prod,res-bulk-0040,EC2,2026-09-01,USD,1.00
acct-alpha-prod,res-bulk-0041,EC2,2026-09-01,USD,1.00
acct-alpha-prod,res-bulk-0042,EC2,2026-09-01,USD,1.00
acct-alpha-prod,res-bulk-0043,EC2,2026-09-01,USD,1.00
acct-alpha-prod,res-bulk-0044,EC2,2026-09-01,USD,1.00
acct-alpha-prod,res-bulk-0045,EC2,2026-09-01,USD,1.00
acct-alpha-prod,res-bulk-0046,EC2,2026-09-01,USD,1.00
acct-alpha-prod,res-bulk-0047,EC2,2026-09-01,USD,1.00
acct-alpha-prod,res-bulk-0048,EC2,2026-09-01,USD,1.00
acct-alpha-prod,res-bulk-0049,EC2,2026-09-01,USD,1.00
acct-alpha-prod,res-bulk-0050,EC2,2026-09-01,USD,1.00
acct-alpha-prod,res-bulk-0051,EC2,2026-09-01,USD,1.00
acct-alpha-prod,res-bulk-0052,EC2,2026-09-01,USD,1.00
acct-alpha-prod,res-bulk-0053,EC2,2026-09-01,USD,1.00
acct-alpha-prod,res-bulk-0054,EC2,2026-09-01,USD,1.00
acct-alpha-prod,res-bulk-0055,EC2,2026-09-01,USD,1.00
acct-alpha-prod,res-bulk-0056,EC2,2026-09-01,USD,1.00
acct-alpha-prod,res-bulk-0057,EC2,2026-09-01,USD,1.00
acct-alpha-prod,res-bulk-0058,EC2,2026-09-01,USD,1.00
acct-alpha-prod,res-bulk-0059,EC2,2026-09-01,USD,1.00
acct-alpha-prod,res-bulk-0060,EC2,2026-09-01,USD,1.00
acct-alpha-prod,res-bulk-0061,EC2,2026-09-01,USD,1.00
acct-alpha-prod,res-bulk-0062,EC2,2026-09-01,USD,1.00
acct-alpha-prod,res-bulk-0063,EC2,2026-09-01,USD,1.00
acct-alpha-prod,res-bulk-0064,EC2,2026-09-01,USD,1.00
acct-alpha-prod,res-bulk-0065,EC2,2026-09-01,USD,1.00
acct-alpha-prod,res-bulk-0066,EC2,2026-09-01,USD,1.00
acct-alpha-prod,res-bulk-0067,EC2,2026-09-01,USD,1.00
acct-alpha-prod,res-bulk-0068,EC2,2026-09-01,USD,1.00
acct-alpha-prod,res-bulk-0069,EC2,2026-09-01,USD,1.00
acct-alpha-prod,res-bulk-0070,EC2,2026-09-01,USD,1.00
acct-alpha-prod,res-bulk-0071,EC2,2026-09-01,USD,1.00
acct-alpha-prod,res-bulk-0072,EC2,2026-09-01,USD,1.00
acct-alpha-prod,res-bulk-0073,EC2,2026-09-01,USD,1.00
acct-alpha-prod,res-bulk-0074,EC2,2026-09-01,USD,1.00
acct-alpha-prod,res-bulk-0075,EC2,2026-09-01,USD,1.00
acct-alpha-prod,res-bulk-0076,EC2,2026-09-01,USD,1.00
acct-alpha-prod,res-bulk-0077,EC2,2026-09-01,USD,1.00
acct-alpha-prod,res-bulk-0078,EC2,2026-09-01,USD,1.00
acct-alpha-prod,res-bulk-0079,EC2,2026-09-01,USD,1.00
acct-alpha-prod,res-bulk-0080,EC2,2026-09-01,USD,1.00
acct-alpha-prod,res-bulk-0081,EC2,2026-09-01,USD,1.00
acct-alpha-prod,res-bulk-0082,EC2,2026-09-01,USD,1.00
acct-alpha-prod,res-bulk-0083,EC2,2026-09-01,USD,1.00
acct-alpha-prod,res-bulk-0084,EC2,2026-09-01,USD,1.00
acct-alpha-prod,res-bulk-0085,EC2,2026-09-01,USD,1.00
acct-alpha-prod,res-bulk-0086,EC2,2026-09-01,USD,1.00
acct-alpha-prod,res-bulk-0087,EC2,2026-09-01,USD,1.00
acct-alpha-prod,res-bulk-0088,EC2,2026-09-01,USD,1.00
acct-alpha-prod,res-bulk-0089,EC2,2026-09-01,USD,1.00
acct-alpha-prod,res-bulk-0090,EC2,2026-09-01,USD,1.00
acct-alpha-prod,res-bulk-0091,EC2,2026-09-01,USD,1.00
acct-alpha-prod,res-bulk-0092,EC2,2026-09-01,USD,1.00
acct-alpha-prod,res-bulk-0093,EC2,2026-09-01,USD,1.00
acct-alpha-prod,res-bulk-0094,EC2,2026-09-01,USD,1.00
acct-alpha-prod,res-bulk-0095,EC2,2026-09-01,USD,1.00
acct-alpha-prod,res-bulk-0096,EC2,2026-09-01,USD,1.00
acct-alpha-prod,res-bulk-0097,EC2,2026-09-01,USD,1.00
acct-alpha-prod,res-bulk-0098,EC2,2026-09-01,USD,1.00
acct-alpha-prod,res-bulk-0099,EC2,2026-09-01,USD,1.00
acct-alpha-prod,res-bulk-0100,EC2,2026-09-01,USD,1.00
acct-alpha-prod,res-bulk-0101,EC2,2026-09-01,USD,1.00
acct-alpha-prod,res-bulk-0102,EC2,2026-09-01,USD,1.00
acct-alpha-prod,res-bulk-0103,EC2,2026-09-01,USD,1.00
acct-alpha-prod,res-bulk-0104,EC2,2026-09-01,USD,1.00
acct-alpha-prod,res-bulk-0105,EC2,2026-09-01,USD,1.00
acct-alpha-prod,res-bulk-0106,EC2,2026-09-01,USD,1.00
acct-alpha-prod,res-bulk-0107,EC2,2026-09-01,USD,1.00
acct-alpha-prod,res-bulk-0108,EC2,2026-09-01,USD,1.00
acct-alpha-prod,res-bulk-0109,EC2,2026-09-01,USD,1.00
acct-alpha-prod,res-bulk-0110,EC2,2026-09-01,USD,1.00
acct-alpha-prod,res-bulk-0111,EC2,2026-09-01,USD,1.00
acct-alpha-prod,res-bulk-0112,EC2,2026-09-01,USD,1.00
acct-alpha-prod,res-bulk-0113,EC2,2026-09-01,USD,1.00
acct-alpha-prod,res-bulk-0114,EC2,2026-09-01,USD,1.00
acct-alpha-prod,res-bulk-0115,EC2,2026-09-01,USD,1.00
acct-alpha-prod,res-bulk-0116,EC2,2026-09-01,USD,1.00
acct-alpha-prod,res-bulk-0117,EC2,2026-09-01,USD,1.00
acct-alpha-prod,res-bulk-0118,EC2,2026-09-01,USD,1.00
acct-alpha-prod,res-bulk-0119,EC2,2026-09-01,USD,1.00
acct-alpha-prod,res-bulk-0120,EC2,2026-09-01,USD,1.00
acct-alpha-prod,res-bulk-0121,EC2,2026-09-01,USD,1.00
acct-alpha-prod,res-bulk-0122,EC2,2026-09-01,USD,1.00
acct-alpha-prod,res-bulk-0123,EC2,2026-09-01,USD,1.00
acct-alpha-prod,res-bulk-0124,EC2,2026-09-01,USD,1.00
acct-alpha-prod,res-bulk-0125,EC2,2026-09-01,USD,1.00
acct-alpha-prod,res-bulk-0126,EC2,2026-09-01,USD,1.00
acct-alpha-prod,res-bulk-0127,EC2,2026-09-01,USD,1.00
acct-alpha-prod,res-bulk-0128,EC2,2026-09-01,USD,1.00
acct-alpha-prod,res-bulk-0129,EC2,2026-09-01,USD,1.00
acct-alpha-prod,res-bulk-0130,EC2,2026-09-01,USD,1.00
acct-alpha-prod,res-bulk-0131,EC2,2026-09-01,USD,1.00
acct-alpha-prod,res-bulk-0132,EC2,2026-09-01,USD,1.00
acct-alpha-prod,res-bulk-0133,EC2,2026-09-01,USD,1.00
acct-alpha-prod,res-bulk-0134,EC2,2026-09-01,USD,1.00
acct-alpha-prod,res-bulk-0135,EC2,2026-09-01,USD,1.00
acct-alpha-prod,res-bulk-0136,EC2,2026-09-01,USD,1.00
acct-alpha-prod,res-bulk-0137,EC2,2026-09-01,USD,1.00
acct-alpha-prod,res-bulk-0138,EC2,2026-09-01,USD,1.00
acct-alpha-prod,res-bulk-0139,EC2,2026-09-01,USD,1.00
acct-alpha-prod,res-bulk-0140,EC2,2026-09-01,USD,1.00
acct-alpha-prod,res-bulk-0141,EC2,2026-09-01,USD,1.00
acct-alpha-prod,res-bulk-0142,EC2,2026-09-01,USD,1.00
acct-alpha-prod,res-bulk-0143,EC2,2026-09-01,USD,1.00
acct-alpha-prod,res-bulk-0144,EC2,2026-09-01,USD,1.00
acct-alpha-prod,res-bulk-0145,EC2,2026-09-01,USD,1.00
acct-alpha-prod,res-bulk-0146,EC2,2026-09-01,USD,1.00
acct-alpha-prod,res-bulk-0147,EC2,2026-09-01,USD,1.00
acct-alpha-prod,res-bulk-0148,EC2,2026-09-01,USD,1.00
acct-alpha-prod,res-bulk-0149,EC2,2026-09-01,USD,1.00
acct-alpha-prod,res-bulk-0150,EC2,2026-09-01,USD,1.00
acct-alpha-prod,res-bulk-0151,EC2,2026-09-01,USD,1.00
acct-alpha-prod,res-bulk-0152,EC2,2026-09-01,USD,1.00
acct-alpha-prod,res-bulk-0153,EC2,2026-09-01,USD,1.00
acct-alpha-prod,res-bulk-0154,EC2,2026-09-01,USD,1.00
acct-alpha-prod,res-bulk-0155,EC2,2026-09-01,USD,1.00
acct-alpha-prod,res-bulk-0156,EC2,2026-09-01,USD,1.00
acct-alpha-prod,res-bulk-0157,EC2,2026-09-01,USD,1.00
acct-alpha-prod,res-bulk-0158,EC2,2026-09-01,USD,1.00
acct-alpha-prod,res-bulk-0159,EC2,2026-09-01,USD,1.00
acct-alpha-prod,res-bulk-0160,EC2,2026-09-01,USD,1.00
acct-alpha-prod,res-bulk-0161,EC2,2026-09-01,USD,1.00
acct-alpha-prod,res-bulk-0162,EC2,2026-09-01,USD,1.00
acct-alpha-prod,res-bulk-0163,EC2,2026-09-01,USD,1.00
acct-alpha-prod,res-bulk-0164,EC2,2026-09-01,USD,1.00
acct-alpha-prod,res-bulk-0165,EC2,2026-09-01,USD,1.00
acct-alpha-prod,res-bulk-0166,EC2,2026-09-01,USD,1.00
acct-alpha-prod,res-bulk-0167,EC2,2026-09-01,USD,1.00
acct-alpha-prod,res-bulk-0168,EC2,2026-09-01,USD,1.00
acct-alpha-prod,res-bulk-0169,EC2,2026-09-01,USD,1.00
acct-alpha-prod,res-bulk-0170,EC2,2026-09-01,USD,1.00
acct-alpha-prod,res-bulk-0171,EC2,2026-09-01,USD,1.00
acct-alpha-prod,res-bulk-0172,EC2,2026-09-01,USD,1.00
acct-alpha-prod,res-bulk-0173,EC2,2026-09-01,USD,1.00
acct-alpha-prod,res-bulk-0174,EC2,2026-09-01,USD,1.00
acct-alpha-prod,res-bulk-0175,EC2,2026-09-01,USD,1.00
acct-alpha-prod,res-bulk-0176,EC2,2026-09-01,USD,1.00
acct-alpha-prod,res-bulk-0177,EC2,2026-09-01,USD,1.00
acct-alpha-prod,res-bulk-0178,EC2,2026-09-01,USD,1.00
acct-alpha-prod,res-bulk-0179,EC2,2026-09-01,USD,1.00
acct-alpha-prod,res-bulk-0180,EC2,2026-09-01,USD,1.00
acct-alpha-prod,res-bulk-0181,EC2,2026-09-01,USD,1.00
acct-alpha-prod,res-bulk-0182,EC2,2026-09-01,USD,1.00
acct-alpha-prod,res-bulk-0183,EC2,2026-09-01,USD,1.00
acct-alpha-prod,res-bulk-0184,EC2,2026-09-01,USD,1.00
acct-alpha-prod,res-bulk-0185,EC2,2026-09-01,USD,1.00
acct-alpha-prod,res-bulk-0186,EC2,2026-09-01,USD,1.00
acct-alpha-prod,res-bulk-0187,EC2,2026-09-01,USD,1.00
acct-alpha-prod,res-bulk-0188,EC2,2026-09-01,USD,1.00
acct-alpha-prod,res-bulk-0189,EC2,2026-09-01,USD,1.00
acct-alpha-prod,res-bulk-0190,EC2,2026-09-01,USD,1.00
acct-alpha-prod,res-bulk-0191,EC2,2026-09-01,USD,1.00
acct-alpha-prod,res-bulk-0192,EC2,2026-09-01,USD,1.00
acct-alpha-prod,res-bulk-0193,EC2,2026-09-01,USD,1.00
acct-alpha-prod,res-bulk-0194,EC2,2026-09-01,USD,1.00
acct-alpha-prod,res-bulk-0195,EC2,2026-09-01,USD,1.00
acct-alpha-prod,res-bulk-0196,EC2,2026-09-01,USD,1.00
acct-alpha-prod,res-bulk-0197,EC2,2026-09-01,USD,1.00
acct-alpha-prod,res-bulk-0198,EC2,2026-09-01,USD,1.00
acct-alpha-prod,res-bulk-0199,EC2,2026-09-01,USD,1.00
acct-alpha-prod,res-bulk-0200,EC2,2026-09-01,USD,1.00
acct-alpha-prod,res-bulk-0201,EC2,2026-09-01,USD,1.00
acct-alpha-prod,res-bulk-0202,EC2,2026-09-01,USD,1.00
acct-alpha-prod,res-bulk-0203,EC2,2026-09-01,USD,1.00
acct-alpha-prod,res-bulk-0204,EC2,2026-09-01,USD,1.00
acct-alpha-prod,res-bulk-0205,EC2,2026-09-01,USD,1.00
acct-alpha-prod,res-bulk-0206,EC2,2026-09-01,USD,1.00
acct-alpha-prod,res-bulk-0207,EC2,2026-09-01,USD,1.00
acct-alpha-prod,res-bulk-0208,EC2,2026-09-01,USD,1.00
acct-alpha-prod,res-bulk-0209,EC2,2026-09-01,USD,1.00
acct-alpha-prod,res-bulk-0210,EC2,2026-09-01,USD,1.00
acct-alpha-prod,res-bulk-0211,EC2,2026-09-01,USD,1.00
acct-alpha-prod,res-bulk-0212,EC2,2026-09-01,USD,1.00
acct-alpha-prod,res-bulk-0213,EC2,2026-09-01,USD,1.00
acct-alpha-prod,res-bulk-0214,EC2,2026-09-01,USD,1.00
acct-alpha-prod,res-bulk-0215,EC2,2026-09-01,USD,1.00
acct-alpha-prod,res-bulk-0216,EC2,2026-09-01,USD,1.00
acct-alpha-prod,res-bulk-0217,EC2,2026-09-01,USD,1.00
acct-alpha-prod,res-bulk-0218,EC2,2026-09-01,USD,1.00
acct-alpha-prod,res-bulk-0219,EC2,2026-09-01,USD,1.00
acct-alpha-prod,res-bulk-0220,EC2,2026-09-01,USD,1.00
acct-alpha-prod,res-bulk-0221,EC2,2026-09-01,USD,1.00
acct-alpha-prod,res-bulk-0222,EC2,2026-09-01,USD,1.00
acct-alpha-prod,res-bulk-0223,EC2,2026-09-01,USD,1.00
acct-alpha-prod,res-bulk-0224,EC2,2026-09-01,USD,1.00
acct-alpha-prod,res-bulk-0225,EC2,2026-09-01,USD,1.00
acct-alpha-prod,res-bulk-0226,EC2,2026-09-01,USD,1.00
acct-alpha-prod,res-bulk-0227,EC2,2026-09-01,USD,1.00
acct-alpha-prod,res-bulk-0228,EC2,2026-09-01,USD,1.00
acct-alpha-prod,res-bulk-0229,EC2,2026-09-01,USD,1.00
acct-alpha-prod,res-bulk-0230,EC2,2026-09-01,USD,1.00
acct-alpha-prod,res-bulk-0231,EC2,2026-09-01,USD,1.00
acct-alpha-prod,res-bulk-0232,EC2,2026-09-01,USD,1.00
acct-alpha-prod,res-bulk-0233,EC2,2026-09-01,USD,1.00
acct-alpha-prod,res-bulk-0234,EC2,2026-09-01,USD,1.00
acct-alpha-prod,res-bulk-0235,EC2,2026-09-01,USD,1.00
acct-alpha-prod,res-bulk-0236,EC2,2026-09-01,USD,1.00
acct-alpha-prod,res-bulk-0237,EC2,2026-09-01,USD,1.00
acct-alpha-prod,res-bulk-0238,EC2,2026-09-01,USD,1.00
acct-alpha-prod,res-bulk-0239,EC2,2026-09-01,USD,1.00
acct-alpha-prod,res-bulk-0240,EC2,2026-09-01,USD,1.00
acct-alpha-prod,res-bulk-0241,EC2,2026-09-01,USD,1.00
acct-alpha-prod,res-bulk-0242,EC2,2026-09-01,USD,1.00
acct-alpha-prod,res-bulk-0243,EC2,2026-09-01,USD,1.00
acct-alpha-prod,res-bulk-0244,EC2,2026-09-01,USD,1.00
acct-alpha-prod,res-bulk-0245,EC2,2026-09-01,USD,1.00
acct-alpha-prod,res-bulk-0246,EC2,2026-09-01,USD,1.00
acct-alpha-prod,res-bulk-0247,EC2,2026-09-01,USD,1.00
acct-alpha-prod,res-bulk-0248,EC2,2026-09-01,USD,1.00
acct-alpha-prod,res-bulk-0249,EC2,2026-09-01,USD,1.00
acct-alpha-prod,res-bulk-0250,EC2,2026-09-01,USD,1.00
acct-alpha-prod,res-bulk-0251,EC2,2026-09-01,USD,1.00
acct-alpha-prod,res-bulk-0252,EC2,2026-09-01,USD,1.00
acct-alpha-prod,res-bulk-0253,EC2,2026-09-01,USD,1.00
acct-alpha-prod,res-bulk-0254,EC2,2026-09-01,USD,1.00
acct-alpha-prod,res-bulk-0255,EC2,2026-09-01,USD,1.00
acct-alpha-prod,res-bulk-0256,EC2,2026-09-01,USD,1.00
acct-alpha-prod,res-bulk-0257,EC2,2026-09-01,USD,1.00
acct-alpha-prod,res-bulk-0258,EC2,2026-09-01,USD,1.00
acct-alpha-prod,res-bulk-0259,EC2,2026-09-01,USD,1.00
acct-alpha-prod,res-bulk-0260,EC2,2026-09-01,USD,1.00
acct-alpha-prod,res-bulk-0261,EC2,2026-09-01,USD,1.00
acct-alpha-prod,res-bulk-0262,EC2,2026-09-01,USD,1.00
acct-alpha-prod,res-bulk-0263,EC2,2026-09-01,USD,1.00
acct-alpha-prod,res-bulk-0264,EC2,2026-09-01,USD,1.00
acct-alpha-prod,res-bulk-0265,EC2,2026-09-01,USD,1.00
acct-alpha-prod,res-bulk-0266,EC2,2026-09-01,USD,1.00
acct-alpha-prod,res-bulk-0267,EC2,2026-09-01,USD,1.00
acct-alpha-prod,res-bulk-0268,EC2,2026-09-01,USD,1.00
acct-alpha-prod,res-bulk-0269,EC2,2026-09-01,USD,1.00
acct-alpha-prod,res-bulk-0270,EC2,2026-09-01,USD,1.00
acct-alpha-prod,res-bulk-0271,EC2,2026-09-01,USD,1.00
acct-alpha-prod,res-bulk-0272,EC2,2026-09-01,USD,1.00
acct-alpha-prod,res-bulk-0273,EC2,2026-09-01,USD,1.00
acct-alpha-prod,res-bulk-0274,EC2,2026-09-01,USD,1.00
acct-alpha-prod,res-bulk-0275,EC2,2026-09-01,USD,1.00
acct-alpha-prod,res-bulk-0276,EC2,2026-09-01,USD,1.00
acct-alpha-prod,res-bulk-0277,EC2,2026-09-01,USD,1.00
acct-alpha-prod,res-bulk-0278,EC2,2026-09-01,USD,1.00
acct-alpha-prod,res-bulk-0279,EC2,2026-09-01,USD,1.00
acct-alpha-prod,res-bulk-0280,EC2,2026-09-01,USD,1.00
acct-alpha-prod,res-bulk-0281,EC2,2026-09-01,USD,1.00
acct-alpha-prod,res-bulk-0282,EC2,2026-09-01,USD,1.00
acct-alpha-prod,res-bulk-0283,EC2,2026-09-01,USD,1.00
acct-alpha-prod,res-bulk-0284,EC2,2026-09-01,USD,1.00
acct-alpha-prod,res-bulk-0285,EC2,2026-09-01,USD,1.00
acct-alpha-prod,res-bulk-0286,EC2,2026-09-01,USD,1.00
acct-alpha-prod,res-bulk-0287,EC2,2026-09-01,USD,1.00
acct-alpha-prod,res-bulk-0288,EC2,2026-09-01,USD,1.00
acct-alpha-prod,res-bulk-0289,EC2,2026-09-01,USD,1.00
acct-alpha-prod,res-bulk-0290,EC2,2026-09-01,USD,1.00
acct-alpha-prod,res-bulk-0291,EC2,2026-09-01,USD,1.00
acct-alpha-prod,res-bulk-0292,EC2,2026-09-01,USD,1.00
acct-alpha-prod,res-bulk-0293,EC2,2026-09-01,USD,1.00
acct-alpha-prod,res-bulk-0294,EC2,2026-09-01,USD,1.00
acct-alpha-prod,res-bulk-0295,EC2,2026-09-01,USD,1.00
acct-alpha-prod,res-bulk-0296,EC2,2026-09-01,USD,1.00
acct-alpha-prod,res-bulk-0297,EC2,2026-09-01,USD,1.00
acct-alpha-prod,res-bulk-0298,EC2,2026-09-01,USD,1.00
acct-alpha-prod,res-bulk-0299,EC2,2026-09-01,USD,1.00
acct-alpha-prod,res-bulk-0300,EC2,2026-09-01,USD,1.00
acct-alpha-prod,res-bulk-0301,EC2,2026-09-01,USD,1.00
acct-alpha-prod,res-bulk-0302,EC2,2026-09-01,USD,1.00
acct-alpha-prod,res-bulk-0303,EC2,2026-09-01,USD,1.00
acct-alpha-prod,res-bulk-0304,EC2,2026-09-01,USD,1.00
acct-alpha-prod,res-bulk-0305,EC2,2026-09-01,USD,1.00
acct-alpha-prod,res-bulk-0306,EC2,2026-09-01,USD,1.00
acct-alpha-prod,res-bulk-0307,EC2,2026-09-01,USD,1.00
acct-alpha-prod,res-bulk-0308,EC2,2026-09-01,USD,1.00
acct-alpha-prod,res-bulk-0309,EC2,2026-09-01,USD,1.00
acct-alpha-prod,res-bulk-0310,EC2,2026-09-01,USD,1.00
acct-alpha-prod,res-bulk-0311,EC2,2026-09-01,USD,1.00
acct-alpha-prod,res-bulk-0312,EC2,2026-09-01,USD,1.00
acct-alpha-prod,res-bulk-0313,EC2,2026-09-01,USD,1.00
acct-alpha-prod,res-bulk-0314,EC2,2026-09-01,USD,1.00
acct-alpha-prod,res-bulk-0315,EC2,2026-09-01,USD,1.00
acct-alpha-prod,res-bulk-0316,EC2,2026-09-01,USD,1.00
acct-alpha-prod,res-bulk-0317,EC2,2026-09-01,USD,1.00
acct-alpha-prod,res-bulk-0318,EC2,2026-09-01,USD,1.00
acct-alpha-prod,res-bulk-0319,EC2,2026-09-01,USD,1.00
acct-alpha-prod,res-bulk-0320,EC2,2026-09-01,USD,1.00
acct-alpha-prod,res-bulk-0321,EC2,2026-09-01,USD,1.00
acct-alpha-prod,res-bulk-0322,EC2,2026-09-01,USD,1.00
acct-alpha-prod,res-bulk-0323,EC2,2026-09-01,USD,1.00
acct-alpha-prod,res-bulk-0324,EC2,2026-09-01,USD,1.00
acct-alpha-prod,res-bulk-0325,EC2,2026-09-01,USD,1.00
acct-alpha-prod,res-bulk-0326,EC2,2026-09-01,USD,1.00
acct-alpha-prod,res-bulk-0327,EC2,2026-09-01,USD,1.00
acct-alpha-prod,res-bulk-0328,EC2,2026-09-01,USD,1.00
acct-alpha-prod,res-bulk-0329,EC2,2026-09-01,USD,1.00
acct-alpha-prod,res-bulk-0330,EC2,2026-09-01,USD,1.00
acct-alpha-prod,res-bulk-0331,EC2,2026-09-01,USD,1.00
acct-alpha-prod,res-bulk-0332,EC2,2026-09-01,USD,1.00
acct-alpha-prod,res-bulk-0333,EC2,2026-09-01,USD,1.00
acct-alpha-prod,res-bulk-0334,EC2,2026-09-01,USD,1.00
acct-alpha-prod,res-bulk-0335,EC2,2026-09-01,USD,1.00
acct-alpha-prod,res-bulk-0336,EC2,2026-09-01,USD,1.00
acct-alpha-prod,res-bulk-0337,EC2,2026-09-01,USD,1.00
acct-alpha-prod,res-bulk-0338,EC2,2026-09-01,USD,1.00
acct-alpha-prod,res-bulk-0339,EC2,2026-09-01,USD,1.00
acct-alpha-prod,res-bulk-0340,EC2,2026-09-01,USD,1.00
acct-alpha-prod,res-bulk-0341,EC2,2026-09-01,USD,1.00
acct-alpha-prod,res-bulk-0342,EC2,2026-09-01,USD,1.00
acct-alpha-prod,res-bulk-0343,EC2,2026-09-01,USD,1.00
acct-alpha-prod,res-bulk-0344,EC2,2026-09-01,USD,1.00
acct-alpha-prod,res-bulk-0345,EC2,2026-09-01,USD,1.00
acct-alpha-prod,res-bulk-0346,EC2,2026-09-01,USD,1.00
acct-alpha-prod,res-bulk-0347,EC2,2026-09-01,USD,1.00
acct-alpha-prod,res-bulk-0348,EC2,2026-09-01,USD,1.00
acct-alpha-prod,res-bulk-0349,EC2,2026-09-01,USD,1.00
acct-alpha-prod,res-bulk-0350,EC2,2026-09-01,USD,1.00
acct-alpha-prod,res-bulk-0351,EC2,2026-09-01,USD,1.00
acct-alpha-prod,res-bulk-0352,EC2,2026-09-01,USD,1.00
acct-alpha-prod,res-bulk-0353,EC2,2026-09-01,USD,1.00
acct-alpha-prod,res-bulk-0354,EC2,2026-09-01,USD,1.00
acct-alpha-prod,res-bulk-0355,EC2,2026-09-01,USD,1.00
acct-alpha-prod,res-bulk-0356,EC2,2026-09-01,USD,1.00
acct-alpha-prod,res-bulk-0357,EC2,2026-09-01,USD,1.00
acct-alpha-prod,res-bulk-0358,EC2,2026-09-01,USD,1.00
acct-alpha-prod,res-bulk-0359,EC2,2026-09-01,USD,1.00
acct-alpha-prod,res-bulk-0360,EC2,2026-09-01,USD,1.00
acct-alpha-prod,res-bulk-0361,EC2,2026-09-01,USD,1.00
acct-alpha-prod,res-bulk-0362,EC2,2026-09-01,USD,1.00
acct-alpha-prod,res-bulk-0363,EC2,2026-09-01,USD,1.00
acct-alpha-prod,res-bulk-0364,EC2,2026-09-01,USD,1.00
acct-alpha-prod,res-bulk-0365,EC2,2026-09-01,USD,1.00
acct-alpha-prod,res-bulk-0366,EC2,2026-09-01,USD,1.00
acct-alpha-prod,res-bulk-0367,EC2,2026-09-01,USD,1.00
acct-alpha-prod,res-bulk-0368,EC2,2026-09-01,USD,1.00
acct-alpha-prod,res-bulk-0369,EC2,2026-09-01,USD,1.00
acct-alpha-prod,res-bulk-0370,EC2,2026-09-01,USD,1.00
acct-alpha-prod,res-bulk-0371,EC2,2026-09-01,USD,1.00
acct-alpha-prod,res-bulk-0372,EC2,2026-09-01,USD,1.00
acct-alpha-prod,res-bulk-0373,EC2,2026-09-01,USD,1.00
acct-alpha-prod,res-bulk-0374,EC2,2026-09-01,USD,1.00
acct-alpha-prod,res-bulk-0375,EC2,2026-09-01,USD,1.00
acct-alpha-prod,res-bulk-0376,EC2,2026-09-01,USD,1.00
acct-alpha-prod,res-bulk-0377,EC2,2026-09-01,USD,1.00
acct-alpha-prod,res-bulk-0378,EC2,2026-09-01,USD,1.00
acct-alpha-prod,res-bulk-0379,EC2,2026-09-01,USD,1.00
acct-alpha-prod,res-bulk-0380,EC2,2026-09-01,USD,1.00
acct-alpha-prod,res-bulk-0381,EC2,2026-09-01,USD,1.00
acct-alpha-prod,res-bulk-0382,EC2,2026-09-01,USD,1.00
acct-alpha-prod,res-bulk-0383,EC2,2026-09-01,USD,1.00
acct-alpha-prod,res-bulk-0384,EC2,2026-09-01,USD,1.00
acct-alpha-prod,res-bulk-0385,EC2,2026-09-01,USD,1.00
acct-alpha-prod,res-bulk-0386,EC2,2026-09-01,USD,1.00
acct-alpha-prod,res-bulk-0387,EC2,2026-09-01,USD,1.00
acct-alpha-prod,res-bulk-0388,EC2,2026-09-01,USD,1.00
acct-alpha-prod,res-bulk-0389,EC2,2026-09-01,USD,1.00
acct-alpha-prod,res-bulk-0390,EC2,2026-09-01,USD,1.00
acct-alpha-prod,res-bulk-0391,EC2,2026-09-01,USD,1.00
acct-alpha-prod,res-bulk-0392,EC2,2026-09-01,USD,1.00
acct-alpha-prod,res-bulk-0393,EC2,2026-09-01,USD,1.00
acct-alpha-prod,res-bulk-0394,EC2,2026-09-01,USD,1.00
acct-alpha-prod,res-bulk-0395,EC2,2026-09-01,USD,1.00
acct-alpha-prod,res-bulk-0396,EC2,2026-09-01,USD,1.00
acct-alpha-prod,res-bulk-0397,EC2,2026-09-01,USD,1.00
acct-alpha-prod,res-bulk-0398,EC2,2026-09-01,USD,1.00
acct-alpha-prod,res-bulk-0399,EC2,2026-09-01,USD,1.00
acct-alpha-prod,res-bulk-0400,EC2,2026-09-01,USD,1.00
acct-alpha-prod,res-bulk-0401,EC2,2026-09-01,USD,1.00
acct-alpha-prod,res-bulk-0402,EC2,2026-09-01,USD,1.00
acct-alpha-prod,res-bulk-0403,EC2,2026-09-01,USD,1.00
acct-alpha-prod,res-bulk-0404,EC2,2026-09-01,USD,1.00
acct-alpha-prod,res-bulk-0405,EC2,2026-09-01,USD,1.00
acct-alpha-prod,res-bulk-0406,EC2,2026-09-01,USD,1.00
acct-alpha-prod,res-bulk-0407,EC2,2026-09-01,USD,1.00
acct-alpha-prod,res-bulk-0408,EC2,2026-09-01,USD,1.00
acct-alpha-prod,res-bulk-0409,EC2,2026-09-01,USD,1.00
acct-alpha-prod,res-bulk-0410,EC2,2026-09-01,USD,1.00
acct-alpha-prod,res-bulk-0411,EC2,2026-09-01,USD,1.00
acct-alpha-prod,res-bulk-0412,EC2,2026-09-01,USD,1.00
acct-alpha-prod,res-bulk-0413,EC2,2026-09-01,USD,1.00
acct-alpha-prod,res-bulk-0414,EC2,2026-09-01,USD,1.00
acct-alpha-prod,res-bulk-0415,EC2,2026-09-01,USD,1.00
acct-alpha-prod,res-bulk-0416,EC2,2026-09-01,USD,1.00
acct-alpha-prod,res-bulk-0417,EC2,2026-09-01,USD,1.00
acct-alpha-prod,res-bulk-0418,EC2,2026-09-01,USD,1.00
acct-alpha-prod,res-bulk-0419,EC2,2026-09-01,USD,1.00
acct-alpha-prod,res-bulk-0420,EC2,2026-09-01,USD,1.00
acct-alpha-prod,res-bulk-0421,EC2,2026-09-01,USD,1.00
acct-alpha-prod,res-bulk-0422,EC2,2026-09-01,USD,1.00
acct-alpha-prod,res-bulk-0423,EC2,2026-09-01,USD,1.00
acct-alpha-prod,res-bulk-0424,EC2,2026-09-01,USD,1.00
acct-alpha-prod,res-bulk-0425,EC2,2026-09-01,USD,1.00
acct-alpha-prod,res-bulk-0426,EC2,2026-09-01,USD,1.00
acct-alpha-prod,res-bulk-0427,EC2,2026-09-01,USD,1.00
acct-alpha-prod,res-bulk-0428,EC2,2026-09-01,USD,1.00
acct-alpha-prod,res-bulk-0429,EC2,2026-09-01,USD,1.00
acct-alpha-prod,res-bulk-0430,EC2,2026-09-01,USD,1.00
acct-alpha-prod,res-bulk-0431,EC2,2026-09-01,USD,1.00
acct-alpha-prod,res-bulk-0432,EC2,2026-09-01,USD,1.00
acct-alpha-prod,res-bulk-0433,EC2,2026-09-01,USD,1.00
acct-alpha-prod,res-bulk-0434,EC2,2026-09-01,USD,1.00
acct-alpha-prod,res-bulk-0435,EC2,2026-09-01,USD,1.00
acct-alpha-prod,res-bulk-0436,EC2,2026-09-01,USD,1.00
acct-alpha-prod,res-bulk-0437,EC2,2026-09-01,USD,1.00
acct-alpha-prod,res-bulk-0438,EC2,2026-09-01,USD,1.00
acct-alpha-prod,res-bulk-0439,EC2,2026-09-01,USD,1.00
acct-alpha-prod,res-bulk-0440,EC2,2026-09-01,USD,1.00
acct-alpha-prod,res-bulk-0441,EC2,2026-09-01,USD,1.00
acct-alpha-prod,res-bulk-0442,EC2,2026-09-01,USD,1.00
acct-alpha-prod,res-bulk-0443,EC2,2026-09-01,USD,1.00
acct-alpha-prod,res-bulk-0444,EC2,2026-09-01,USD,1.00
acct-alpha-prod,res-bulk-0445,EC2,2026-09-01,USD,1.00
acct-alpha-prod,res-bulk-0446,EC2,2026-09-01,USD,1.00
acct-alpha-prod,res-bulk-0447,EC2,2026-09-01,USD,1.00
acct-alpha-prod,res-bulk-0448,EC2,2026-09-01,USD,1.00
acct-alpha-prod,res-bulk-0449,EC2,2026-09-01,USD,1.00
acct-alpha-prod,res-bulk-0450,EC2,2026-09-01,USD,1.00
acct-alpha-prod,res-bulk-0451,EC2,2026-09-01,USD,1.00
acct-alpha-prod,res-bulk-0452,EC2,2026-09-01,USD,1.00
acct-alpha-prod,res-bulk-0453,EC2,2026-09-01,USD,1.00
acct-alpha-prod,res-bulk-0454,EC2,2026-09-01,USD,1.00
acct-alpha-prod,res-bulk-0455,EC2,2026-09-01,USD,1.00
acct-alpha-prod,res-bulk-0456,EC2,2026-09-01,USD,1.00
acct-alpha-prod,res-bulk-0457,EC2,2026-09-01,USD,1.00
acct-alpha-prod,res-bulk-0458,EC2,2026-09-01,USD,1.00
acct-alpha-prod,res-bulk-0459,EC2,2026-09-01,USD,1.00
acct-alpha-prod,res-bulk-0460,EC2,2026-09-01,USD,1.00
acct-alpha-prod,res-bulk-0461,EC2,2026-09-01,USD,1.00
acct-alpha-prod,res-bulk-0462,EC2,2026-09-01,USD,1.00
acct-alpha-prod,res-bulk-0463,EC2,2026-09-01,USD,1.00
acct-alpha-prod,res-bulk-0464,EC2,2026-09-01,USD,1.00
acct-alpha-prod,res-bulk-0465,EC2,2026-09-01,USD,1.00
acct-alpha-prod,res-bulk-0466,EC2,2026-09-01,USD,1.00
acct-alpha-prod,res-bulk-0467,EC2,2026-09-01,USD,1.00
acct-alpha-prod,res-bulk-0468,EC2,2026-09-01,USD,1.00
acct-alpha-prod,res-bulk-0469,EC2,2026-09-01,USD,1.00
acct-alpha-prod,res-bulk-0470,EC2,2026-09-01,USD,1.00
acct-alpha-prod,res-bulk-0471,EC2,2026-09-01,USD,1.00
acct-alpha-prod,res-bulk-0472,EC2,2026-09-01,USD,1.00
acct-alpha-prod,res-bulk-0473,EC2,2026-09-01,USD,1.00
acct-alpha-prod,res-bulk-0474,EC2,2026-09-01,USD,1.00
acct-alpha-prod,res-bulk-0475,EC2,2026-09-01,USD,1.00
acct-alpha-prod,res-bulk-0476,EC2,2026-09-01,USD,1.00
acct-alpha-prod,res-bulk-0477,EC2,2026-09-01,USD,1.00
acct-alpha-prod,res-bulk-0478,EC2,2026-09-01,USD,1.00
acct-alpha-prod,res-bulk-0479,EC2,2026-09-01,USD,1.00
acct-alpha-prod,res-bulk-0480,EC2,2026-09-01,USD,1.00
acct-alpha-prod,res-bulk-0481,EC2,2026-09-01,USD,1.00
acct-alpha-prod,res-bulk-0482,EC2,2026-09-01,USD,1.00
acct-alpha-prod,res-bulk-0483,EC2,2026-09-01,USD,1.00
acct-alpha-prod,res-bulk-0484,EC2,2026-09-01,USD,1.00
acct-alpha-prod,res-bulk-0485,EC2,2026-09-01,USD,1.00
acct-alpha-prod,res-bulk-0486,EC2,2026-09-01,USD,1.00
acct-alpha-prod,res-bulk-0487,EC2,2026-09-01,USD,1.00
acct-alpha-prod,res-bulk-0488,EC2,2026-09-01,USD,1.00
acct-alpha-prod,res-bulk-0489,EC2,2026-09-01,USD,1.00
acct-alpha-prod,res-bulk-0490,EC2,2026-09-01,USD,1.00
acct-alpha-prod,res-bulk-0491,EC2,2026-09-01,USD,1.00
acct-alpha-prod,res-bulk-0492,EC2,2026-09-01,USD,1.00
acct-alpha-prod,res-bulk-0493,EC2,2026-09-01,USD,1.00
acct-alpha-prod,res-bulk-0494,EC2,2026-09-01,USD,1.00
acct-alpha-prod,res-bulk-0495,EC2,2026-09-01,USD,1.00
acct-alpha-prod,res-bulk-0496,EC2,2026-09-01,USD,1.00
acct-alpha-prod,res-bulk-0497,EC2,2026-09-01,USD,1.00
acct-alpha-prod,res-bulk-0498,EC2,2026-09-01,USD,1.00
acct-alpha-prod,res-bulk-0499,EC2,2026-09-01,USD,1.00
acct-alpha-prod,res-bulk-0500,EC2,2026-09-01,USD,1.00
acct-alpha-prod,res-bulk-0501,EC2,2026-09-01,USD,1.00
acct-alpha-prod,res-bulk-0502,EC2,2026-09-01,USD,1.00
acct-alpha-prod,res-bulk-0503,EC2,2026-09-01,USD,1.00
acct-alpha-prod,res-bulk-0504,EC2,2026-09-01,USD,1.00
acct-alpha-prod,res-bulk-0505,EC2,2026-09-01,USD,1.00
acct-alpha-prod,res-bulk-0506,EC2,2026-09-01,USD,1.00
acct-alpha-prod,res-bulk-0507,EC2,2026-09-01,USD,1.00
acct-alpha-prod,res-bulk-0508,EC2,2026-09-01,USD,1.00
acct-alpha-prod,res-bulk-0509,EC2,2026-09-01,USD,1.00
acct-alpha-prod,res-bulk-0510,EC2,2026-09-01,USD,1.00
acct-alpha-prod,res-bulk-0511,EC2,2026-09-01,USD,1.00
acct-alpha-prod,res-bulk-0512,EC2,2026-09-01,USD,1.00
acct-alpha-prod,res-bulk-0513,EC2,2026-09-01,USD,1.00
acct-alpha-prod,res-bulk-0514,EC2,2026-09-01,USD,1.00
acct-alpha-prod,res-bulk-0515,EC2,2026-09-01,USD,1.00
acct-alpha-prod,res-bulk-0516,EC2,2026-09-01,USD,1.00
acct-alpha-prod,res-bulk-0517,EC2,2026-09-01,USD,1.00
acct-alpha-prod,res-bulk-0518,EC2,2026-09-01,USD,1.00
acct-alpha-prod,res-bulk-0519,EC2,2026-09-01,USD,1.00
acct-alpha-prod,res-bulk-0520,EC2,2026-09-01,USD,1.00
acct-alpha-prod,res-bulk-0521,EC2,2026-09-01,USD,1.00
acct-alpha-prod,res-bulk-0522,EC2,2026-09-01,USD,1.00
acct-alpha-prod,res-bulk-0523,EC2,2026-09-01,USD,1.00
acct-alpha-prod,res-bulk-0524,EC2,2026-09-01,USD,1.00
acct-alpha-prod,res-bulk-0525,EC2,2026-09-01,USD,1.00
acct-alpha-prod,res-bulk-0526,EC2,2026-09-01,USD,1.00
acct-alpha-prod,res-bulk-0527,EC2,2026-09-01,USD,1.00
acct-alpha-prod,res-bulk-0528,EC2,2026-09-01,USD,1.00
acct-alpha-prod,res-bulk-0529,EC2,2026-09-01,USD,1.00
acct-alpha-prod,res-bulk-0530,EC2,2026-09-01,USD,1.00
acct-alpha-prod,res-bulk-0531,EC2,2026-09-01,USD,1.00
acct-alpha-prod,res-bulk-0532,EC2,2026-09-01,USD,1.00
acct-alpha-prod,res-bulk-0533,EC2,2026-09-01,USD,1.00
acct-alpha-prod,res-bulk-0534,EC2,2026-09-01,USD,1.00
acct-alpha-prod,res-bulk-0535,EC2,2026-09-01,USD,1.00
acct-alpha-prod,res-bulk-0536,EC2,2026-09-01,USD,1.00
acct-alpha-prod,res-bulk-0537,EC2,2026-09-01,USD,1.00
acct-alpha-prod,res-bulk-0538,EC2,2026-09-01,USD,1.00
acct-alpha-prod,res-bulk-0539,EC2,2026-09-01,USD,1.00
acct-alpha-prod,res-bulk-0540,EC2,2026-09-01,USD,1.00
acct-alpha-prod,res-bulk-0541,EC2,2026-09-01,USD,1.00
acct-alpha-prod,res-bulk-0542,EC2,2026-09-01,USD,1.00
acct-alpha-prod,res-bulk-0543,EC2,2026-09-01,USD,1.00
acct-alpha-prod,res-bulk-0544,EC2,2026-09-01,USD,1.00
acct-alpha-prod,res-bulk-0545,EC2,2026-09-01,USD,1.00
acct-alpha-prod,res-bulk-0546,EC2,2026-09-01,USD,1.00
acct-alpha-prod,res-bulk-0547,EC2,2026-09-01,USD,1.00
acct-alpha-prod,res-bulk-0548,EC2,2026-09-01,USD,1.00
acct-alpha-prod,res-bulk-0549,EC2,2026-09-01,USD,1.00
acct-alpha-prod,res-bulk-0550,EC2,2026-09-01,USD,1.00
acct-alpha-prod,res-bulk-0551,EC2,2026-09-01,USD,1.00
acct-alpha-prod,res-bulk-0552,EC2,2026-09-01,USD,1.00
acct-alpha-prod,res-bulk-0553,EC2,2026-09-01,USD,1.00
acct-alpha-prod,res-bulk-0554,EC2,2026-09-01,USD,1.00
acct-alpha-prod,res-bulk-0555,EC2,2026-09-01,USD,1.00
acct-alpha-prod,res-bulk-0556,EC2,2026-09-01,USD,1.00
acct-alpha-prod,res-bulk-0557,EC2,2026-09-01,USD,1.00
acct-alpha-prod,res-bulk-0558,EC2,2026-09-01,USD,1.00
acct-alpha-prod,res-bulk-0559,EC2,2026-09-01,USD,1.00
acct-alpha-prod,res-bulk-0560,EC2,2026-09-01,USD,1.00
acct-alpha-prod,res-bulk-0561,EC2,2026-09-01,USD,1.00
acct-alpha-prod,res-bulk-0562,EC2,2026-09-01,USD,1.00
acct-alpha-prod,res-bulk-0563,EC2,2026-09-01,USD,1.00
acct-alpha-prod,res-bulk-0564,EC2,2026-09-01,USD,1.00
acct-alpha-prod,res-bulk-0565,EC2,2026-09-01,USD,1.00
acct-alpha-prod,res-bulk-0566,EC2,2026-09-01,USD,1.00
acct-alpha-prod,res-bulk-0567,EC2,2026-09-01,USD,1.00
acct-alpha-prod,res-bulk-0568,EC2,2026-09-01,USD,1.00
acct-alpha-prod,res-bulk-0569,EC2,2026-09-01,USD,1.00
acct-alpha-prod,res-bulk-0570,EC2,2026-09-01,USD,1.00
acct-alpha-prod,res-bulk-0571,EC2,2026-09-01,USD,1.00
acct-alpha-prod,res-bulk-0572,EC2,2026-09-01,USD,1.00
acct-alpha-prod,res-bulk-0573,EC2,2026-09-01,USD,1.00
acct-alpha-prod,res-bulk-0574,EC2,2026-09-01,USD,1.00
acct-alpha-prod,res-bulk-0575,EC2,2026-09-01,USD,1.00
acct-alpha-prod,res-bulk-0576,EC2,2026-09-01,USD,1.00
acct-alpha-prod,res-bulk-0577,EC2,2026-09-01,USD,1.00
acct-alpha-prod,res-bulk-0578,EC2,2026-09-01,USD,1.00
acct-alpha-prod,res-bulk-0579,EC2,2026-09-01,USD,1.00
acct-alpha-prod,res-bulk-0580,EC2,2026-09-01,USD,1.00
acct-alpha-prod,res-bulk-0581,EC2,2026-09-01,USD,1.00
acct-alpha-prod,res-bulk-0582,EC2,2026-09-01,USD,1.00
acct-alpha-prod,res-bulk-0583,EC2,2026-09-01,USD,1.00
acct-alpha-prod,res-bulk-0584,EC2,2026-09-01,USD,1.00
acct-alpha-prod,res-bulk-0585,EC2,2026-09-01,USD,1.00
acct-alpha-prod,res-bulk-0586,EC2,2026-09-01,USD,1.00
acct-alpha-prod,res-bulk-0587,EC2,2026-09-01,USD,1.00
acct-alpha-prod,res-bulk-0588,EC2,2026-09-01,USD,1.00
acct-alpha-prod,res-bulk-0589,EC2,2026-09-01,USD,1.00
acct-alpha-prod,res-bulk-0590,EC2,2026-09-01,USD,1.00
acct-alpha-prod,res-bulk-0591,EC2,2026-09-01,USD,1.00
acct-alpha-prod,res-bulk-0592,EC2,2026-09-01,USD,1.00
acct-alpha-prod,res-bulk-0593,EC2,2026-09-01,USD,1.00
acct-alpha-prod,res-bulk-0594,EC2,2026-09-01,USD,1.00
acct-alpha-prod,res-bulk-0595,EC2,2026-09-01,USD,1.00
acct-alpha-prod,res-bulk-0596,EC2,2026-09-01,USD,1.00
acct-alpha-prod,res-bulk-0597,EC2,2026-09-01,USD,1.00
acct-alpha-prod,res-bulk-0598,EC2,2026-09-01,USD,1.00
acct-alpha-prod,res-bulk-0599,EC2,2026-09-01,USD,1.00
acct-alpha-prod,res-bulk-0600,EC2,2026-09-01,USD,1.00
acct-alpha-prod,res-bulk-0601,EC2,2026-09-01,USD,1.00
acct-alpha-prod,res-bulk-0602,EC2,2026-09-01,USD,1.00
acct-alpha-prod,res-bulk-0603,EC2,2026-09-01,USD,1.00
acct-alpha-prod,res-bulk-0604,EC2,2026-09-01,USD,1.00
acct-alpha-prod,res-bulk-0605,EC2,2026-09-01,USD,1.00
acct-alpha-prod,res-bulk-0606,EC2,2026-09-01,USD,1.00
acct-alpha-prod,res-bulk-0607,EC2,2026-09-01,USD,1.00
acct-alpha-prod,res-bulk-0608,EC2,2026-09-01,USD,1.00
acct-alpha-prod,res-bulk-0609,EC2,2026-09-01,USD,1.00
acct-alpha-prod,res-bulk-0610,EC2,2026-09-01,USD,1.00
acct-alpha-prod,res-bulk-0611,EC2,2026-09-01,USD,1.00
acct-alpha-prod,res-bulk-0612,EC2,2026-09-01,USD,1.00
acct-alpha-prod,res-bulk-0613,EC2,2026-09-01,USD,1.00
acct-alpha-prod,res-bulk-0614,EC2,2026-09-01,USD,1.00
acct-alpha-prod,res-bulk-0615,EC2,2026-09-01,USD,1.00
acct-alpha-prod,res-bulk-0616,EC2,2026-09-01,USD,1.00
acct-alpha-prod,res-bulk-0617,EC2,2026-09-01,USD,1.00
acct-alpha-prod,res-bulk-0618,EC2,2026-09-01,USD,1.00
acct-alpha-prod,res-bulk-0619,EC2,2026-09-01,USD,1.00
acct-alpha-prod,res-bulk-0620,EC2,2026-09-01,USD,1.00
acct-alpha-prod,res-bulk-0621,EC2,2026-09-01,USD,1.00
acct-alpha-prod,res-bulk-0622,EC2,2026-09-01,USD,1.00
acct-alpha-prod,res-bulk-0623,EC2,2026-09-01,USD,1.00
acct-alpha-prod,res-bulk-0624,EC2,2026-09-01,USD,1.00
acct-alpha-prod,res-bulk-0625,EC2,2026-09-01,USD,1.00
acct-alpha-prod,res-bulk-0626,EC2,2026-09-01,USD,1.00
acct-alpha-prod,res-bulk-0627,EC2,2026-09-01,USD,1.00
acct-alpha-prod,res-bulk-0628,EC2,2026-09-01,USD,1.00
acct-alpha-prod,res-bulk-0629,EC2,2026-09-01,USD,1.00
acct-alpha-prod,res-bulk-0630,EC2,2026-09-01,USD,1.00
acct-alpha-prod,res-bulk-0631,EC2,2026-09-01,USD,1.00
acct-alpha-prod,res-bulk-0632,EC2,2026-09-01,USD,1.00
acct-alpha-prod,res-bulk-0633,EC2,2026-09-01,USD,1.00
acct-alpha-prod,res-bulk-0634,EC2,2026-09-01,USD,1.00
acct-alpha-prod,res-bulk-0635,EC2,2026-09-01,USD,1.00
acct-alpha-prod,res-bulk-0636,EC2,2026-09-01,USD,1.00
acct-alpha-prod,res-bulk-0637,EC2,2026-09-01,USD,1.00
acct-alpha-prod,res-bulk-0638,EC2,2026-09-01,USD,1.00
acct-alpha-prod,res-bulk-0639,EC2,2026-09-01,USD,1.00
acct-alpha-prod,res-bulk-0640,EC2,2026-09-01,USD,1.00
acct-alpha-prod,res-bulk-0641,EC2,2026-09-01,USD,1.00
acct-alpha-prod,res-bulk-0642,EC2,2026-09-01,USD,1.00
acct-alpha-prod,res-bulk-0643,EC2,2026-09-01,USD,1.00
acct-alpha-prod,res-bulk-0644,EC2,2026-09-01,USD,1.00
acct-alpha-prod,res-bulk-0645,EC2,2026-09-01,USD,1.00
acct-alpha-prod,res-bulk-0646,EC2,2026-09-01,USD,1.00
acct-alpha-prod,res-bulk-0647,EC2,2026-09-01,USD,1.00
acct-alpha-prod,res-bulk-0648,EC2,2026-09-01,USD,1.00
acct-alpha-prod,res-bulk-0649,EC2,2026-09-01,USD,1.00
acct-alpha-prod,res-bulk-0650,EC2,2026-09-01,USD,1.00
acct-alpha-prod,res-bulk-0651,EC2,2026-09-01,USD,1.00
acct-alpha-prod,res-bulk-0652,EC2,2026-09-01,USD,1.00
acct-alpha-prod,res-bulk-0653,EC2,2026-09-01,USD,1.00
acct-alpha-prod,res-bulk-0654,EC2,2026-09-01,USD,1.00
acct-alpha-prod,res-bulk-0655,EC2,2026-09-01,USD,1.00
acct-alpha-prod,res-bulk-0656,EC2,2026-09-01,USD,1.00
acct-alpha-prod,res-bulk-0657,EC2,2026-09-01,USD,1.00
acct-alpha-prod,res-bulk-0658,EC2,2026-09-01,USD,1.00
acct-alpha-prod,res-bulk-0659,EC2,2026-09-01,USD,1.00
acct-alpha-prod,res-bulk-0660,EC2,2026-09-01,USD,1.00
acct-alpha-prod,res-bulk-0661,EC2,2026-09-01,USD,1.00
acct-alpha-prod,res-bulk-0662,EC2,2026-09-01,USD,1.00
acct-alpha-prod,res-bulk-0663,EC2,2026-09-01,USD,1.00
acct-alpha-prod,res-bulk-0664,EC2,2026-09-01,USD,1.00
acct-alpha-prod,res-bulk-0665,EC2,2026-09-01,USD,1.00
acct-alpha-prod,res-bulk-0666,EC2,2026-09-01,USD,1.00
acct-alpha-prod,res-bulk-0667,EC2,2026-09-01,USD,1.00
acct-alpha-prod,res-bulk-0668,EC2,2026-09-01,USD,1.00
acct-alpha-prod,res-bulk-0669,EC2,2026-09-01,USD,1.00
acct-alpha-prod,res-bulk-0670,EC2,2026-09-01,USD,1.00
acct-alpha-prod,res-bulk-0671,EC2,2026-09-01,USD,1.00
acct-alpha-prod,res-bulk-0672,EC2,2026-09-01,USD,1.00
acct-alpha-prod,res-bulk-0673,EC2,2026-09-01,USD,1.00
acct-alpha-prod,res-bulk-0674,EC2,2026-09-01,USD,1.00
acct-alpha-prod,res-bulk-0675,EC2,2026-09-01,USD,1.00
acct-alpha-prod,res-bulk-0676,EC2,2026-09-01,USD,1.00
acct-alpha-prod,res-bulk-0677,EC2,2026-09-01,USD,1.00
acct-alpha-prod,res-bulk-0678,EC2,2026-09-01,USD,1.00
acct-alpha-prod,res-bulk-0679,EC2,2026-09-01,USD,1.00
acct-alpha-prod,res-bulk-0680,EC2,2026-09-01,USD,1.00
acct-alpha-prod,res-bulk-0681,EC2,2026-09-01,USD,1.00
acct-alpha-prod,res-bulk-0682,EC2,2026-09-01,USD,1.00
acct-alpha-prod,res-bulk-0683,EC2,2026-09-01,USD,1.00
acct-alpha-prod,res-bulk-0684,EC2,2026-09-01,USD,1.00
acct-alpha-prod,res-bulk-0685,EC2,2026-09-01,USD,1.00
acct-alpha-prod,res-bulk-0686,EC2,2026-09-01,USD,1.00
acct-alpha-prod,res-bulk-0687,EC2,2026-09-01,USD,1.00
acct-alpha-prod,res-bulk-0688,EC2,2026-09-01,USD,1.00
acct-alpha-prod,res-bulk-0689,EC2,2026-09-01,USD,1.00
acct-alpha-prod,res-bulk-0690,EC2,2026-09-01,USD,1.00
acct-alpha-prod,res-bulk-0691,EC2,2026-09-01,USD,1.00
acct-alpha-prod,res-bulk-0692,EC2,2026-09-01,USD,1.00
acct-alpha-prod,res-bulk-0693,EC2,2026-09-01,USD,1.00
acct-alpha-prod,res-bulk-0694,EC2,2026-09-01,USD,1.00
acct-alpha-prod,res-bulk-0695,EC2,2026-09-01,USD,1.00
acct-alpha-prod,res-bulk-0696,EC2,2026-09-01,USD,1.00
acct-alpha-prod,res-bulk-0697,EC2,2026-09-01,USD,1.00
acct-alpha-prod,res-bulk-0698,EC2,2026-09-01,USD,1.00
acct-alpha-prod,res-bulk-0699,EC2,2026-09-01,USD,1.00
acct-alpha-prod,res-bulk-0700,EC2,2026-09-01,USD,1.00
acct-alpha-prod,res-bulk-0701,EC2,2026-09-01,USD,1.00
acct-alpha-prod,res-bulk-0702,EC2,2026-09-01,USD,1.00
acct-alpha-prod,res-bulk-0703,EC2,2026-09-01,USD,1.00
acct-alpha-prod,res-bulk-0704,EC2,2026-09-01,USD,1.00
acct-alpha-prod,res-bulk-0705,EC2,2026-09-01,USD,1.00
acct-alpha-prod,res-bulk-0706,EC2,2026-09-01,USD,1.00
acct-alpha-prod,res-bulk-0707,EC2,2026-09-01,USD,1.00
acct-alpha-prod,res-bulk-0708,EC2,2026-09-01,USD,1.00
acct-alpha-prod,res-bulk-0709,EC2,2026-09-01,USD,1.00
acct-alpha-prod,res-bulk-0710,EC2,2026-09-01,USD,1.00
acct-alpha-prod,res-bulk-0711,EC2,2026-09-01,USD,1.00
acct-alpha-prod,res-bulk-0712,EC2,2026-09-01,USD,1.00
acct-alpha-prod,res-bulk-0713,EC2,2026-09-01,USD,1.00
acct-alpha-prod,res-bulk-0714,EC2,2026-09-01,USD,1.00
acct-alpha-prod,res-bulk-0715,EC2,2026-09-01,USD,1.00
acct-alpha-prod,res-bulk-0716,EC2,2026-09-01,USD,1.00
acct-alpha-prod,res-bulk-0717,EC2,2026-09-01,USD,1.00
acct-alpha-prod,res-bulk-0718,EC2,2026-09-01,USD,1.00
acct-alpha-prod,res-bulk-0719,EC2,2026-09-01,USD,1.00
acct-alpha-prod,res-bulk-0720,EC2,2026-09-01,USD,1.00
acct-alpha-prod,res-bulk-0721,EC2,2026-09-01,USD,1.00
acct-alpha-prod,res-bulk-0722,EC2,2026-09-01,USD,1.00
acct-alpha-prod,res-bulk-0723,EC2,2026-09-01,USD,1.00
acct-alpha-prod,res-bulk-0724,EC2,2026-09-01,USD,1.00
acct-alpha-prod,res-bulk-0725,EC2,2026-09-01,USD,1.00
acct-alpha-prod,res-bulk-0726,EC2,2026-09-01,USD,1.00
acct-alpha-prod,res-bulk-0727,EC2,2026-09-01,USD,1.00
acct-alpha-prod,res-bulk-0728,EC2,2026-09-01,USD,1.00
acct-alpha-prod,res-bulk-0729,EC2,2026-09-01,USD,1.00
acct-alpha-prod,res-bulk-0730,EC2,2026-09-01,USD,1.00
acct-alpha-prod,res-bulk-0731,EC2,2026-09-01,USD,1.00
acct-alpha-prod,res-bulk-0732,EC2,2026-09-01,USD,1.00
acct-alpha-prod,res-bulk-0733,EC2,2026-09-01,USD,1.00
acct-alpha-prod,res-bulk-0734,EC2,2026-09-01,USD,1.00
acct-alpha-prod,res-bulk-0735,EC2,2026-09-01,USD,1.00
acct-alpha-prod,res-bulk-0736,EC2,2026-09-01,USD,1.00
acct-alpha-prod,res-bulk-0737,EC2,2026-09-01,USD,1.00
acct-alpha-prod,res-bulk-0738,EC2,2026-09-01,USD,1.00
acct-alpha-prod,res-bulk-0739,EC2,2026-09-01,USD,1.00
acct-alpha-prod,res-bulk-0740,EC2,2026-09-01,USD,1.00
acct-alpha-prod,res-bulk-0741,EC2,2026-09-01,USD,1.00
acct-alpha-prod,res-bulk-0742,EC2,2026-09-01,USD,1.00
acct-alpha-prod,res-bulk-0743,EC2,2026-09-01,USD,1.00
acct-alpha-prod,res-bulk-0744,EC2,2026-09-01,USD,1.00
acct-alpha-prod,res-bulk-0745,EC2,2026-09-01,USD,1.00
acct-alpha-prod,res-bulk-0746,EC2,2026-09-01,USD,1.00
acct-alpha-prod,res-bulk-0747,EC2,2026-09-01,USD,1.00
acct-alpha-prod,res-bulk-0748,EC2,2026-09-01,USD,1.00
acct-alpha-prod,res-bulk-0749,EC2,2026-09-01,USD,1.00
acct-alpha-prod,res-bulk-0750,EC2,2026-09-01,USD,1.00
acct-alpha-prod,res-bulk-0751,EC2,2026-09-01,USD,1.00
acct-alpha-prod,res-bulk-0752,EC2,2026-09-01,USD,1.00
acct-alpha-prod,res-bulk-0753,EC2,2026-09-01,USD,1.00
acct-alpha-prod,res-bulk-0754,EC2,2026-09-01,USD,1.00
acct-alpha-prod,res-bulk-0755,EC2,2026-09-01,USD,1.00
acct-alpha-prod,res-bulk-0756,EC2,2026-09-01,USD,1.00
acct-alpha-prod,res-bulk-0757,EC2,2026-09-01,USD,1.00
acct-alpha-prod,res-bulk-0758,EC2,2026-09-01,USD,1.00
acct-alpha-prod,res-bulk-0759,EC2,2026-09-01,USD,1.00
acct-alpha-prod,res-bulk-0760,EC2,2026-09-01,USD,1.00
acct-alpha-prod,res-bulk-0761,EC2,2026-09-01,USD,1.00
acct-alpha-prod,res-bulk-0762,EC2,2026-09-01,USD,1.00
acct-alpha-prod,res-bulk-0763,EC2,2026-09-01,USD,1.00
acct-alpha-prod,res-bulk-0764,EC2,2026-09-01,USD,1.00
acct-alpha-prod,res-bulk-0765,EC2,2026-09-01,USD,1.00
acct-alpha-prod,res-bulk-0766,EC2,2026-09-01,USD,1.00
acct-alpha-prod,res-bulk-0767,EC2,2026-09-01,USD,1.00
acct-alpha-prod,res-bulk-0768,EC2,2026-09-01,USD,1.00
acct-alpha-prod,res-bulk-0769,EC2,2026-09-01,USD,1.00
acct-alpha-prod,res-bulk-0770,EC2,2026-09-01,USD,1.00
acct-alpha-prod,res-bulk-0771,EC2,2026-09-01,USD,1.00
acct-alpha-prod,res-bulk-0772,EC2,2026-09-01,USD,1.00
acct-alpha-prod,res-bulk-0773,EC2,2026-09-01,USD,1.00
acct-alpha-prod,res-bulk-0774,EC2,2026-09-01,USD,1.00
acct-alpha-prod,res-bulk-0775,EC2,2026-09-01,USD,1.00
acct-alpha-prod,res-bulk-0776,EC2,2026-09-01,USD,1.00
acct-alpha-prod,res-bulk-0777,EC2,2026-09-01,USD,1.00
acct-alpha-prod,res-bulk-0778,EC2,2026-09-01,USD,1.00
acct-alpha-prod,res-bulk-0779,EC2,2026-09-01,USD,1.00
acct-alpha-prod,res-bulk-0780,EC2,2026-09-01,USD,1.00
acct-alpha-prod,res-bulk-0781,EC2,2026-09-01,USD,1.00
acct-alpha-prod,res-bulk-0782,EC2,2026-09-01,USD,1.00
acct-alpha-prod,res-bulk-0783,EC2,2026-09-01,USD,1.00
acct-alpha-prod,res-bulk-0784,EC2,2026-09-01,USD,1.00
acct-alpha-prod,res-bulk-0785,EC2,2026-09-01,USD,1.00
acct-alpha-prod,res-bulk-0786,EC2,2026-09-01,USD,1.00
acct-alpha-prod,res-bulk-0787,EC2,2026-09-01,USD,1.00
acct-alpha-prod,res-bulk-0788,EC2,2026-09-01,USD,1.00
acct-alpha-prod,res-bulk-0789,EC2,2026-09-01,USD,1.00
acct-alpha-prod,res-bulk-0790,EC2,2026-09-01,USD,1.00
acct-alpha-prod,res-bulk-0791,EC2,2026-09-01,USD,1.00
acct-alpha-prod,res-bulk-0792,EC2,2026-09-01,USD,1.00
acct-alpha-prod,res-bulk-0793,EC2,2026-09-01,USD,1.00
acct-alpha-prod,res-bulk-0794,EC2,2026-09-01,USD,1.00
acct-alpha-prod,res-bulk-0795,EC2,2026-09-01,USD,1.00
acct-alpha-prod,res-bulk-0796,EC2,2026-09-01,USD,1.00
acct-alpha-prod,res-bulk-0797,EC2,2026-09-01,USD,1.00
acct-alpha-prod,res-bulk-0798,EC2,2026-09-01,USD,1.00
acct-alpha-prod,res-bulk-0799,EC2,2026-09-01,USD,1.00
acct-alpha-prod,res-bulk-0800,EC2,2026-09-01,USD,1.00
acct-alpha-prod,res-bulk-0801,EC2,2026-09-01,USD,1.00
acct-alpha-prod,res-bulk-0802,EC2,2026-09-01,USD,1.00
acct-alpha-prod,res-bulk-0803,EC2,2026-09-01,USD,1.00
acct-alpha-prod,res-bulk-0804,EC2,2026-09-01,USD,1.00
acct-alpha-prod,res-bulk-0805,EC2,2026-09-01,USD,1.00
acct-alpha-prod,res-bulk-0806,EC2,2026-09-01,USD,1.00
acct-alpha-prod,res-bulk-0807,EC2,2026-09-01,USD,1.00
acct-alpha-prod,res-bulk-0808,EC2,2026-09-01,USD,1.00
acct-alpha-prod,res-bulk-0809,EC2,2026-09-01,USD,1.00
acct-alpha-prod,res-bulk-0810,EC2,2026-09-01,USD,1.00
acct-alpha-prod,res-bulk-0811,EC2,2026-09-01,USD,1.00
acct-alpha-prod,res-bulk-0812,EC2,2026-09-01,USD,1.00
acct-alpha-prod,res-bulk-0813,EC2,2026-09-01,USD,1.00
acct-alpha-prod,res-bulk-0814,EC2,2026-09-01,USD,1.00
acct-alpha-prod,res-bulk-0815,EC2,2026-09-01,USD,1.00
acct-alpha-prod,res-bulk-0816,EC2,2026-09-01,USD,1.00
acct-alpha-prod,res-bulk-0817,EC2,2026-09-01,USD,1.00
acct-alpha-prod,res-bulk-0818,EC2,2026-09-01,USD,1.00
acct-alpha-prod,res-bulk-0819,EC2,2026-09-01,USD,1.00
acct-alpha-prod,res-bulk-0820,EC2,2026-09-01,USD,1.00
acct-alpha-prod,res-bulk-0821,EC2,2026-09-01,USD,1.00
acct-alpha-prod,res-bulk-0822,EC2,2026-09-01,USD,1.00
acct-alpha-prod,res-bulk-0823,EC2,2026-09-01,USD,1.00
acct-alpha-prod,res-bulk-0824,EC2,2026-09-01,USD,1.00
acct-alpha-prod,res-bulk-0825,EC2,2026-09-01,USD,1.00
acct-alpha-prod,res-bulk-0826,EC2,2026-09-01,USD,1.00
acct-alpha-prod,res-bulk-0827,EC2,2026-09-01,USD,1.00
acct-alpha-prod,res-bulk-0828,EC2,2026-09-01,USD,1.00
acct-alpha-prod,res-bulk-0829,EC2,2026-09-01,USD,1.00
acct-alpha-prod,res-bulk-0830,EC2,2026-09-01,USD,1.00
acct-alpha-prod,res-bulk-0831,EC2,2026-09-01,USD,1.00
acct-alpha-prod,res-bulk-0832,EC2,2026-09-01,USD,1.00
acct-alpha-prod,res-bulk-0833,EC2,2026-09-01,USD,1.00
acct-alpha-prod,res-bulk-0834,EC2,2026-09-01,USD,1.00
acct-alpha-prod,res-bulk-0835,EC2,2026-09-01,USD,1.00
acct-alpha-prod,res-bulk-0836,EC2,2026-09-01,USD,1.00
acct-alpha-prod,res-bulk-0837,EC2,2026-09-01,USD,1.00
acct-alpha-prod,res-bulk-0838,EC2,2026-09-01,USD,1.00
acct-alpha-prod,res-bulk-0839,EC2,2026-09-01,USD,1.00
acct-alpha-prod,res-bulk-0840,EC2,2026-09-01,USD,1.00
acct-alpha-prod,res-bulk-0841,EC2,2026-09-01,USD,1.00
acct-alpha-prod,res-bulk-0842,EC2,2026-09-01,USD,1.00
acct-alpha-prod,res-bulk-0843,EC2,2026-09-01,USD,1.00
acct-alpha-prod,res-bulk-0844,EC2,2026-09-01,USD,1.00
acct-alpha-prod,res-bulk-0845,EC2,2026-09-01,USD,1.00
acct-alpha-prod,res-bulk-0846,EC2,2026-09-01,USD,1.00
acct-alpha-prod,res-bulk-0847,EC2,2026-09-01,USD,1.00
acct-alpha-prod,res-bulk-0848,EC2,2026-09-01,USD,1.00
acct-alpha-prod,res-bulk-0849,EC2,2026-09-01,USD,1.00
acct-alpha-prod,res-bulk-0850,EC2,2026-09-01,USD,1.00
acct-alpha-prod,res-bulk-0851,EC2,2026-09-01,USD,1.00
acct-alpha-prod,res-bulk-0852,EC2,2026-09-01,USD,1.00
acct-alpha-prod,res-bulk-0853,EC2,2026-09-01,USD,1.00
acct-alpha-prod,res-bulk-0854,EC2,2026-09-01,USD,1.00
acct-alpha-prod,res-bulk-0855,EC2,2026-09-01,USD,1.00
acct-alpha-prod,res-bulk-0856,EC2,2026-09-01,USD,1.00
acct-alpha-prod,res-bulk-0857,EC2,2026-09-01,USD,1.00
acct-alpha-prod,res-bulk-0858,EC2,2026-09-01,USD,1.00
acct-alpha-prod,res-bulk-0859,EC2,2026-09-01,USD,1.00
acct-alpha-prod,res-bulk-0860,EC2,2026-09-01,USD,1.00
acct-alpha-prod,res-bulk-0861,EC2,2026-09-01,USD,1.00
acct-alpha-prod,res-bulk-0862,EC2,2026-09-01,USD,1.00
acct-alpha-prod,res-bulk-0863,EC2,2026-09-01,USD,1.00
acct-alpha-prod,res-bulk-0864,EC2,2026-09-01,USD,1.00
acct-alpha-prod,res-bulk-0865,EC2,2026-09-01,USD,1.00
acct-alpha-prod,res-bulk-0866,EC2,2026-09-01,USD,1.00
acct-alpha-prod,res-bulk-0867,EC2,2026-09-01,USD,1.00
acct-alpha-prod,res-bulk-0868,EC2,2026-09-01,USD,1.00
acct-alpha-prod,res-bulk-0869,EC2,2026-09-01,USD,1.00
acct-alpha-prod,res-bulk-0870,EC2,2026-09-01,USD,1.00
acct-alpha-prod,res-bulk-0871,EC2,2026-09-01,USD,1.00
acct-alpha-prod,res-bulk-0872,EC2,2026-09-01,USD,1.00
acct-alpha-prod,res-bulk-0873,EC2,2026-09-01,USD,1.00
acct-alpha-prod,res-bulk-0874,EC2,2026-09-01,USD,1.00
acct-alpha-prod,res-bulk-0875,EC2,2026-09-01,USD,1.00
acct-alpha-prod,res-bulk-0876,EC2,2026-09-01,USD,1.00
acct-alpha-prod,res-bulk-0877,EC2,2026-09-01,USD,1.00
acct-alpha-prod,res-bulk-0878,EC2,2026-09-01,USD,1.00
acct-alpha-prod,res-bulk-0879,EC2,2026-09-01,USD,1.00
acct-alpha-prod,res-bulk-0880,EC2,2026-09-01,USD,1.00
acct-alpha-prod,res-bulk-0881,EC2,2026-09-01,USD,1.00
acct-alpha-prod,res-bulk-0882,EC2,2026-09-01,USD,1.00
acct-alpha-prod,res-bulk-0883,EC2,2026-09-01,USD,1.00
acct-alpha-prod,res-bulk-0884,EC2,2026-09-01,USD,1.00
acct-alpha-prod,res-bulk-0885,EC2,2026-09-01,USD,1.00
acct-alpha-prod,res-bulk-0886,EC2,2026-09-01,USD,1.00
acct-alpha-prod,res-bulk-0887,EC2,2026-09-01,USD,1.00
acct-alpha-prod,res-bulk-0888,EC2,2026-09-01,USD,1.00
acct-alpha-prod,res-bulk-0889,EC2,2026-09-01,USD,1.00
acct-alpha-prod,res-bulk-0890,EC2,2026-09-01,USD,1.00
acct-alpha-prod,res-bulk-0891,EC2,2026-09-01,USD,1.00
acct-alpha-prod,res-bulk-0892,EC2,2026-09-01,USD,1.00
acct-alpha-prod,res-bulk-0893,EC2,2026-09-01,USD,1.00
acct-alpha-prod,res-bulk-0894,EC2,2026-09-01,USD,1.00
acct-alpha-prod,res-bulk-0895,EC2,2026-09-01,USD,1.00
acct-alpha-prod,res-bulk-0896,EC2,2026-09-01,USD,1.00
acct-alpha-prod,res-bulk-0897,EC2,2026-09-01,USD,1.00
acct-alpha-prod,res-bulk-0898,EC2,2026-09-01,USD,1.00
acct-alpha-prod,res-bulk-0899,EC2,2026-09-01,USD,1.00
acct-alpha-prod,res-bulk-0900,EC2,2026-09-01,USD,1.00
acct-alpha-prod,res-bulk-0901,EC2,2026-09-01,USD,1.00
acct-alpha-prod,res-bulk-0902,EC2,2026-09-01,USD,1.00
acct-alpha-prod,res-bulk-0903,EC2,2026-09-01,USD,1.00
acct-alpha-prod,res-bulk-0904,EC2,2026-09-01,USD,1.00
acct-alpha-prod,res-bulk-0905,EC2,2026-09-01,USD,1.00
acct-alpha-prod,res-bulk-0906,EC2,2026-09-01,USD,1.00
acct-alpha-prod,res-bulk-0907,EC2,2026-09-01,USD,1.00
acct-alpha-prod,res-bulk-0908,EC2,2026-09-01,USD,1.00
acct-alpha-prod,res-bulk-0909,EC2,2026-09-01,USD,1.00
acct-alpha-prod,res-bulk-0910,EC2,2026-09-01,USD,1.00
acct-alpha-prod,res-bulk-0911,EC2,2026-09-01,USD,1.00
acct-alpha-prod,res-bulk-0912,EC2,2026-09-01,USD,1.00
acct-alpha-prod,res-bulk-0913,EC2,2026-09-01,USD,1.00
acct-alpha-prod,res-bulk-0914,EC2,2026-09-01,USD,1.00
acct-alpha-prod,res-bulk-0915,EC2,2026-09-01,USD,1.00
acct-alpha-prod,res-bulk-0916,EC2,2026-09-01,USD,1.00
acct-alpha-prod,res-bulk-0917,EC2,2026-09-01,USD,1.00
acct-alpha-prod,res-bulk-0918,EC2,2026-09-01,USD,1.00
acct-alpha-prod,res-bulk-0919,EC2,2026-09-01,USD,1.00
acct-alpha-prod,res-bulk-0920,EC2,2026-09-01,USD,1.00
acct-alpha-prod,res-bulk-0921,EC2,2026-09-01,USD,1.00
acct-alpha-prod,res-bulk-0922,EC2,2026-09-01,USD,1.00
acct-alpha-prod,res-bulk-0923,EC2,2026-09-01,USD,1.00
acct-alpha-prod,res-bulk-0924,EC2,2026-09-01,USD,1.00
acct-alpha-prod,res-bulk-0925,EC2,2026-09-01,USD,1.00
acct-alpha-prod,res-bulk-0926,EC2,2026-09-01,USD,1.00
acct-alpha-prod,res-bulk-0927,EC2,2026-09-01,USD,1.00
acct-alpha-prod,res-bulk-0928,EC2,2026-09-01,USD,1.00
acct-alpha-prod,res-bulk-0929,EC2,2026-09-01,USD,1.00
acct-alpha-prod,res-bulk-0930,EC2,2026-09-01,USD,1.00
acct-alpha-prod,res-bulk-0931,EC2,2026-09-01,USD,1.00
acct-alpha-prod,res-bulk-0932,EC2,2026-09-01,USD,1.00
acct-alpha-prod,res-bulk-0933,EC2,2026-09-01,USD,1.00
acct-alpha-prod,res-bulk-0934,EC2,2026-09-01,USD,1.00
acct-alpha-prod,res-bulk-0935,EC2,2026-09-01,USD,1.00
acct-alpha-prod,res-bulk-0936,EC2,2026-09-01,USD,1.00
acct-alpha-prod,res-bulk-0937,EC2,2026-09-01,USD,1.00
acct-alpha-prod,res-bulk-0938,EC2,2026-09-01,USD,1.00
acct-alpha-prod,res-bulk-0939,EC2,2026-09-01,USD,1.00
acct-alpha-prod,res-bulk-0940,EC2,2026-09-01,USD,1.00
acct-alpha-prod,res-bulk-0941,EC2,2026-09-01,USD,1.00
acct-alpha-prod,res-bulk-0942,EC2,2026-09-01,USD,1.00
acct-alpha-prod,res-bulk-0943,EC2,2026-09-01,USD,1.00
acct-alpha-prod,res-bulk-0944,EC2,2026-09-01,USD,1.00
acct-alpha-prod,res-bulk-0945,EC2,2026-09-01,USD,1.00
acct-alpha-prod,res-bulk-0946,EC2,2026-09-01,USD,1.00
acct-alpha-prod,res-bulk-0947,EC2,2026-09-01,USD,1.00
acct-alpha-prod,res-bulk-0948,EC2,2026-09-01,USD,1.00
acct-alpha-prod,res-bulk-0949,EC2,2026-09-01,USD,1.00
acct-alpha-prod,res-bulk-0950,EC2,2026-09-01,USD,1.00
acct-alpha-prod,res-bulk-0951,EC2,2026-09-01,USD,1.00
acct-alpha-prod,res-bulk-0952,EC2,2026-09-01,USD,1.00
acct-alpha-prod,res-bulk-0953,EC2,2026-09-01,USD,1.00
acct-alpha-prod,res-bulk-0954,EC2,2026-09-01,USD,1.00
acct-alpha-prod,res-bulk-0955,EC2,2026-09-01,USD,1.00
acct-alpha-prod,res-bulk-0956,EC2,2026-09-01,USD,1.00
acct-alpha-prod,res-bulk-0957,EC2,2026-09-01,USD,1.00
acct-alpha-prod,res-bulk-0958,EC2,2026-09-01,USD,1.00
acct-alpha-prod,res-bulk-0959,EC2,2026-09-01,USD,1.00
acct-alpha-prod,res-bulk-0960,EC2,2026-09-01,USD,1.00
acct-alpha-prod,res-bulk-0961,EC2,2026-09-01,USD,1.00
acct-alpha-prod,res-bulk-0962,EC2,2026-09-01,USD,1.00
acct-alpha-prod,res-bulk-0963,EC2,2026-09-01,USD,1.00
acct-alpha-prod,res-bulk-0964,EC2,2026-09-01,USD,1.00
acct-alpha-prod,res-bulk-0965,EC2,2026-09-01,USD,1.00
acct-alpha-prod,res-bulk-0966,EC2,2026-09-01,USD,1.00
acct-alpha-prod,res-bulk-0967,EC2,2026-09-01,USD,1.00
acct-alpha-prod,res-bulk-0968,EC2,2026-09-01,USD,1.00
acct-alpha-prod,res-bulk-0969,EC2,2026-09-01,USD,1.00
acct-alpha-prod,res-bulk-0970,EC2,2026-09-01,USD,1.00
acct-alpha-prod,res-bulk-0971,EC2,2026-09-01,USD,1.00
acct-alpha-prod,res-bulk-0972,EC2,2026-09-01,USD,1.00
acct-alpha-prod,res-bulk-0973,EC2,2026-09-01,USD,1.00
acct-alpha-prod,res-bulk-0974,EC2,2026-09-01,USD,1.00
acct-alpha-prod,res-bulk-0975,EC2,2026-09-01,USD,1.00
acct-alpha-prod,res-bulk-0976,EC2,2026-09-01,USD,1.00
acct-alpha-prod,res-bulk-0977,EC2,2026-09-01,USD,1.00
acct-alpha-prod,res-bulk-0978,EC2,2026-09-01,USD,1.00
acct-alpha-prod,res-bulk-0979,EC2,2026-09-01,USD,1.00
acct-alpha-prod,res-bulk-0980,EC2,2026-09-01,USD,1.00
acct-alpha-prod,res-bulk-0981,EC2,2026-09-01,USD,1.00
acct-alpha-prod,res-bulk-0982,EC2,2026-09-01,USD,1.00
acct-alpha-prod,res-bulk-0983,EC2,2026-09-01,USD,1.00
acct-alpha-prod,res-bulk-0984,EC2,2026-09-01,USD,1.00
acct-alpha-prod,res-bulk-0985,EC2,2026-09-01,USD,1.00
acct-alpha-prod,res-bulk-0986,EC2,2026-09-01,USD,1.00
acct-alpha-prod,res-bulk-0987,EC2,2026-09-01,USD,1.00
acct-alpha-prod,res-bulk-0988,EC2,2026-09-01,USD,1.00
acct-alpha-prod,res-bulk-0989,EC2,2026-09-01,USD,1.00
acct-alpha-prod,res-bulk-0990,EC2,2026-09-01,USD,1.00
acct-alpha-prod,res-bulk-0991,EC2,2026-09-01,USD,1.00
acct-alpha-prod,res-bulk-0992,EC2,2026-09-01,USD,1.00
acct-alpha-prod,res-bulk-0993,EC2,2026-09-01,USD,1.00
acct-alpha-prod,res-bulk-0994,EC2,2026-09-01,USD,1.00
acct-alpha-prod,res-bulk-0995,EC2,2026-09-01,USD,1.00
acct-alpha-prod,res-bulk-0996,EC2,2026-09-01,USD,1.00
acct-alpha-prod,res-bulk-0997,EC2,2026-09-01,USD,1.00
acct-alpha-prod,res-bulk-0998,EC2,2026-09-01,USD,1.00
acct-alpha-prod,res-bulk-0999,EC2,2026-09-01,USD,1.00
acct-alpha-prod,res-bulk-1000,EC2,2026-09-01,USD,1.00
acct-alpha-prod,res-bulk-1001,EC2,2026-09-01,USD,1.00
acct-alpha-prod,res-bulk-1002,EC2,2026-09-01,USD,1.00
acct-alpha-prod,res-bulk-1003,EC2,2026-09-01,USD,1.00
acct-alpha-prod,res-bulk-1004,EC2,2026-09-01,USD,1.00
acct-alpha-prod,res-bulk-1005,EC2,2026-09-01,USD,1.00
acct-alpha-prod,res-bulk-1006,EC2,2026-09-01,USD,1.00
acct-alpha-prod,res-bulk-1007,EC2,2026-09-01,USD,1.00
acct-alpha-prod,res-bulk-1008,EC2,2026-09-01,USD,1.00
acct-alpha-prod,res-bulk-1009,EC2,2026-09-01,USD,1.00
acct-alpha-prod,res-bulk-1010,EC2,2026-09-01,USD,1.00
acct-alpha-prod,res-bulk-1011,EC2,2026-09-01,USD,1.00
acct-alpha-prod,res-bulk-1012,EC2,2026-09-01,USD,1.00
acct-alpha-prod,res-bulk-1013,EC2,2026-09-01,USD,1.00
acct-alpha-prod,res-bulk-1014,EC2,2026-09-01,USD,1.00
acct-alpha-prod,res-bulk-1015,EC2,2026-09-01,USD,1.00
acct-alpha-prod,res-bulk-1016,EC2,2026-09-01,USD,1.00
acct-alpha-prod,res-bulk-1017,EC2,2026-09-01,USD,1.00
acct-alpha-prod,res-bulk-1018,EC2,2026-09-01,USD,1.00
acct-alpha-prod,res-bulk-1019,EC2,2026-09-01,USD,1.00
acct-alpha-prod,res-bulk-1020,EC2,2026-09-01,USD,1.00
acct-alpha-prod,res-bulk-1021,EC2,2026-09-01,USD,1.00
acct-alpha-prod,res-bulk-1022,EC2,2026-09-01,USD,1.00
acct-alpha-prod,res-bulk-1023,EC2,2026-09-01,USD,1.00
acct-alpha-prod,res-bulk-1024,EC2,2026-09-01,USD,1.00
acct-alpha-prod,res-bulk-1025,EC2,2026-09-01,USD,1.00
acct-alpha-prod,res-bulk-1026,EC2,2026-09-01,USD,1.00
acct-alpha-prod,res-bulk-1027,EC2,2026-09-01,USD,1.00
acct-alpha-prod,res-bulk-1028,EC2,2026-09-01,USD,1.00
acct-alpha-prod,res-bulk-1029,EC2,2026-09-01,USD,1.00
acct-alpha-prod,res-bulk-1030,EC2,2026-09-01,USD,1.00
acct-alpha-prod,res-bulk-1031,EC2,2026-09-01,USD,1.00
acct-alpha-prod,res-bulk-1032,EC2,2026-09-01,USD,1.00
acct-alpha-prod,res-bulk-1033,EC2,2026-09-01,USD,1.00
acct-alpha-prod,res-bulk-1034,EC2,2026-09-01,USD,1.00
acct-alpha-prod,res-bulk-1035,EC2,2026-09-01,USD,1.00
acct-alpha-prod,res-bulk-1036,EC2,2026-09-01,USD,1.00
acct-alpha-prod,res-bulk-1037,EC2,2026-09-01,USD,1.00
acct-alpha-prod,res-bulk-1038,EC2,2026-09-01,USD,1.00
acct-alpha-prod,res-bulk-1039,EC2,2026-09-01,USD,1.00
acct-alpha-prod,res-bulk-1040,EC2,2026-09-01,USD,1.00
acct-alpha-prod,res-bulk-1041,EC2,2026-09-01,USD,1.00
acct-alpha-prod,res-bulk-1042,EC2,2026-09-01,USD,1.00
acct-alpha-prod,res-bulk-1043,EC2,2026-09-01,USD,1.00
acct-alpha-prod,res-bulk-1044,EC2,2026-09-01,USD,1.00
acct-alpha-prod,res-bulk-1045,EC2,2026-09-01,USD,1.00
acct-alpha-prod,res-bulk-1046,EC2,2026-09-01,USD,1.00
acct-alpha-prod,res-bulk-1047,EC2,2026-09-01,USD,1.00
acct-alpha-prod,res-bulk-1048,EC2,2026-09-01,USD,1.00
acct-alpha-prod,res-bulk-1049,EC2,2026-09-01,USD,1.00
acct-alpha-prod,res-bulk-1050,EC2,2026-09-01,USD,1.00
acct-alpha-prod,res-bulk-1051,EC2,2026-09-01,USD,1.00
acct-alpha-prod,res-bulk-1052,EC2,2026-09-01,USD,1.00
acct-alpha-prod,res-bulk-1053,EC2,2026-09-01,USD,1.00
acct-alpha-prod,res-bulk-1054,EC2,2026-09-01,USD,1.00
acct-alpha-prod,res-bulk-1055,EC2,2026-09-01,USD,1.00
acct-alpha-prod,res-bulk-1056,EC2,2026-09-01,USD,1.00
acct-alpha-prod,res-bulk-1057,EC2,2026-09-01,USD,1.00
acct-alpha-prod,res-bulk-1058,EC2,2026-09-01,USD,1.00
acct-alpha-prod,res-bulk-1059,EC2,2026-09-01,USD,1.00
acct-alpha-prod,res-bulk-1060,EC2,2026-09-01,USD,1.00
acct-alpha-prod,res-bulk-1061,EC2,2026-09-01,USD,1.00
acct-alpha-prod,res-bulk-1062,EC2,2026-09-01,USD,1.00
acct-alpha-prod,res-bulk-1063,EC2,2026-09-01,USD,1.00
acct-alpha-prod,res-bulk-1064,EC2,2026-09-01,USD,1.00
acct-alpha-prod,res-bulk-1065,EC2,2026-09-01,USD,1.00
acct-alpha-prod,res-bulk-1066,EC2,2026-09-01,USD,1.00
acct-alpha-prod,res-bulk-1067,EC2,2026-09-01,USD,1.00
acct-alpha-prod,res-bulk-1068,EC2,2026-09-01,USD,1.00
acct-alpha-prod,res-bulk-1069,EC2,2026-09-01,USD,1.00
acct-alpha-prod,res-bulk-1070,EC2,2026-09-01,USD,1.00
acct-alpha-prod,res-bulk-1071,EC2,2026-09-01,USD,1.00
acct-alpha-prod,res-bulk-1072,EC2,2026-09-01,USD,1.00
acct-alpha-prod,res-bulk-1073,EC2,2026-09-01,USD,1.00
acct-alpha-prod,res-bulk-1074,EC2,2026-09-01,USD,1.00
acct-alpha-prod,res-bulk-1075,EC2,2026-09-01,USD,1.00
acct-alpha-prod,res-bulk-1076,EC2,2026-09-01,USD,1.00
acct-alpha-prod,res-bulk-1077,EC2,2026-09-01,USD,1.00
acct-alpha-prod,res-bulk-1078,EC2,2026-09-01,USD,1.00
acct-alpha-prod,res-bulk-1079,EC2,2026-09-01,USD,1.00
acct-alpha-prod,res-bulk-1080,EC2,2026-09-01,USD,1.00
acct-alpha-prod,res-bulk-1081,EC2,2026-09-01,USD,1.00
acct-alpha-prod,res-bulk-1082,EC2,2026-09-01,USD,1.00
acct-alpha-prod,res-bulk-1083,EC2,2026-09-01,USD,1.00
acct-alpha-prod,res-bulk-1084,EC2,2026-09-01,USD,1.00
acct-alpha-prod,res-bulk-1085,EC2,2026-09-01,USD,1.00
acct-alpha-prod,res-bulk-1086,EC2,2026-09-01,USD,1.00
acct-alpha-prod,res-bulk-1087,EC2,2026-09-01,USD,1.00
acct-alpha-prod,res-bulk-1088,EC2,2026-09-01,USD,1.00
acct-alpha-prod,res-bulk-1089,EC2,2026-09-01,USD,1.00
acct-alpha-prod,res-bulk-1090,EC2,2026-09-01,USD,1.00
acct-alpha-prod,res-bulk-1091,EC2,2026-09-01,USD,1.00
acct-alpha-prod,res-bulk-1092,EC2,2026-09-01,USD,1.00
acct-alpha-prod,res-bulk-1093,EC2,2026-09-01,USD,1.00
acct-alpha-prod,res-bulk-1094,EC2,2026-09-01,USD,1.00
acct-alpha-prod,res-bulk-1095,EC2,2026-09-01,USD,1.00
acct-alpha-prod,res-bulk-1096,EC2,2026-09-01,USD,1.00
acct-alpha-prod,res-bulk-1097,EC2,2026-09-01,USD,1.00
acct-alpha-prod,res-bulk-1098,EC2,2026-09-01,USD,1.00
acct-alpha-prod,res-bulk-1099,EC2,2026-09-01,USD,1.00
acct-alpha-prod,res-bulk-1100,EC2,2026-09-01,USD,1.00
acct-alpha-prod,res-bulk-1101,EC2,2026-09-01,USD,1.00
acct-alpha-prod,res-bulk-1102,EC2,2026-09-01,USD,1.00
acct-alpha-prod,res-bulk-1103,EC2,2026-09-01,USD,1.00
acct-alpha-prod,res-bulk-1104,EC2,2026-09-01,USD,1.00
acct-alpha-prod,res-bulk-1105,EC2,2026-09-01,USD,1.00
acct-alpha-prod,res-bulk-1106,EC2,2026-09-01,USD,1.00
acct-alpha-prod,res-bulk-1107,EC2,2026-09-01,USD,1.00
acct-alpha-prod,res-bulk-1108,EC2,2026-09-01,USD,1.00
acct-alpha-prod,res-bulk-1109,EC2,2026-09-01,USD,1.00
acct-alpha-prod,res-bulk-1110,EC2,2026-09-01,USD,1.00
acct-alpha-prod,res-bulk-1111,EC2,2026-09-01,USD,1.00
acct-alpha-prod,res-bulk-1112,EC2,2026-09-01,USD,1.00
acct-alpha-prod,res-bulk-1113,EC2,2026-09-01,USD,1.00
acct-alpha-prod,res-bulk-1114,EC2,2026-09-01,USD,1.00
acct-alpha-prod,res-bulk-1115,EC2,2026-09-01,USD,1.00
acct-alpha-prod,res-bulk-1116,EC2,2026-09-01,USD,1.00
acct-alpha-prod,res-bulk-1117,EC2,2026-09-01,USD,1.00
acct-alpha-prod,res-bulk-1118,EC2,2026-09-01,USD,1.00
acct-alpha-prod,res-bulk-1119,EC2,2026-09-01,USD,1.00
acct-alpha-prod,res-bulk-1120,EC2,2026-09-01,USD,1.00
acct-alpha-prod,res-bulk-1121,EC2,2026-09-01,USD,1.00
acct-alpha-prod,res-bulk-1122,EC2,2026-09-01,USD,1.00
acct-alpha-prod,res-bulk-1123,EC2,2026-09-01,USD,1.00
acct-alpha-prod,res-bulk-1124,EC2,2026-09-01,USD,1.00
acct-alpha-prod,res-bulk-1125,EC2,2026-09-01,USD,1.00
acct-alpha-prod,res-bulk-1126,EC2,2026-09-01,USD,1.00
acct-alpha-prod,res-bulk-1127,EC2,2026-09-01,USD,1.00
acct-alpha-prod,res-bulk-1128,EC2,2026-09-01,USD,1.00
acct-alpha-prod,res-bulk-1129,EC2,2026-09-01,USD,1.00
acct-alpha-prod,res-bulk-1130,EC2,2026-09-01,USD,1.00
acct-alpha-prod,res-bulk-1131,EC2,2026-09-01,USD,1.00
acct-alpha-prod,res-bulk-1132,EC2,2026-09-01,USD,1.00
acct-alpha-prod,res-bulk-1133,EC2,2026-09-01,USD,1.00
acct-alpha-prod,res-bulk-1134,EC2,2026-09-01,USD,1.00
acct-alpha-prod,res-bulk-1135,EC2,2026-09-01,USD,1.00
acct-alpha-prod,res-bulk-1136,EC2,2026-09-01,USD,1.00
acct-alpha-prod,res-bulk-1137,EC2,2026-09-01,USD,1.00
acct-alpha-prod,res-bulk-1138,EC2,2026-09-01,USD,1.00
acct-alpha-prod,res-bulk-1139,EC2,2026-09-01,USD,1.00
acct-alpha-prod,res-bulk-1140,EC2,2026-09-01,USD,1.00
acct-alpha-prod,res-bulk-1141,EC2,2026-09-01,USD,1.00
acct-alpha-prod,res-bulk-1142,EC2,2026-09-01,USD,1.00
acct-alpha-prod,res-bulk-1143,EC2,2026-09-01,USD,1.00
acct-alpha-prod,res-bulk-1144,EC2,2026-09-01,USD,1.00
acct-alpha-prod,res-bulk-1145,EC2,2026-09-01,USD,1.00
acct-alpha-prod,res-bulk-1146,EC2,2026-09-01,USD,1.00
acct-alpha-prod,res-bulk-1147,EC2,2026-09-01,USD,1.00
acct-alpha-prod,res-bulk-1148,EC2,2026-09-01,USD,1.00
acct-alpha-prod,res-bulk-1149,EC2,2026-09-01,USD,1.00
acct-alpha-prod,res-bulk-1150,EC2,2026-09-01,USD,1.00
acct-alpha-prod,res-bulk-1151,EC2,2026-09-01,USD,1.00
acct-alpha-prod,res-bulk-1152,EC2,2026-09-01,USD,1.00
acct-alpha-prod,res-bulk-1153,EC2,2026-09-01,USD,1.00
acct-alpha-prod,res-bulk-1154,EC2,2026-09-01,USD,1.00
acct-alpha-prod,res-bulk-1155,EC2,2026-09-01,USD,1.00
acct-alpha-prod,res-bulk-1156,EC2,2026-09-01,USD,1.00
acct-alpha-prod,res-bulk-1157,EC2,2026-09-01,USD,1.00
acct-alpha-prod,res-bulk-1158,EC2,2026-09-01,USD,1.00
acct-alpha-prod,res-bulk-1159,EC2,2026-09-01,USD,1.00
acct-alpha-prod,res-bulk-1160,EC2,2026-09-01,USD,1.00
acct-alpha-prod,res-bulk-1161,EC2,2026-09-01,USD,1.00
acct-alpha-prod,res-bulk-1162,EC2,2026-09-01,USD,1.00
acct-alpha-prod,res-bulk-1163,EC2,2026-09-01,USD,1.00
acct-alpha-prod,res-bulk-1164,EC2,2026-09-01,USD,1.00
acct-alpha-prod,res-bulk-1165,EC2,2026-09-01,USD,1.00
acct-alpha-prod,res-bulk-1166,EC2,2026-09-01,USD,1.00
acct-alpha-prod,res-bulk-1167,EC2,2026-09-01,USD,1.00
acct-alpha-prod,res-bulk-1168,EC2,2026-09-01,USD,1.00
acct-alpha-prod,res-bulk-1169,EC2,2026-09-01,USD,1.00
acct-alpha-prod,res-bulk-1170,EC2,2026-09-01,USD,1.00
acct-alpha-prod,res-bulk-1171,EC2,2026-09-01,USD,1.00
acct-alpha-prod,res-bulk-1172,EC2,2026-09-01,USD,1.00
acct-alpha-prod,res-bulk-1173,EC2,2026-09-01,USD,1.00
acct-alpha-prod,res-bulk-1174,EC2,2026-09-01,USD,1.00
acct-alpha-prod,res-bulk-1175,EC2,2026-09-01,USD,1.00
acct-alpha-prod,res-bulk-1176,EC2,2026-09-01,USD,1.00
acct-alpha-prod,res-bulk-1177,EC2,2026-09-01,USD,1.00
acct-alpha-prod,res-bulk-1178,EC2,2026-09-01,USD,1.00
acct-alpha-prod,res-bulk-1179,EC2,2026-09-01,USD,1.00
acct-alpha-prod,res-bulk-1180,EC2,2026-09-01,USD,1.00
acct-alpha-prod,res-bulk-1181,EC2,2026-09-01,USD,1.00
acct-alpha-prod,res-bulk-1182,EC2,2026-09-01,USD,1.00
acct-alpha-prod,res-bulk-1183,EC2,2026-09-01,USD,1.00
acct-alpha-prod,res-bulk-1184,EC2,2026-09-01,USD,1.00
acct-alpha-prod,res-bulk-1185,EC2,2026-09-01,USD,1.00
acct-alpha-prod,res-bulk-1186,EC2,2026-09-01,USD,1.00
acct-alpha-prod,res-bulk-1187,EC2,2026-09-01,USD,1.00
acct-alpha-prod,res-bulk-1188,EC2,2026-09-01,USD,1.00
acct-alpha-prod,res-bulk-1189,EC2,2026-09-01,USD,1.00
acct-alpha-prod,res-bulk-1190,EC2,2026-09-01,USD,1.00
acct-alpha-prod,res-bulk-1191,EC2,2026-09-01,USD,1.00
acct-alpha-prod,res-bulk-1192,EC2,2026-09-01,USD,1.00
acct-alpha-prod,res-bulk-1193,EC2,2026-09-01,USD,1.00
acct-alpha-prod,res-bulk-1194,EC2,2026-09-01,USD,1.00
acct-alpha-prod,res-bulk-1195,EC2,2026-09-01,USD,1.00
acct-alpha-prod,res-bulk-1196,EC2,2026-09-01,USD,1.00
acct-alpha-prod,res-bulk-1197,EC2,2026-09-01,USD,1.00
acct-alpha-prod,res-bulk-1198,EC2,2026-09-01,USD,1.00
acct-alpha-prod,res-bulk-1199,EC2,2026-09-01,USD,1.00
acct-alpha-prod,res-bulk-1200,EC2,2026-09-01,USD,1.00
acct-alpha-prod,res-bulk-1201,EC2,2026-09-01,USD,1.00
acct-alpha-prod,res-bulk-1202,EC2,2026-09-01,USD,1.00
acct-alpha-prod,res-bulk-1203,EC2,2026-09-01,USD,1.00
acct-alpha-prod,res-bulk-1204,EC2,2026-09-01,USD,1.00
acct-alpha-prod,res-bulk-1205,EC2,2026-09-01,USD,1.00
acct-alpha-prod,res-bulk-1206,EC2,2026-09-01,USD,1.00
acct-alpha-prod,res-bulk-1207,EC2,2026-09-01,USD,1.00
acct-alpha-prod,res-bulk-1208,EC2,2026-09-01,USD,1.00
acct-alpha-prod,res-bulk-1209,EC2,2026-09-01,USD,1.00
acct-alpha-prod,res-bulk-1210,EC2,2026-09-01,USD,1.00
acct-alpha-prod,res-bulk-1211,EC2,2026-09-01,USD,1.00
acct-alpha-prod,res-bulk-1212,EC2,2026-09-01,USD,1.00
acct-alpha-prod,res-bulk-1213,EC2,2026-09-01,USD,1.00
acct-alpha-prod,res-bulk-1214,EC2,2026-09-01,USD,1.00
acct-alpha-prod,res-bulk-1215,EC2,2026-09-01,USD,1.00
acct-alpha-prod,res-bulk-1216,EC2,2026-09-01,USD,1.00
acct-alpha-prod,res-bulk-1217,EC2,2026-09-01,USD,1.00
acct-alpha-prod,res-bulk-1218,EC2,2026-09-01,USD,1.00
acct-alpha-prod,res-bulk-1219,EC2,2026-09-01,USD,1.00
acct-alpha-prod,res-bulk-1220,EC2,2026-09-01,USD,1.00
acct-alpha-prod,res-bulk-1221,EC2,2026-09-01,USD,1.00
acct-alpha-prod,res-bulk-1222,EC2,2026-09-01,USD,1.00
acct-alpha-prod,res-bulk-1223,EC2,2026-09-01,USD,1.00
acct-alpha-prod,res-bulk-1224,EC2,2026-09-01,USD,1.00
acct-alpha-prod,res-bulk-1225,EC2,2026-09-01,USD,1.00
acct-alpha-prod,res-bulk-1226,EC2,2026-09-01,USD,1.00
acct-alpha-prod,res-bulk-1227,EC2,2026-09-01,USD,1.00
acct-alpha-prod,res-bulk-1228,EC2,2026-09-01,USD,1.00
acct-alpha-prod,res-bulk-1229,EC2,2026-09-01,USD,1.00
acct-alpha-prod,res-bulk-1230,EC2,2026-09-01,USD,1.00
acct-alpha-prod,res-bulk-1231,EC2,2026-09-01,USD,1.00
acct-alpha-prod,res-bulk-1232,EC2,2026-09-01,USD,1.00
acct-alpha-prod,res-bulk-1233,EC2,2026-09-01,USD,1.00
acct-alpha-prod,res-bulk-1234,EC2,2026-09-01,USD,1.00
acct-alpha-prod,res-bulk-1235,EC2,2026-09-01,USD,1.00
acct-alpha-prod,res-bulk-1236,EC2,2026-09-01,USD,1.00
acct-alpha-prod,res-bulk-1237,EC2,2026-09-01,USD,1.00
acct-alpha-prod,res-bulk-1238,EC2,2026-09-01,USD,1.00
acct-alpha-prod,res-bulk-1239,EC2,2026-09-01,USD,1.00
acct-alpha-prod,res-bulk-1240,EC2,2026-09-01,USD,1.00
acct-alpha-prod,res-bulk-1241,EC2,2026-09-01,USD,1.00
acct-alpha-prod,res-bulk-1242,EC2,2026-09-01,USD,1.00
acct-alpha-prod,res-bulk-1243,EC2,2026-09-01,USD,1.00
acct-alpha-prod,res-bulk-1244,EC2,2026-09-01,USD,1.00
acct-alpha-prod,res-bulk-1245,EC2,2026-09-01,USD,1.00
acct-alpha-prod,res-bulk-1246,EC2,2026-09-01,USD,1.00
acct-alpha-prod,res-bulk-1247,EC2,2026-09-01,USD,1.00
acct-alpha-prod,res-bulk-1248,EC2,2026-09-01,USD,1.00
acct-alpha-prod,res-bulk-1249,EC2,2026-09-01,USD,1.00
acct-alpha-prod,res-bulk-1250,EC2,2026-09-01,USD,1.00
acct-alpha-prod,res-bulk-1251,EC2,2026-09-01,USD,1.00
acct-alpha-prod,res-bulk-1252,EC2,2026-09-01,USD,1.00
acct-alpha-prod,res-bulk-1253,EC2,2026-09-01,USD,1.00
acct-alpha-prod,res-bulk-1254,EC2,2026-09-01,USD,1.00
acct-alpha-prod,res-bulk-1255,EC2,2026-09-01,USD,1.00
acct-alpha-prod,res-bulk-1256,EC2,2026-09-01,USD,1.00
acct-alpha-prod,res-bulk-1257,EC2,2026-09-01,USD,1.00
acct-alpha-prod,res-bulk-1258,EC2,2026-09-01,USD,1.00
acct-alpha-prod,res-bulk-1259,EC2,2026-09-01,USD,1.00
acct-alpha-prod,res-bulk-1260,EC2,2026-09-01,USD,1.00
acct-alpha-prod,res-bulk-1261,EC2,2026-09-01,USD,1.00
acct-alpha-prod,res-bulk-1262,EC2,2026-09-01,USD,1.00
acct-alpha-prod,res-bulk-1263,EC2,2026-09-01,USD,1.00
acct-alpha-prod,res-bulk-1264,EC2,2026-09-01,USD,1.00
acct-alpha-prod,res-bulk-1265,EC2,2026-09-01,USD,1.00
acct-alpha-prod,res-bulk-1266,EC2,2026-09-01,USD,1.00
acct-alpha-prod,res-bulk-1267,EC2,2026-09-01,USD,1.00
acct-alpha-prod,res-bulk-1268,EC2,2026-09-01,USD,1.00
acct-alpha-prod,res-bulk-1269,EC2,2026-09-01,USD,1.00
acct-alpha-prod,res-bulk-1270,EC2,2026-09-01,USD,1.00
acct-alpha-prod,res-bulk-1271,EC2,2026-09-01,USD,1.00
acct-alpha-prod,res-bulk-1272,EC2,2026-09-01,USD,1.00
acct-alpha-prod,res-bulk-1273,EC2,2026-09-01,USD,1.00
acct-alpha-prod,res-bulk-1274,EC2,2026-09-01,USD,1.00
acct-alpha-prod,res-bulk-1275,EC2,2026-09-01,USD,1.00
acct-alpha-prod,res-bulk-1276,EC2,2026-09-01,USD,1.00
acct-alpha-prod,res-bulk-1277,EC2,2026-09-01,USD,1.00
acct-alpha-prod,res-bulk-1278,EC2,2026-09-01,USD,1.00
acct-alpha-prod,res-bulk-1279,EC2,2026-09-01,USD,1.00
acct-alpha-prod,res-bulk-1280,EC2,2026-09-01,USD,1.00
acct-alpha-prod,res-bulk-1281,EC2,2026-09-01,USD,1.00
acct-alpha-prod,res-bulk-1282,EC2,2026-09-01,USD,1.00
acct-alpha-prod,res-bulk-1283,EC2,2026-09-01,USD,1.00
acct-alpha-prod,res-bulk-1284,EC2,2026-09-01,USD,1.00
acct-alpha-prod,res-bulk-1285,EC2,2026-09-01,USD,1.00
acct-alpha-prod,res-bulk-1286,EC2,2026-09-01,USD,1.00
acct-alpha-prod,res-bulk-1287,EC2,2026-09-01,USD,1.00
acct-alpha-prod,res-bulk-1288,EC2,2026-09-01,USD,1.00
acct-alpha-prod,res-bulk-1289,EC2,2026-09-01,USD,1.00
acct-alpha-prod,res-bulk-1290,EC2,2026-09-01,USD,1.00
acct-alpha-prod,res-bulk-1291,EC2,2026-09-01,USD,1.00
acct-alpha-prod,res-bulk-1292,EC2,2026-09-01,USD,1.00
acct-alpha-prod,res-bulk-1293,EC2,2026-09-01,USD,1.00
acct-alpha-prod,res-bulk-1294,EC2,2026-09-01,USD,1.00
acct-alpha-prod,res-bulk-1295,EC2,2026-09-01,USD,1.00
acct-alpha-prod,res-bulk-1296,EC2,2026-09-01,USD,1.00
acct-alpha-prod,res-bulk-1297,EC2,2026-09-01,USD,1.00
acct-alpha-prod,res-bulk-1298,EC2,2026-09-01,USD,1.00
acct-alpha-prod,res-bulk-1299,EC2,2026-09-01,USD,1.00
acct-alpha-prod,res-bulk-1300,EC2,2026-09-01,USD,1.00
acct-alpha-prod,res-bulk-1301,EC2,2026-09-01,USD,1.00
acct-alpha-prod,res-bulk-1302,EC2,2026-09-01,USD,1.00
acct-alpha-prod,res-bulk-1303,EC2,2026-09-01,USD,1.00
acct-alpha-prod,res-bulk-1304,EC2,2026-09-01,USD,1.00
acct-alpha-prod,res-bulk-1305,EC2,2026-09-01,USD,1.00
acct-alpha-prod,res-bulk-1306,EC2,2026-09-01,USD,1.00
acct-alpha-prod,res-bulk-1307,EC2,2026-09-01,USD,1.00
acct-alpha-prod,res-bulk-1308,EC2,2026-09-01,USD,1.00
acct-alpha-prod,res-bulk-1309,EC2,2026-09-01,USD,1.00
acct-alpha-prod,res-bulk-1310,EC2,2026-09-01,USD,1.00
acct-alpha-prod,res-bulk-1311,EC2,2026-09-01,USD,1.00
acct-alpha-prod,res-bulk-1312,EC2,2026-09-01,USD,1.00
acct-alpha-prod,res-bulk-1313,EC2,2026-09-01,USD,1.00
acct-alpha-prod,res-bulk-1314,EC2,2026-09-01,USD,1.00
acct-alpha-prod,res-bulk-1315,EC2,2026-09-01,USD,1.00
acct-alpha-prod,res-bulk-1316,EC2,2026-09-01,USD,1.00
acct-alpha-prod,res-bulk-1317,EC2,2026-09-01,USD,1.00
acct-alpha-prod,res-bulk-1318,EC2,2026-09-01,USD,1.00
acct-alpha-prod,res-bulk-1319,EC2,2026-09-01,USD,1.00
acct-alpha-prod,res-bulk-1320,EC2,2026-09-01,USD,1.00
acct-alpha-prod,res-bulk-1321,EC2,2026-09-01,USD,1.00
acct-alpha-prod,res-bulk-1322,EC2,2026-09-01,USD,1.00
acct-alpha-prod,res-bulk-1323,EC2,2026-09-01,USD,1.00
acct-alpha-prod,res-bulk-1324,EC2,2026-09-01,USD,1.00
acct-alpha-prod,res-bulk-1325,EC2,2026-09-01,USD,1.00
acct-alpha-prod,res-bulk-1326,EC2,2026-09-01,USD,1.00
acct-alpha-prod,res-bulk-1327,EC2,2026-09-01,USD,1.00
acct-alpha-prod,res-bulk-1328,EC2,2026-09-01,USD,1.00
acct-alpha-prod,res-bulk-1329,EC2,2026-09-01,USD,1.00
acct-alpha-prod,res-bulk-1330,EC2,2026-09-01,USD,1.00
acct-alpha-prod,res-bulk-1331,EC2,2026-09-01,USD,1.00
acct-alpha-prod,res-bulk-1332,EC2,2026-09-01,USD,1.00
acct-alpha-prod,res-bulk-1333,EC2,2026-09-01,USD,1.00
acct-alpha-prod,res-bulk-1334,EC2,2026-09-01,USD,1.00
acct-alpha-prod,res-bulk-1335,EC2,2026-09-01,USD,1.00
acct-alpha-prod,res-bulk-1336,EC2,2026-09-01,USD,1.00
acct-alpha-prod,res-bulk-1337,EC2,2026-09-01,USD,1.00
acct-alpha-prod,res-bulk-1338,EC2,2026-09-01,USD,1.00
acct-alpha-prod,res-bulk-1339,EC2,2026-09-01,USD,1.00
acct-alpha-prod,res-bulk-1340,EC2,2026-09-01,USD,1.00
acct-alpha-prod,res-bulk-1341,EC2,2026-09-01,USD,1.00
acct-alpha-prod,res-bulk-1342,EC2,2026-09-01,USD,1.00
acct-alpha-prod,res-bulk-1343,EC2,2026-09-01,USD,1.00
acct-alpha-prod,res-bulk-1344,EC2,2026-09-01,USD,1.00
acct-alpha-prod,res-bulk-1345,EC2,2026-09-01,USD,1.00
acct-alpha-prod,res-bulk-1346,EC2,2026-09-01,USD,1.00
acct-alpha-prod,res-bulk-1347,EC2,2026-09-01,USD,1.00
acct-alpha-prod,res-bulk-1348,EC2,2026-09-01,USD,1.00
acct-alpha-prod,res-bulk-1349,EC2,2026-09-01,USD,1.00
acct-alpha-prod,res-bulk-1350,EC2,2026-09-01,USD,1.00
acct-alpha-prod,res-bulk-1351,EC2,2026-09-01,USD,1.00
acct-alpha-prod,res-bulk-1352,EC2,2026-09-01,USD,1.00
acct-alpha-prod,res-bulk-1353,EC2,2026-09-01,USD,1.00
acct-alpha-prod,res-bulk-1354,EC2,2026-09-01,USD,1.00
acct-alpha-prod,res-bulk-1355,EC2,2026-09-01,USD,1.00
acct-alpha-prod,res-bulk-1356,EC2,2026-09-01,USD,1.00
acct-alpha-prod,res-bulk-1357,EC2,2026-09-01,USD,1.00
acct-alpha-prod,res-bulk-1358,EC2,2026-09-01,USD,1.00
acct-alpha-prod,res-bulk-1359,EC2,2026-09-01,USD,1.00
acct-alpha-prod,res-bulk-1360,EC2,2026-09-01,USD,1.00
acct-alpha-prod,res-bulk-1361,EC2,2026-09-01,USD,1.00
acct-alpha-prod,res-bulk-1362,EC2,2026-09-01,USD,1.00
acct-alpha-prod,res-bulk-1363,EC2,2026-09-01,USD,1.00
acct-alpha-prod,res-bulk-1364,EC2,2026-09-01,USD,1.00
acct-alpha-prod,res-bulk-1365,EC2,2026-09-01,USD,1.00
acct-alpha-prod,res-bulk-1366,EC2,2026-09-01,USD,1.00
acct-alpha-prod,res-bulk-1367,EC2,2026-09-01,USD,1.00
acct-alpha-prod,res-bulk-1368,EC2,2026-09-01,USD,1.00
acct-alpha-prod,res-bulk-1369,EC2,2026-09-01,USD,1.00
acct-alpha-prod,res-bulk-1370,EC2,2026-09-01,USD,1.00
acct-alpha-prod,res-bulk-1371,EC2,2026-09-01,USD,1.00
acct-alpha-prod,res-bulk-1372,EC2,2026-09-01,USD,1.00
acct-alpha-prod,res-bulk-1373,EC2,2026-09-01,USD,1.00
acct-alpha-prod,res-bulk-1374,EC2,2026-09-01,USD,1.00
acct-alpha-prod,res-bulk-1375,EC2,2026-09-01,USD,1.00
acct-alpha-prod,res-bulk-1376,EC2,2026-09-01,USD,1.00
acct-alpha-prod,res-bulk-1377,EC2,2026-09-01,USD,1.00
acct-alpha-prod,res-bulk-1378,EC2,2026-09-01,USD,1.00
acct-alpha-prod,res-bulk-1379,EC2,2026-09-01,USD,1.00
acct-alpha-prod,res-bulk-1380,EC2,2026-09-01,USD,1.00
acct-alpha-prod,res-bulk-1381,EC2,2026-09-01,USD,1.00
acct-alpha-prod,res-bulk-1382,EC2,2026-09-01,USD,1.00
acct-alpha-prod,res-bulk-1383,EC2,2026-09-01,USD,1.00
acct-alpha-prod,res-bulk-1384,EC2,2026-09-01,USD,1.00
acct-alpha-prod,res-bulk-1385,EC2,2026-09-01,USD,1.00
acct-alpha-prod,res-bulk-1386,EC2,2026-09-01,USD,1.00
acct-alpha-prod,res-bulk-1387,EC2,2026-09-01,USD,1.00
acct-alpha-prod,res-bulk-1388,EC2,2026-09-01,USD,1.00
acct-alpha-prod,res-bulk-1389,EC2,2026-09-01,USD,1.00
acct-alpha-prod,res-bulk-1390,EC2,2026-09-01,USD,1.00
acct-alpha-prod,res-bulk-1391,EC2,2026-09-01,USD,1.00
acct-alpha-prod,res-bulk-1392,EC2,2026-09-01,USD,1.00
acct-alpha-prod,res-bulk-1393,EC2,2026-09-01,USD,1.00
acct-alpha-prod,res-bulk-1394,EC2,2026-09-01,USD,1.00
acct-alpha-prod,res-bulk-1395,EC2,2026-09-01,USD,1.00
acct-alpha-prod,res-bulk-1396,EC2,2026-09-01,USD,1.00
acct-alpha-prod,res-bulk-1397,EC2,2026-09-01,USD,1.00
acct-alpha-prod,res-bulk-1398,EC2,2026-09-01,USD,1.00
acct-alpha-prod,res-bulk-1399,EC2,2026-09-01,USD,1.00
acct-alpha-prod,res-bulk-1400,EC2,2026-09-01,USD,1.00
acct-alpha-prod,res-bulk-1401,EC2,2026-09-01,USD,1.00
acct-alpha-prod,res-bulk-1402,EC2,2026-09-01,USD,1.00
acct-alpha-prod,res-bulk-1403,EC2,2026-09-01,USD,1.00
acct-alpha-prod,res-bulk-1404,EC2,2026-09-01,USD,1.00
acct-alpha-prod,res-bulk-1405,EC2,2026-09-01,USD,1.00
acct-alpha-prod,res-bulk-1406,EC2,2026-09-01,USD,1.00
acct-alpha-prod,res-bulk-1407,EC2,2026-09-01,USD,1.00
acct-alpha-prod,res-bulk-1408,EC2,2026-09-01,USD,1.00
acct-alpha-prod,res-bulk-1409,EC2,2026-09-01,USD,1.00
acct-alpha-prod,res-bulk-1410,EC2,2026-09-01,USD,1.00
acct-alpha-prod,res-bulk-1411,EC2,2026-09-01,USD,1.00
acct-alpha-prod,res-bulk-1412,EC2,2026-09-01,USD,1.00
acct-alpha-prod,res-bulk-1413,EC2,2026-09-01,USD,1.00
acct-alpha-prod,res-bulk-1414,EC2,2026-09-01,USD,1.00
acct-alpha-prod,res-bulk-1415,EC2,2026-09-01,USD,1.00
acct-alpha-prod,res-bulk-1416,EC2,2026-09-01,USD,1.00
acct-alpha-prod,res-bulk-1417,EC2,2026-09-01,USD,1.00
acct-alpha-prod,res-bulk-1418,EC2,2026-09-01,USD,1.00
acct-alpha-prod,res-bulk-1419,EC2,2026-09-01,USD,1.00
acct-alpha-prod,res-bulk-1420,EC2,2026-09-01,USD,1.00
acct-alpha-prod,res-bulk-1421,EC2,2026-09-01,USD,1.00
acct-alpha-prod,res-bulk-1422,EC2,2026-09-01,USD,1.00
acct-alpha-prod,res-bulk-1423,EC2,2026-09-01,USD,1.00
acct-alpha-prod,res-bulk-1424,EC2,2026-09-01,USD,1.00
acct-alpha-prod,res-bulk-1425,EC2,2026-09-01,USD,1.00
acct-alpha-prod,res-bulk-1426,EC2,2026-09-01,USD,1.00
acct-alpha-prod,res-bulk-1427,EC2,2026-09-01,USD,1.00
acct-alpha-prod,res-bulk-1428,EC2,2026-09-01,USD,1.00
acct-alpha-prod,res-bulk-1429,EC2,2026-09-01,USD,1.00
acct-alpha-prod,res-bulk-1430,EC2,2026-09-01,USD,1.00
acct-alpha-prod,res-bulk-1431,EC2,2026-09-01,USD,1.00
acct-alpha-prod,res-bulk-1432,EC2,2026-09-01,USD,1.00
acct-alpha-prod,res-bulk-1433,EC2,2026-09-01,USD,1.00
acct-alpha-prod,res-bulk-1434,EC2,2026-09-01,USD,1.00
acct-alpha-prod,res-bulk-1435,EC2,2026-09-01,USD,1.00
acct-alpha-prod,res-bulk-1436,EC2,2026-09-01,USD,1.00
acct-alpha-prod,res-bulk-1437,EC2,2026-09-01,USD,1.00
acct-alpha-prod,res-bulk-1438,EC2,2026-09-01,USD,1.00
acct-alpha-prod,res-bulk-1439,EC2,2026-09-01,USD,1.00
acct-alpha-prod,res-bulk-1440,EC2,2026-09-01,USD,1.00
acct-alpha-prod,res-bulk-1441,EC2,2026-09-01,USD,1.00
acct-alpha-prod,res-bulk-1442,EC2,2026-09-01,USD,1.00
acct-alpha-prod,res-bulk-1443,EC2,2026-09-01,USD,1.00
acct-alpha-prod,res-bulk-1444,EC2,2026-09-01,USD,1.00
acct-alpha-prod,res-bulk-1445,EC2,2026-09-01,USD,1.00
acct-alpha-prod,res-bulk-1446,EC2,2026-09-01,USD,1.00
acct-alpha-prod,res-bulk-1447,EC2,2026-09-01,USD,1.00
acct-alpha-prod,res-bulk-1448,EC2,2026-09-01,USD,1.00
acct-alpha-prod,res-bulk-1449,EC2,2026-09-01,USD,1.00
acct-alpha-prod,res-bulk-1450,EC2,2026-09-01,USD,1.00
acct-alpha-prod,res-bulk-1451,EC2,2026-09-01,USD,1.00
acct-alpha-prod,res-bulk-1452,EC2,2026-09-01,USD,1.00
acct-alpha-prod,res-bulk-1453,EC2,2026-09-01,USD,1.00
acct-alpha-prod,res-bulk-1454,EC2,2026-09-01,USD,1.00
acct-alpha-prod,res-bulk-1455,EC2,2026-09-01,USD,1.00
acct-alpha-prod,res-bulk-1456,EC2,2026-09-01,USD,1.00
acct-alpha-prod,res-bulk-1457,EC2,2026-09-01,USD,1.00
acct-alpha-prod,res-bulk-1458,EC2,2026-09-01,USD,1.00
acct-alpha-prod,res-bulk-1459,EC2,2026-09-01,USD,1.00
acct-alpha-prod,res-bulk-1460,EC2,2026-09-01,USD,1.00
acct-alpha-prod,res-bulk-1461,EC2,2026-09-01,USD,1.00
acct-alpha-prod,res-bulk-1462,EC2,2026-09-01,USD,1.00
acct-alpha-prod,res-bulk-1463,EC2,2026-09-01,USD,1.00
acct-alpha-prod,res-bulk-1464,EC2,2026-09-01,USD,1.00
acct-alpha-prod,res-bulk-1465,EC2,2026-09-01,USD,1.00
acct-alpha-prod,res-bulk-1466,EC2,2026-09-01,USD,1.00
acct-alpha-prod,res-bulk-1467,EC2,2026-09-01,USD,1.00
acct-alpha-prod,res-bulk-1468,EC2,2026-09-01,USD,1.00
acct-alpha-prod,res-bulk-1469,EC2,2026-09-01,USD,1.00
acct-alpha-prod,res-bulk-1470,EC2,2026-09-01,USD,1.00
acct-alpha-prod,res-bulk-1471,EC2,2026-09-01,USD,1.00
acct-alpha-prod,res-bulk-1472,EC2,2026-09-01,USD,1.00
acct-alpha-prod,res-bulk-1473,EC2,2026-09-01,USD,1.00
acct-alpha-prod,res-bulk-1474,EC2,2026-09-01,USD,1.00
acct-alpha-prod,res-bulk-1475,EC2,2026-09-01,USD,1.00
acct-alpha-prod,res-bulk-1476,EC2,2026-09-01,USD,1.00
acct-alpha-prod,res-bulk-1477,EC2,2026-09-01,USD,1.00
acct-alpha-prod,res-bulk-1478,EC2,2026-09-01,USD,1.00
acct-alpha-prod,res-bulk-1479,EC2,2026-09-01,USD,1.00
acct-alpha-prod,res-bulk-1480,EC2,2026-09-01,USD,1.00
acct-alpha-prod,res-bulk-1481,EC2,2026-09-01,USD,1.00
acct-alpha-prod,res-bulk-1482,EC2,2026-09-01,USD,1.00
acct-alpha-prod,res-bulk-1483,EC2,2026-09-01,USD,1.00
acct-alpha-prod,res-bulk-1484,EC2,2026-09-01,USD,1.00
acct-alpha-prod,res-bulk-1485,EC2,2026-09-01,USD,1.00
acct-alpha-prod,res-bulk-1486,EC2,2026-09-01,USD,1.00
acct-alpha-prod,res-bulk-1487,EC2,2026-09-01,USD,1.00
acct-alpha-prod,res-bulk-1488,EC2,2026-09-01,USD,1.00
acct-alpha-prod,res-bulk-1489,EC2,2026-09-01,USD,1.00
acct-alpha-prod,res-bulk-1490,EC2,2026-09-01,USD,1.00
acct-alpha-prod,res-bulk-1491,EC2,2026-09-01,USD,1.00
acct-alpha-prod,res-bulk-1492,EC2,2026-09-01,USD,1.00
acct-alpha-prod,res-bulk-1493,EC2,2026-09-01,USD,1.00
acct-alpha-prod,res-bulk-1494,EC2,2026-09-01,USD,1.00
acct-alpha-prod,res-bulk-1495,EC2,2026-09-01,USD,1.00
acct-alpha-prod,res-bulk-1496,EC2,2026-09-01,USD,1.00
acct-alpha-prod,res-bulk-1497,EC2,2026-09-01,USD,1.00
acct-alpha-prod,res-bulk-1498,EC2,2026-09-01,USD,1.00
acct-alpha-prod,res-bulk-1499,EC2,2026-09-01,USD,1.00
acct-alpha-prod,res-bulk-1500,EC2,2026-09-01,USD,1.00
acct-alpha-prod,res-bulk-1501,EC2,2026-09-01,USD,1.00
acct-alpha-prod,res-bulk-1502,EC2,2026-09-01,USD,1.00
acct-alpha-prod,res-bulk-1503,EC2,2026-09-01,USD,1.00
acct-alpha-prod,res-bulk-1504,EC2,2026-09-01,USD,1.00
acct-alpha-prod,res-bulk-1505,EC2,2026-09-01,USD,1.00
acct-alpha-prod,res-bulk-1506,EC2,2026-09-01,USD,1.00
acct-alpha-prod,res-bulk-1507,EC2,2026-09-01,USD,1.00
acct-alpha-prod,res-bulk-1508,EC2,2026-09-01,USD,1.00
acct-alpha-prod,res-bulk-1509,EC2,2026-09-01,USD,1.00
acct-alpha-prod,res-bulk-1510,EC2,2026-09-01,USD,1.00
acct-alpha-prod,res-bulk-1511,EC2,2026-09-01,USD,1.00
acct-alpha-prod,res-bulk-1512,EC2,2026-09-01,USD,1.00
acct-alpha-prod,res-bulk-1513,EC2,2026-09-01,USD,1.00
acct-alpha-prod,res-bulk-1514,EC2,2026-09-01,USD,1.00
acct-alpha-prod,res-bulk-1515,EC2,2026-09-01,USD,1.00
acct-alpha-prod,res-bulk-1516,EC2,2026-09-01,USD,1.00
acct-alpha-prod,res-bulk-1517,EC2,2026-09-01,USD,1.00
acct-alpha-prod,res-bulk-1518,EC2,2026-09-01,USD,1.00
acct-alpha-prod,res-bulk-1519,EC2,2026-09-01,USD,1.00
acct-alpha-prod,res-bulk-1520,EC2,2026-09-01,USD,1.00
acct-alpha-prod,res-bulk-1521,EC2,2026-09-01,USD,1.00
acct-alpha-prod,res-bulk-1522,EC2,2026-09-01,USD,1.00
acct-alpha-prod,res-bulk-1523,EC2,2026-09-01,USD,1.00
acct-alpha-prod,res-bulk-1524,EC2,2026-09-01,USD,1.00
acct-alpha-prod,res-bulk-1525,EC2,2026-09-01,USD,1.00
acct-alpha-prod,res-bulk-1526,EC2,2026-09-01,USD,1.00
acct-alpha-prod,res-bulk-1527,EC2,2026-09-01,USD,1.00
acct-alpha-prod,res-bulk-1528,EC2,2026-09-01,USD,1.00
acct-alpha-prod,res-bulk-1529,EC2,2026-09-01,USD,1.00
acct-alpha-prod,res-bulk-1530,EC2,2026-09-01,USD,1.00
acct-alpha-prod,res-bulk-1531,EC2,2026-09-01,USD,1.00
acct-alpha-prod,res-bulk-1532,EC2,2026-09-01,USD,1.00
acct-alpha-prod,res-bulk-1533,EC2,2026-09-01,USD,1.00
acct-alpha-prod,res-bulk-1534,EC2,2026-09-01,USD,1.00
acct-alpha-prod,res-bulk-1535,EC2,2026-09-01,USD,1.00
acct-alpha-prod,res-bulk-1536,EC2,2026-09-01,USD,1.00
acct-alpha-prod,res-bulk-1537,EC2,2026-09-01,USD,1.00
acct-alpha-prod,res-bulk-1538,EC2,2026-09-01,USD,1.00
acct-alpha-prod,res-bulk-1539,EC2,2026-09-01,USD,1.00
acct-alpha-prod,res-bulk-1540,EC2,2026-09-01,USD,1.00
acct-alpha-prod,res-bulk-1541,EC2,2026-09-01,USD,1.00
acct-alpha-prod,res-bulk-1542,EC2,2026-09-01,USD,1.00
acct-alpha-prod,res-bulk-1543,EC2,2026-09-01,USD,1.00
acct-alpha-prod,res-bulk-1544,EC2,2026-09-01,USD,1.00
acct-alpha-prod,res-bulk-1545,EC2,2026-09-01,USD,1.00
acct-alpha-prod,res-bulk-1546,EC2,2026-09-01,USD,1.00
acct-alpha-prod,res-bulk-1547,EC2,2026-09-01,USD,1.00
acct-alpha-prod,res-bulk-1548,EC2,2026-09-01,USD,1.00
acct-alpha-prod,res-bulk-1549,EC2,2026-09-01,USD,1.00
acct-alpha-prod,res-bulk-1550,EC2,2026-09-01,USD,1.00
acct-alpha-prod,res-bulk-1551,EC2,2026-09-01,USD,1.00
acct-alpha-prod,res-bulk-1552,EC2,2026-09-01,USD,1.00
acct-alpha-prod,res-bulk-1553,EC2,2026-09-01,USD,1.00
acct-alpha-prod,res-bulk-1554,EC2,2026-09-01,USD,1.00
acct-alpha-prod,res-bulk-1555,EC2,2026-09-01,USD,1.00
acct-alpha-prod,res-bulk-1556,EC2,2026-09-01,USD,1.00
acct-alpha-prod,res-bulk-1557,EC2,2026-09-01,USD,1.00
acct-alpha-prod,res-bulk-1558,EC2,2026-09-01,USD,1.00
acct-alpha-prod,res-bulk-1559,EC2,2026-09-01,USD,1.00
acct-alpha-prod,res-bulk-1560,EC2,2026-09-01,USD,1.00
acct-alpha-prod,res-bulk-1561,EC2,2026-09-01,USD,1.00
acct-alpha-prod,res-bulk-1562,EC2,2026-09-01,USD,1.00
acct-alpha-prod,res-bulk-1563,EC2,2026-09-01,USD,1.00
acct-alpha-prod,res-bulk-1564,EC2,2026-09-01,USD,1.00
acct-alpha-prod,res-bulk-1565,EC2,2026-09-01,USD,1.00
acct-alpha-prod,res-bulk-1566,EC2,2026-09-01,USD,1.00
acct-alpha-prod,res-bulk-1567,EC2,2026-09-01,USD,1.00
acct-alpha-prod,res-bulk-1568,EC2,2026-09-01,USD,1.00
acct-alpha-prod,res-bulk-1569,EC2,2026-09-01,USD,1.00
acct-alpha-prod,res-bulk-1570,EC2,2026-09-01,USD,1.00
acct-alpha-prod,res-bulk-1571,EC2,2026-09-01,USD,1.00
acct-alpha-prod,res-bulk-1572,EC2,2026-09-01,USD,1.00
acct-alpha-prod,res-bulk-1573,EC2,2026-09-01,USD,1.00
acct-alpha-prod,res-bulk-1574,EC2,2026-09-01,USD,1.00
acct-alpha-prod,res-bulk-1575,EC2,2026-09-01,USD,1.00
acct-alpha-prod,res-bulk-1576,EC2,2026-09-01,USD,1.00
acct-alpha-prod,res-bulk-1577,EC2,2026-09-01,USD,1.00
acct-alpha-prod,res-bulk-1578,EC2,2026-09-01,USD,1.00
acct-alpha-prod,res-bulk-1579,EC2,2026-09-01,USD,1.00
acct-alpha-prod,res-bulk-1580,EC2,2026-09-01,USD,1.00
acct-alpha-prod,res-bulk-1581,EC2,2026-09-01,USD,1.00
acct-alpha-prod,res-bulk-1582,EC2,2026-09-01,USD,1.00
acct-alpha-prod,res-bulk-1583,EC2,2026-09-01,USD,1.00
acct-alpha-prod,res-bulk-1584,EC2,2026-09-01,USD,1.00
acct-alpha-prod,res-bulk-1585,EC2,2026-09-01,USD,1.00
acct-alpha-prod,res-bulk-1586,EC2,2026-09-01,USD,1.00
acct-alpha-prod,res-bulk-1587,EC2,2026-09-01,USD,1.00
acct-alpha-prod,res-bulk-1588,EC2,2026-09-01,USD,1.00
acct-alpha-prod,res-bulk-1589,EC2,2026-09-01,USD,1.00
acct-alpha-prod,res-bulk-1590,EC2,2026-09-01,USD,1.00
acct-alpha-prod,res-bulk-1591,EC2,2026-09-01,USD,1.00
acct-alpha-prod,res-bulk-1592,EC2,2026-09-01,USD,1.00
acct-alpha-prod,res-bulk-1593,EC2,2026-09-01,USD,1.00
acct-alpha-prod,res-bulk-1594,EC2,2026-09-01,USD,1.00
acct-alpha-prod,res-bulk-1595,EC2,2026-09-01,USD,1.00
acct-alpha-prod,res-bulk-1596,EC2,2026-09-01,USD,1.00
acct-alpha-prod,res-bulk-1597,EC2,2026-09-01,USD,1.00
acct-alpha-prod,res-bulk-1598,EC2,2026-09-01,USD,1.00
acct-alpha-prod,res-bulk-1599,EC2,2026-09-01,USD,1.00
acct-alpha-prod,res-bulk-1600,EC2,2026-09-01,USD,1.00
acct-alpha-prod,res-bulk-1601,EC2,2026-09-01,USD,1.00
acct-alpha-prod,res-bulk-1602,EC2,2026-09-01,USD,1.00
acct-alpha-prod,res-bulk-1603,EC2,2026-09-01,USD,1.00
acct-alpha-prod,res-bulk-1604,EC2,2026-09-01,USD,1.00
acct-alpha-prod,res-bulk-1605,EC2,2026-09-01,USD,1.00
acct-alpha-prod,res-bulk-1606,EC2,2026-09-01,USD,1.00
acct-alpha-prod,res-bulk-1607,EC2,2026-09-01,USD,1.00
acct-alpha-prod,res-bulk-1608,EC2,2026-09-01,USD,1.00
acct-alpha-prod,res-bulk-1609,EC2,2026-09-01,USD,1.00
acct-alpha-prod,res-bulk-1610,EC2,2026-09-01,USD,1.00
acct-alpha-prod,res-bulk-1611,EC2,2026-09-01,USD,1.00
acct-alpha-prod,res-bulk-1612,EC2,2026-09-01,USD,1.00
acct-alpha-prod,res-bulk-1613,EC2,2026-09-01,USD,1.00
acct-alpha-prod,res-bulk-1614,EC2,2026-09-01,USD,1.00
acct-alpha-prod,res-bulk-1615,EC2,2026-09-01,USD,1.00
acct-alpha-prod,res-bulk-1616,EC2,2026-09-01,USD,1.00
acct-alpha-prod,res-bulk-1617,EC2,2026-09-01,USD,1.00
acct-alpha-prod,res-bulk-1618,EC2,2026-09-01,USD,1.00
acct-alpha-prod,res-bulk-1619,EC2,2026-09-01,USD,1.00
acct-alpha-prod,res-bulk-1620,EC2,2026-09-01,USD,1.00
acct-alpha-prod,res-bulk-1621,EC2,2026-09-01,USD,1.00
acct-alpha-prod,res-bulk-1622,EC2,2026-09-01,USD,1.00
acct-alpha-prod,res-bulk-1623,EC2,2026-09-01,USD,1.00
acct-alpha-prod,res-bulk-1624,EC2,2026-09-01,USD,1.00
acct-alpha-prod,res-bulk-1625,EC2,2026-09-01,USD,1.00
acct-alpha-prod,res-bulk-1626,EC2,2026-09-01,USD,1.00
acct-alpha-prod,res-bulk-1627,EC2,2026-09-01,USD,1.00
acct-alpha-prod,res-bulk-1628,EC2,2026-09-01,USD,1.00
acct-alpha-prod,res-bulk-1629,EC2,2026-09-01,USD,1.00
acct-alpha-prod,res-bulk-1630,EC2,2026-09-01,USD,1.00
acct-alpha-prod,res-bulk-1631,EC2,2026-09-01,USD,1.00
acct-alpha-prod,res-bulk-1632,EC2,2026-09-01,USD,1.00
acct-alpha-prod,res-bulk-1633,EC2,2026-09-01,USD,1.00
acct-alpha-prod,res-bulk-1634,EC2,2026-09-01,USD,1.00
acct-alpha-prod,res-bulk-1635,EC2,2026-09-01,USD,1.00
acct-alpha-prod,res-bulk-1636,EC2,2026-09-01,USD,1.00
acct-alpha-prod,res-bulk-1637,EC2,2026-09-01,USD,1.00
acct-alpha-prod,res-bulk-1638,EC2,2026-09-01,USD,1.00
acct-alpha-prod,res-bulk-1639,EC2,2026-09-01,USD,1.00
acct-alpha-prod,res-bulk-1640,EC2,2026-09-01,USD,1.00
acct-alpha-prod,res-bulk-1641,EC2,2026-09-01,USD,1.00
acct-alpha-prod,res-bulk-1642,EC2,2026-09-01,USD,1.00
acct-alpha-prod,res-bulk-1643,EC2,2026-09-01,USD,1.00
acct-alpha-prod,res-bulk-1644,EC2,2026-09-01,USD,1.00
acct-alpha-prod,res-bulk-1645,EC2,2026-09-01,USD,1.00
acct-alpha-prod,res-bulk-1646,EC2,2026-09-01,USD,1.00
acct-alpha-prod,res-bulk-1647,EC2,2026-09-01,USD,1.00
acct-alpha-prod,res-bulk-1648,EC2,2026-09-01,USD,1.00
acct-alpha-prod,res-bulk-1649,EC2,2026-09-01,USD,1.00
acct-alpha-prod,res-bulk-1650,EC2,2026-09-01,USD,1.00
acct-alpha-prod,res-bulk-1651,EC2,2026-09-01,USD,1.00
acct-alpha-prod,res-bulk-1652,EC2,2026-09-01,USD,1.00
acct-alpha-prod,res-bulk-1653,EC2,2026-09-01,USD,1.00
acct-alpha-prod,res-bulk-1654,EC2,2026-09-01,USD,1.00
acct-alpha-prod,res-bulk-1655,EC2,2026-09-01,USD,1.00
acct-alpha-prod,res-bulk-1656,EC2,2026-09-01,USD,1.00
acct-alpha-prod,res-bulk-1657,EC2,2026-09-01,USD,1.00
acct-alpha-prod,res-bulk-1658,EC2,2026-09-01,USD,1.00
acct-alpha-prod,res-bulk-1659,EC2,2026-09-01,USD,1.00
acct-alpha-prod,res-bulk-1660,EC2,2026-09-01,USD,1.00
acct-alpha-prod,res-bulk-1661,EC2,2026-09-01,USD,1.00
acct-alpha-prod,res-bulk-1662,EC2,2026-09-01,USD,1.00
acct-alpha-prod,res-bulk-1663,EC2,2026-09-01,USD,1.00
acct-alpha-prod,res-bulk-1664,EC2,2026-09-01,USD,1.00
acct-alpha-prod,res-bulk-1665,EC2,2026-09-01,USD,1.00
acct-alpha-prod,res-bulk-1666,EC2,2026-09-01,USD,1.00
acct-alpha-prod,res-bulk-1667,EC2,2026-09-01,USD,1.00
acct-alpha-prod,res-bulk-1668,EC2,2026-09-01,USD,1.00
acct-alpha-prod,res-bulk-1669,EC2,2026-09-01,USD,1.00
acct-alpha-prod,res-bulk-1670,EC2,2026-09-01,USD,1.00
acct-alpha-prod,res-bulk-1671,EC2,2026-09-01,USD,1.00
acct-alpha-prod,res-bulk-1672,EC2,2026-09-01,USD,1.00
acct-alpha-prod,res-bulk-1673,EC2,2026-09-01,USD,1.00
acct-alpha-prod,res-bulk-1674,EC2,2026-09-01,USD,1.00
acct-alpha-prod,res-bulk-1675,EC2,2026-09-01,USD,1.00
acct-alpha-prod,res-bulk-1676,EC2,2026-09-01,USD,1.00
acct-alpha-prod,res-bulk-1677,EC2,2026-09-01,USD,1.00
acct-alpha-prod,res-bulk-1678,EC2,2026-09-01,USD,1.00
acct-alpha-prod,res-bulk-1679,EC2,2026-09-01,USD,1.00
acct-alpha-prod,res-bulk-1680,EC2,2026-09-01,USD,1.00
acct-alpha-prod,res-bulk-1681,EC2,2026-09-01,USD,1.00
acct-alpha-prod,res-bulk-1682,EC2,2026-09-01,USD,1.00
acct-alpha-prod,res-bulk-1683,EC2,2026-09-01,USD,1.00
acct-alpha-prod,res-bulk-1684,EC2,2026-09-01,USD,1.00
acct-alpha-prod,res-bulk-1685,EC2,2026-09-01,USD,1.00
acct-alpha-prod,res-bulk-1686,EC2,2026-09-01,USD,1.00
acct-alpha-prod,res-bulk-1687,EC2,2026-09-01,USD,1.00
acct-alpha-prod,res-bulk-1688,EC2,2026-09-01,USD,1.00
acct-alpha-prod,res-bulk-1689,EC2,2026-09-01,USD,1.00
acct-alpha-prod,res-bulk-1690,EC2,2026-09-01,USD,1.00
acct-alpha-prod,res-bulk-1691,EC2,2026-09-01,USD,1.00
acct-alpha-prod,res-bulk-1692,EC2,2026-09-01,USD,1.00
acct-alpha-prod,res-bulk-1693,EC2,2026-09-01,USD,1.00
acct-alpha-prod,res-bulk-1694,EC2,2026-09-01,USD,1.00
acct-alpha-prod,res-bulk-1695,EC2,2026-09-01,USD,1.00
acct-alpha-prod,res-bulk-1696,EC2,2026-09-01,USD,1.00
acct-alpha-prod,res-bulk-1697,EC2,2026-09-01,USD,1.00
acct-alpha-prod,res-bulk-1698,EC2,2026-09-01,USD,1.00
acct-alpha-prod,res-bulk-1699,EC2,2026-09-01,USD,1.00
acct-alpha-prod,res-bulk-1700,EC2,2026-09-01,USD,1.00
acct-alpha-prod,res-bulk-1701,EC2,2026-09-01,USD,1.00
acct-alpha-prod,res-bulk-1702,EC2,2026-09-01,USD,1.00
acct-alpha-prod,res-bulk-1703,EC2,2026-09-01,USD,1.00
acct-alpha-prod,res-bulk-1704,EC2,2026-09-01,USD,1.00
acct-alpha-prod,res-bulk-1705,EC2,2026-09-01,USD,1.00
acct-alpha-prod,res-bulk-1706,EC2,2026-09-01,USD,1.00
acct-alpha-prod,res-bulk-1707,EC2,2026-09-01,USD,1.00
acct-alpha-prod,res-bulk-1708,EC2,2026-09-01,USD,1.00
acct-alpha-prod,res-bulk-1709,EC2,2026-09-01,USD,1.00
acct-alpha-prod,res-bulk-1710,EC2,2026-09-01,USD,1.00
acct-alpha-prod,res-bulk-1711,EC2,2026-09-01,USD,1.00
acct-alpha-prod,res-bulk-1712,EC2,2026-09-01,USD,1.00
acct-alpha-prod,res-bulk-1713,EC2,2026-09-01,USD,1.00
acct-alpha-prod,res-bulk-1714,EC2,2026-09-01,USD,1.00
acct-alpha-prod,res-bulk-1715,EC2,2026-09-01,USD,1.00
acct-alpha-prod,res-bulk-1716,EC2,2026-09-01,USD,1.00
acct-alpha-prod,res-bulk-1717,EC2,2026-09-01,USD,1.00
acct-alpha-prod,res-bulk-1718,EC2,2026-09-01,USD,1.00
acct-alpha-prod,res-bulk-1719,EC2,2026-09-01,USD,1.00
acct-alpha-prod,res-bulk-1720,EC2,2026-09-01,USD,1.00
acct-alpha-prod,res-bulk-1721,EC2,2026-09-01,USD,1.00
acct-alpha-prod,res-bulk-1722,EC2,2026-09-01,USD,1.00
acct-alpha-prod,res-bulk-1723,EC2,2026-09-01,USD,1.00
acct-alpha-prod,res-bulk-1724,EC2,2026-09-01,USD,1.00
acct-alpha-prod,res-bulk-1725,EC2,2026-09-01,USD,1.00
acct-alpha-prod,res-bulk-1726,EC2,2026-09-01,USD,1.00
acct-alpha-prod,res-bulk-1727,EC2,2026-09-01,USD,1.00
acct-alpha-prod,res-bulk-1728,EC2,2026-09-01,USD,1.00
acct-alpha-prod,res-bulk-1729,EC2,2026-09-01,USD,1.00
acct-alpha-prod,res-bulk-1730,EC2,2026-09-01,USD,1.00
acct-alpha-prod,res-bulk-1731,EC2,2026-09-01,USD,1.00
acct-alpha-prod,res-bulk-1732,EC2,2026-09-01,USD,1.00
acct-alpha-prod,res-bulk-1733,EC2,2026-09-01,USD,1.00
acct-alpha-prod,res-bulk-1734,EC2,2026-09-01,USD,1.00
acct-alpha-prod,res-bulk-1735,EC2,2026-09-01,USD,1.00
acct-alpha-prod,res-bulk-1736,EC2,2026-09-01,USD,1.00
acct-alpha-prod,res-bulk-1737,EC2,2026-09-01,USD,1.00
acct-alpha-prod,res-bulk-1738,EC2,2026-09-01,USD,1.00
acct-alpha-prod,res-bulk-1739,EC2,2026-09-01,USD,1.00
acct-alpha-prod,res-bulk-1740,EC2,2026-09-01,USD,1.00
acct-alpha-prod,res-bulk-1741,EC2,2026-09-01,USD,1.00
acct-alpha-prod,res-bulk-1742,EC2,2026-09-01,USD,1.00
acct-alpha-prod,res-bulk-1743,EC2,2026-09-01,USD,1.00
acct-alpha-prod,res-bulk-1744,EC2,2026-09-01,USD,1.00
acct-alpha-prod,res-bulk-1745,EC2,2026-09-01,USD,1.00
acct-alpha-prod,res-bulk-1746,EC2,2026-09-01,USD,1.00
acct-alpha-prod,res-bulk-1747,EC2,2026-09-01,USD,1.00
acct-alpha-prod,res-bulk-1748,EC2,2026-09-01,USD,1.00
acct-alpha-prod,res-bulk-1749,EC2,2026-09-01,USD,1.00
acct-alpha-prod,res-bulk-1750,EC2,2026-09-01,USD,1.00
acct-alpha-prod,res-bulk-1751,EC2,2026-09-01,USD,1.00
acct-alpha-prod,res-bulk-1752,EC2,2026-09-01,USD,1.00
acct-alpha-prod,res-bulk-1753,EC2,2026-09-01,USD,1.00
acct-alpha-prod,res-bulk-1754,EC2,2026-09-01,USD,1.00
acct-alpha-prod,res-bulk-1755,EC2,2026-09-01,USD,1.00
acct-alpha-prod,res-bulk-1756,EC2,2026-09-01,USD,1.00
acct-alpha-prod,res-bulk-1757,EC2,2026-09-01,USD,1.00
acct-alpha-prod,res-bulk-1758,EC2,2026-09-01,USD,1.00
acct-alpha-prod,res-bulk-1759,EC2,2026-09-01,USD,1.00
acct-alpha-prod,res-bulk-1760,EC2,2026-09-01,USD,1.00
acct-alpha-prod,res-bulk-1761,EC2,2026-09-01,USD,1.00
acct-alpha-prod,res-bulk-1762,EC2,2026-09-01,USD,1.00
acct-alpha-prod,res-bulk-1763,EC2,2026-09-01,USD,1.00
acct-alpha-prod,res-bulk-1764,EC2,2026-09-01,USD,1.00
acct-alpha-prod,res-bulk-1765,EC2,2026-09-01,USD,1.00
acct-alpha-prod,res-bulk-1766,EC2,2026-09-01,USD,1.00
acct-alpha-prod,res-bulk-1767,EC2,2026-09-01,USD,1.00
acct-alpha-prod,res-bulk-1768,EC2,2026-09-01,USD,1.00
acct-alpha-prod,res-bulk-1769,EC2,2026-09-01,USD,1.00
acct-alpha-prod,res-bulk-1770,EC2,2026-09-01,USD,1.00
acct-alpha-prod,res-bulk-1771,EC2,2026-09-01,USD,1.00
acct-alpha-prod,res-bulk-1772,EC2,2026-09-01,USD,1.00
acct-alpha-prod,res-bulk-1773,EC2,2026-09-01,USD,1.00
acct-alpha-prod,res-bulk-1774,EC2,2026-09-01,USD,1.00
acct-alpha-prod,res-bulk-1775,EC2,2026-09-01,USD,1.00
acct-alpha-prod,res-bulk-1776,EC2,2026-09-01,USD,1.00
acct-alpha-prod,res-bulk-1777,EC2,2026-09-01,USD,1.00
acct-alpha-prod,res-bulk-1778,EC2,2026-09-01,USD,1.00
acct-alpha-prod,res-bulk-1779,EC2,2026-09-01,USD,1.00
acct-alpha-prod,res-bulk-1780,EC2,2026-09-01,USD,1.00
acct-alpha-prod,res-bulk-1781,EC2,2026-09-01,USD,1.00
acct-alpha-prod,res-bulk-1782,EC2,2026-09-01,USD,1.00
acct-alpha-prod,res-bulk-1783,EC2,2026-09-01,USD,1.00
acct-alpha-prod,res-bulk-1784,EC2,2026-09-01,USD,1.00
acct-alpha-prod,res-bulk-1785,EC2,2026-09-01,USD,1.00
acct-alpha-prod,res-bulk-1786,EC2,2026-09-01,USD,1.00
acct-alpha-prod,res-bulk-1787,EC2,2026-09-01,USD,1.00
acct-alpha-prod,res-bulk-1788,EC2,2026-09-01,USD,1.00
acct-alpha-prod,res-bulk-1789,EC2,2026-09-01,USD,1.00
acct-alpha-prod,res-bulk-1790,EC2,2026-09-01,USD,1.00
acct-alpha-prod,res-bulk-1791,EC2,2026-09-01,USD,1.00
acct-alpha-prod,res-bulk-1792,EC2,2026-09-01,USD,1.00
acct-alpha-prod,res-bulk-1793,EC2,2026-09-01,USD,1.00
acct-alpha-prod,res-bulk-1794,EC2,2026-09-01,USD,1.00
acct-alpha-prod,res-bulk-1795,EC2,2026-09-01,USD,1.00
acct-alpha-prod,res-bulk-1796,EC2,2026-09-01,USD,1.00
acct-alpha-prod,res-bulk-1797,EC2,2026-09-01,USD,1.00
acct-alpha-prod,res-bulk-1798,EC2,2026-09-01,USD,1.00
acct-alpha-prod,res-bulk-1799,EC2,2026-09-01,USD,1.00
acct-alpha-prod,res-bulk-1800,EC2,2026-09-01,USD,1.00
acct-alpha-prod,res-bulk-1801,EC2,2026-09-01,USD,1.00
acct-alpha-prod,res-bulk-1802,EC2,2026-09-01,USD,1.00
acct-alpha-prod,res-bulk-1803,EC2,2026-09-01,USD,1.00
acct-alpha-prod,res-bulk-1804,EC2,2026-09-01,USD,1.00
acct-alpha-prod,res-bulk-1805,EC2,2026-09-01,USD,1.00
acct-alpha-prod,res-bulk-1806,EC2,2026-09-01,USD,1.00
acct-alpha-prod,res-bulk-1807,EC2,2026-09-01,USD,1.00
acct-alpha-prod,res-bulk-1808,EC2,2026-09-01,USD,1.00
acct-alpha-prod,res-bulk-1809,EC2,2026-09-01,USD,1.00
acct-alpha-prod,res-bulk-1810,EC2,2026-09-01,USD,1.00
acct-alpha-prod,res-bulk-1811,EC2,2026-09-01,USD,1.00
acct-alpha-prod,res-bulk-1812,EC2,2026-09-01,USD,1.00
acct-alpha-prod,res-bulk-1813,EC2,2026-09-01,USD,1.00
acct-alpha-prod,res-bulk-1814,EC2,2026-09-01,USD,1.00
acct-alpha-prod,res-bulk-1815,EC2,2026-09-01,USD,1.00
acct-alpha-prod,res-bulk-1816,EC2,2026-09-01,USD,1.00
acct-alpha-prod,res-bulk-1817,EC2,2026-09-01,USD,1.00
acct-alpha-prod,res-bulk-1818,EC2,2026-09-01,USD,1.00
acct-alpha-prod,res-bulk-1819,EC2,2026-09-01,USD,1.00
acct-alpha-prod,res-bulk-1820,EC2,2026-09-01,USD,1.00
acct-alpha-prod,res-bulk-1821,EC2,2026-09-01,USD,1.00
acct-alpha-prod,res-bulk-1822,EC2,2026-09-01,USD,1.00
acct-alpha-prod,res-bulk-1823,EC2,2026-09-01,USD,1.00
acct-alpha-prod,res-bulk-1824,EC2,2026-09-01,USD,1.00
acct-alpha-prod,res-bulk-1825,EC2,2026-09-01,USD,1.00
acct-alpha-prod,res-bulk-1826,EC2,2026-09-01,USD,1.00
acct-alpha-prod,res-bulk-1827,EC2,2026-09-01,USD,1.00
acct-alpha-prod,res-bulk-1828,EC2,2026-09-01,USD,1.00
acct-alpha-prod,res-bulk-1829,EC2,2026-09-01,USD,1.00
acct-alpha-prod,res-bulk-1830,EC2,2026-09-01,USD,1.00
acct-alpha-prod,res-bulk-1831,EC2,2026-09-01,USD,1.00
acct-alpha-prod,res-bulk-1832,EC2,2026-09-01,USD,1.00
acct-alpha-prod,res-bulk-1833,EC2,2026-09-01,USD,1.00
acct-alpha-prod,res-bulk-1834,EC2,2026-09-01,USD,1.00
acct-alpha-prod,res-bulk-1835,EC2,2026-09-01,USD,1.00
acct-alpha-prod,res-bulk-1836,EC2,2026-09-01,USD,1.00
acct-alpha-prod,res-bulk-1837,EC2,2026-09-01,USD,1.00
acct-alpha-prod,res-bulk-1838,EC2,2026-09-01,USD,1.00
acct-alpha-prod,res-bulk-1839,EC2,2026-09-01,USD,1.00
acct-alpha-prod,res-bulk-1840,EC2,2026-09-01,USD,1.00
acct-alpha-prod,res-bulk-1841,EC2,2026-09-01,USD,1.00
acct-alpha-prod,res-bulk-1842,EC2,2026-09-01,USD,1.00
acct-alpha-prod,res-bulk-1843,EC2,2026-09-01,USD,1.00
acct-alpha-prod,res-bulk-1844,EC2,2026-09-01,USD,1.00
acct-alpha-prod,res-bulk-1845,EC2,2026-09-01,USD,1.00
acct-alpha-prod,res-bulk-1846,EC2,2026-09-01,USD,1.00
acct-alpha-prod,res-bulk-1847,EC2,2026-09-01,USD,1.00
acct-alpha-prod,res-bulk-1848,EC2,2026-09-01,USD,1.00
acct-alpha-prod,res-bulk-1849,EC2,2026-09-01,USD,1.00
acct-alpha-prod,res-bulk-1850,EC2,2026-09-01,USD,1.00
acct-alpha-prod,res-bulk-1851,EC2,2026-09-01,USD,1.00
acct-alpha-prod,res-bulk-1852,EC2,2026-09-01,USD,1.00
acct-alpha-prod,res-bulk-1853,EC2,2026-09-01,USD,1.00
acct-alpha-prod,res-bulk-1854,EC2,2026-09-01,USD,1.00
acct-alpha-prod,res-bulk-1855,EC2,2026-09-01,USD,1.00
acct-alpha-prod,res-bulk-1856,EC2,2026-09-01,USD,1.00
acct-alpha-prod,res-bulk-1857,EC2,2026-09-01,USD,1.00
acct-alpha-prod,res-bulk-1858,EC2,2026-09-01,USD,1.00
acct-alpha-prod,res-bulk-1859,EC2,2026-09-01,USD,1.00
acct-alpha-prod,res-bulk-1860,EC2,2026-09-01,USD,1.00
acct-alpha-prod,res-bulk-1861,EC2,2026-09-01,USD,1.00
acct-alpha-prod,res-bulk-1862,EC2,2026-09-01,USD,1.00
acct-alpha-prod,res-bulk-1863,EC2,2026-09-01,USD,1.00
acct-alpha-prod,res-bulk-1864,EC2,2026-09-01,USD,1.00
acct-alpha-prod,res-bulk-1865,EC2,2026-09-01,USD,1.00
acct-alpha-prod,res-bulk-1866,EC2,2026-09-01,USD,1.00
acct-alpha-prod,res-bulk-1867,EC2,2026-09-01,USD,1.00
acct-alpha-prod,res-bulk-1868,EC2,2026-09-01,USD,1.00
acct-alpha-prod,res-bulk-1869,EC2,2026-09-01,USD,1.00
acct-alpha-prod,res-bulk-1870,EC2,2026-09-01,USD,1.00
acct-alpha-prod,res-bulk-1871,EC2,2026-09-01,USD,1.00
acct-alpha-prod,res-bulk-1872,EC2,2026-09-01,USD,1.00
acct-alpha-prod,res-bulk-1873,EC2,2026-09-01,USD,1.00
acct-alpha-prod,res-bulk-1874,EC2,2026-09-01,USD,1.00
acct-alpha-prod,res-bulk-1875,EC2,2026-09-01,USD,1.00
acct-alpha-prod,res-bulk-1876,EC2,2026-09-01,USD,1.00
acct-alpha-prod,res-bulk-1877,EC2,2026-09-01,USD,1.00
acct-alpha-prod,res-bulk-1878,EC2,2026-09-01,USD,1.00
acct-alpha-prod,res-bulk-1879,EC2,2026-09-01,USD,1.00
acct-alpha-prod,res-bulk-1880,EC2,2026-09-01,USD,1.00
acct-alpha-prod,res-bulk-1881,EC2,2026-09-01,USD,1.00
acct-alpha-prod,res-bulk-1882,EC2,2026-09-01,USD,1.00
acct-alpha-prod,res-bulk-1883,EC2,2026-09-01,USD,1.00
acct-alpha-prod,res-bulk-1884,EC2,2026-09-01,USD,1.00
acct-alpha-prod,res-bulk-1885,EC2,2026-09-01,USD,1.00
acct-alpha-prod,res-bulk-1886,EC2,2026-09-01,USD,1.00
acct-alpha-prod,res-bulk-1887,EC2,2026-09-01,USD,1.00
acct-alpha-prod,res-bulk-1888,EC2,2026-09-01,USD,1.00
acct-alpha-prod,res-bulk-1889,EC2,2026-09-01,USD,1.00
acct-alpha-prod,res-bulk-1890,EC2,2026-09-01,USD,1.00
acct-alpha-prod,res-bulk-1891,EC2,2026-09-01,USD,1.00
acct-alpha-prod,res-bulk-1892,EC2,2026-09-01,USD,1.00
acct-alpha-prod,res-bulk-1893,EC2,2026-09-01,USD,1.00
acct-alpha-prod,res-bulk-1894,EC2,2026-09-01,USD,1.00
acct-alpha-prod,res-bulk-1895,EC2,2026-09-01,USD,1.00
acct-alpha-prod,res-bulk-1896,EC2,2026-09-01,USD,1.00
acct-alpha-prod,res-bulk-1897,EC2,2026-09-01,USD,1.00
acct-alpha-prod,res-bulk-1898,EC2,2026-09-01,USD,1.00
acct-alpha-prod,res-bulk-1899,EC2,2026-09-01,USD,1.00
acct-alpha-prod,res-bulk-1900,EC2,2026-09-01,USD,1.00
acct-alpha-prod,res-bulk-1901,EC2,2026-09-01,USD,1.00
acct-alpha-prod,res-bulk-1902,EC2,2026-09-01,USD,1.00
acct-alpha-prod,res-bulk-1903,EC2,2026-09-01,USD,1.00
acct-alpha-prod,res-bulk-1904,EC2,2026-09-01,USD,1.00
acct-alpha-prod,res-bulk-1905,EC2,2026-09-01,USD,1.00
acct-alpha-prod,res-bulk-1906,EC2,2026-09-01,USD,1.00
acct-alpha-prod,res-bulk-1907,EC2,2026-09-01,USD,1.00
acct-alpha-prod,res-bulk-1908,EC2,2026-09-01,USD,1.00
acct-alpha-prod,res-bulk-1909,EC2,2026-09-01,USD,1.00
acct-alpha-prod,res-bulk-1910,EC2,2026-09-01,USD,1.00
acct-alpha-prod,res-bulk-1911,EC2,2026-09-01,USD,1.00
acct-alpha-prod,res-bulk-1912,EC2,2026-09-01,USD,1.00
acct-alpha-prod,res-bulk-1913,EC2,2026-09-01,USD,1.00
acct-alpha-prod,res-bulk-1914,EC2,2026-09-01,USD,1.00
acct-alpha-prod,res-bulk-1915,EC2,2026-09-01,USD,1.00
acct-alpha-prod,res-bulk-1916,EC2,2026-09-01,USD,1.00
acct-alpha-prod,res-bulk-1917,EC2,2026-09-01,USD,1.00
acct-alpha-prod,res-bulk-1918,EC2,2026-09-01,USD,1.00
acct-alpha-prod,res-bulk-1919,EC2,2026-09-01,USD,1.00
acct-alpha-prod,res-bulk-1920,EC2,2026-09-01,USD,1.00
acct-alpha-prod,res-bulk-1921,EC2,2026-09-01,USD,1.00
acct-alpha-prod,res-bulk-1922,EC2,2026-09-01,USD,1.00
acct-alpha-prod,res-bulk-1923,EC2,2026-09-01,USD,1.00
acct-alpha-prod,res-bulk-1924,EC2,2026-09-01,USD,1.00
acct-alpha-prod,res-bulk-1925,EC2,2026-09-01,USD,1.00
acct-alpha-prod,res-bulk-1926,EC2,2026-09-01,USD,1.00
acct-alpha-prod,res-bulk-1927,EC2,2026-09-01,USD,1.00
acct-alpha-prod,res-bulk-1928,EC2,2026-09-01,USD,1.00
acct-alpha-prod,res-bulk-1929,EC2,2026-09-01,USD,1.00
acct-alpha-prod,res-bulk-1930,EC2,2026-09-01,USD,1.00
acct-alpha-prod,res-bulk-1931,EC2,2026-09-01,USD,1.00
acct-alpha-prod,res-bulk-1932,EC2,2026-09-01,USD,1.00
acct-alpha-prod,res-bulk-1933,EC2,2026-09-01,USD,1.00
acct-alpha-prod,res-bulk-1934,EC2,2026-09-01,USD,1.00
acct-alpha-prod,res-bulk-1935,EC2,2026-09-01,USD,1.00
acct-alpha-prod,res-bulk-1936,EC2,2026-09-01,USD,1.00
acct-alpha-prod,res-bulk-1937,EC2,2026-09-01,USD,1.00
acct-alpha-prod,res-bulk-1938,EC2,2026-09-01,USD,1.00
acct-alpha-prod,res-bulk-1939,EC2,2026-09-01,USD,1.00
acct-alpha-prod,res-bulk-1940,EC2,2026-09-01,USD,1.00
acct-alpha-prod,res-bulk-1941,EC2,2026-09-01,USD,1.00
acct-alpha-prod,res-bulk-1942,EC2,2026-09-01,USD,1.00
acct-alpha-prod,res-bulk-1943,EC2,2026-09-01,USD,1.00
acct-alpha-prod,res-bulk-1944,EC2,2026-09-01,USD,1.00
acct-alpha-prod,res-bulk-1945,EC2,2026-09-01,USD,1.00
acct-alpha-prod,res-bulk-1946,EC2,2026-09-01,USD,1.00
acct-alpha-prod,res-bulk-1947,EC2,2026-09-01,USD,1.00
acct-alpha-prod,res-bulk-1948,EC2,2026-09-01,USD,1.00
acct-alpha-prod,res-bulk-1949,EC2,2026-09-01,USD,1.00
acct-alpha-prod,res-bulk-1950,EC2,2026-09-01,USD,1.00
acct-alpha-prod,res-bulk-1951,EC2,2026-09-01,USD,1.00
acct-alpha-prod,res-bulk-1952,EC2,2026-09-01,USD,1.00
acct-alpha-prod,res-bulk-1953,EC2,2026-09-01,USD,1.00
acct-alpha-prod,res-bulk-1954,EC2,2026-09-01,USD,1.00
acct-alpha-prod,res-bulk-1955,EC2,2026-09-01,USD,1.00
acct-alpha-prod,res-bulk-1956,EC2,2026-09-01,USD,1.00
acct-alpha-prod,res-bulk-1957,EC2,2026-09-01,USD,1.00
acct-alpha-prod,res-bulk-1958,EC2,2026-09-01,USD,1.00
acct-alpha-prod,res-bulk-1959,EC2,2026-09-01,USD,1.00
acct-alpha-prod,res-bulk-1960,EC2,2026-09-01,USD,1.00
acct-alpha-prod,res-bulk-1961,EC2,2026-09-01,USD,1.00
acct-alpha-prod,res-bulk-1962,EC2,2026-09-01,USD,1.00
acct-alpha-prod,res-bulk-1963,EC2,2026-09-01,USD,1.00
acct-alpha-prod,res-bulk-1964,EC2,2026-09-01,USD,1.00
acct-alpha-prod,res-bulk-1965,EC2,2026-09-01,USD,1.00
acct-alpha-prod,res-bulk-1966,EC2,2026-09-01,USD,1.00
acct-alpha-prod,res-bulk-1967,EC2,2026-09-01,USD,1.00
acct-alpha-prod,res-bulk-1968,EC2,2026-09-01,USD,1.00
acct-alpha-prod,res-bulk-1969,EC2,2026-09-01,USD,1.00
acct-alpha-prod,res-bulk-1970,EC2,2026-09-01,USD,1.00
acct-alpha-prod,res-bulk-1971,EC2,2026-09-01,USD,1.00
acct-alpha-prod,res-bulk-1972,EC2,2026-09-01,USD,1.00
acct-alpha-prod,res-bulk-1973,EC2,2026-09-01,USD,1.00
acct-alpha-prod,res-bulk-1974,EC2,2026-09-01,USD,1.00
acct-alpha-prod,res-bulk-1975,EC2,2026-09-01,USD,1.00
acct-alpha-prod,res-bulk-1976,EC2,2026-09-01,USD,1.00
acct-alpha-prod,res-bulk-1977,EC2,2026-09-01,USD,1.00
acct-alpha-prod,res-bulk-1978,EC2,2026-09-01,USD,1.00
acct-alpha-prod,res-bulk-1979,EC2,2026-09-01,USD,1.00
acct-alpha-prod,res-bulk-1980,EC2,2026-09-01,USD,1.00
acct-alpha-prod,res-bulk-1981,EC2,2026-09-01,USD,1.00
acct-alpha-prod,res-bulk-1982,EC2,2026-09-01,USD,1.00
acct-alpha-prod,res-bulk-1983,EC2,2026-09-01,USD,1.00
acct-alpha-prod,res-bulk-1984,EC2,2026-09-01,USD,1.00
acct-alpha-prod,res-bulk-1985,EC2,2026-09-01,USD,1.00
acct-alpha-prod,res-bulk-1986,EC2,2026-09-01,USD,1.00
acct-alpha-prod,res-bulk-1987,EC2,2026-09-01,USD,1.00
acct-alpha-prod,res-bulk-1988,EC2,2026-09-01,USD,1.00
acct-alpha-prod,res-bulk-1989,EC2,2026-09-01,USD,1.00
acct-alpha-prod,res-bulk-1990,EC2,2026-09-01,USD,1.00
acct-alpha-prod,res-bulk-1991,EC2,2026-09-01,USD,1.00
acct-alpha-prod,res-bulk-1992,EC2,2026-09-01,USD,1.00
acct-alpha-prod,res-bulk-1993,EC2,2026-09-01,USD,1.00
acct-alpha-prod,res-bulk-1994,EC2,2026-09-01,USD,1.00
acct-alpha-prod,res-bulk-1995,EC2,2026-09-01,USD,1.00
acct-alpha-prod,res-bulk-1996,EC2,2026-09-01,USD,1.00
acct-alpha-prod,res-bulk-1997,EC2,2026-09-01,USD,1.00
acct-alpha-prod,res-bulk-1998,EC2,2026-09-01,USD,1.00
acct-alpha-prod,res-bulk-1999,EC2,2026-09-01,USD,1.00
acct-alpha-prod,res-bulk-2000,EC2,2026-09-01,USD,1.00
acct-alpha-prod,res-bulk-2001,EC2,2026-09-01,USD,1.00
acct-alpha-prod,res-bulk-2002,EC2,2026-09-01,USD,1.00
acct-alpha-prod,res-bulk-2003,EC2,2026-09-01,USD,1.00
acct-alpha-prod,res-bulk-2004,EC2,2026-09-01,USD,1.00
acct-alpha-prod,res-bulk-2005,EC2,2026-09-01,USD,1.00
acct-alpha-prod,res-bulk-2006,EC2,2026-09-01,USD,1.00
acct-alpha-prod,res-bulk-2007,EC2,2026-09-01,USD,1.00
acct-alpha-prod,res-bulk-2008,EC2,2026-09-01,USD,1.00
acct-alpha-prod,res-bulk-2009,EC2,2026-09-01,USD,1.00
acct-alpha-prod,res-bulk-2010,EC2,2026-09-01,USD,1.00
acct-alpha-prod,res-bulk-2011,EC2,2026-09-01,USD,1.00
acct-alpha-prod,res-bulk-2012,EC2,2026-09-01,USD,1.00
acct-alpha-prod,res-bulk-2013,EC2,2026-09-01,USD,1.00
acct-alpha-prod,res-bulk-2014,EC2,2026-09-01,USD,1.00
acct-alpha-prod,res-bulk-2015,EC2,2026-09-01,USD,1.00
acct-alpha-prod,res-bulk-2016,EC2,2026-09-01,USD,1.00
acct-alpha-prod,res-bulk-2017,EC2,2026-09-01,USD,1.00
acct-alpha-prod,res-bulk-2018,EC2,2026-09-01,USD,1.00
acct-alpha-prod,res-bulk-2019,EC2,2026-09-01,USD,1.00
acct-alpha-prod,res-bulk-2020,EC2,2026-09-01,USD,1.00
acct-alpha-prod,res-bulk-2021,EC2,2026-09-01,USD,1.00
acct-alpha-prod,res-bulk-2022,EC2,2026-09-01,USD,1.00
acct-alpha-prod,res-bulk-2023,EC2,2026-09-01,USD,1.00
acct-alpha-prod,res-bulk-2024,EC2,2026-09-01,USD,1.00
acct-alpha-prod,res-bulk-2025,EC2,2026-09-01,USD,1.00
acct-alpha-prod,res-bulk-2026,EC2,2026-09-01,USD,1.00
acct-alpha-prod,res-bulk-2027,EC2,2026-09-01,USD,1.00
acct-alpha-prod,res-bulk-2028,EC2,2026-09-01,USD,1.00
acct-alpha-prod,res-bulk-2029,EC2,2026-09-01,USD,1.00
acct-alpha-prod,res-bulk-2030,EC2,2026-09-01,USD,1.00
acct-alpha-prod,res-bulk-2031,EC2,2026-09-01,USD,1.00
acct-alpha-prod,res-bulk-2032,EC2,2026-09-01,USD,1.00
acct-alpha-prod,res-bulk-2033,EC2,2026-09-01,USD,1.00
acct-alpha-prod,res-bulk-2034,EC2,2026-09-01,USD,1.00
acct-alpha-prod,res-bulk-2035,EC2,2026-09-01,USD,1.00
acct-alpha-prod,res-bulk-2036,EC2,2026-09-01,USD,1.00
acct-alpha-prod,res-bulk-2037,EC2,2026-09-01,USD,1.00
acct-alpha-prod,res-bulk-2038,EC2,2026-09-01,USD,1.00
acct-alpha-prod,res-bulk-2039,EC2,2026-09-01,USD,1.00
acct-alpha-prod,res-bulk-2040,EC2,2026-09-01,USD,1.00
acct-alpha-prod,res-bulk-2041,EC2,2026-09-01,USD,1.00
acct-alpha-prod,res-bulk-2042,EC2,2026-09-01,USD,1.00
acct-alpha-prod,res-bulk-2043,EC2,2026-09-01,USD,1.00
acct-alpha-prod,res-bulk-2044,EC2,2026-09-01,USD,1.00
acct-alpha-prod,res-bulk-2045,EC2,2026-09-01,USD,1.00
acct-alpha-prod,res-bulk-2046,EC2,2026-09-01,USD,1.00
acct-alpha-prod,res-bulk-2047,EC2,2026-09-01,USD,1.00
acct-alpha-prod,res-bulk-2048,EC2,2026-09-01,USD,1.00
acct-alpha-prod,res-bulk-2049,EC2,2026-09-01,USD,1.00
acct-alpha-prod,res-bulk-2050,EC2,2026-09-01,USD,1.00
acct-alpha-prod,res-bulk-2051,EC2,2026-09-01,USD,1.00
acct-alpha-prod,res-bulk-2052,EC2,2026-09-01,USD,1.00
acct-alpha-prod,res-bulk-2053,EC2,2026-09-01,USD,1.00
acct-alpha-prod,res-bulk-2054,EC2,2026-09-01,USD,1.00
acct-alpha-prod,res-bulk-2055,EC2,2026-09-01,USD,1.00
acct-alpha-prod,res-bulk-2056,EC2,2026-09-01,USD,1.00
acct-alpha-prod,res-bulk-2057,EC2,2026-09-01,USD,1.00
acct-alpha-prod,res-bulk-2058,EC2,2026-09-01,USD,1.00
acct-alpha-prod,res-bulk-2059,EC2,2026-09-01,USD,1.00
acct-alpha-prod,res-bulk-2060,EC2,2026-09-01,USD,1.00
acct-alpha-prod,res-bulk-2061,EC2,2026-09-01,USD,1.00
acct-alpha-prod,res-bulk-2062,EC2,2026-09-01,USD,1.00
acct-alpha-prod,res-bulk-2063,EC2,2026-09-01,USD,1.00
acct-alpha-prod,res-bulk-2064,EC2,2026-09-01,USD,1.00
acct-alpha-prod,res-bulk-2065,EC2,2026-09-01,USD,1.00
acct-alpha-prod,res-bulk-2066,EC2,2026-09-01,USD,1.00
acct-alpha-prod,res-bulk-2067,EC2,2026-09-01,USD,1.00
acct-alpha-prod,res-bulk-2068,EC2,2026-09-01,USD,1.00
acct-alpha-prod,res-bulk-2069,EC2,2026-09-01,USD,1.00
acct-alpha-prod,res-bulk-2070,EC2,2026-09-01,USD,1.00
acct-alpha-prod,res-bulk-2071,EC2,2026-09-01,USD,1.00
acct-alpha-prod,res-bulk-2072,EC2,2026-09-01,USD,1.00
acct-alpha-prod,res-bulk-2073,EC2,2026-09-01,USD,1.00
acct-alpha-prod,res-bulk-2074,EC2,2026-09-01,USD,1.00
acct-alpha-prod,res-bulk-2075,EC2,2026-09-01,USD,1.00
acct-alpha-prod,res-bulk-2076,EC2,2026-09-01,USD,1.00
acct-alpha-prod,res-bulk-2077,EC2,2026-09-01,USD,1.00
acct-alpha-prod,res-bulk-2078,EC2,2026-09-01,USD,1.00
acct-alpha-prod,res-bulk-2079,EC2,2026-09-01,USD,1.00
acct-alpha-prod,res-bulk-2080,EC2,2026-09-01,USD,1.00
acct-alpha-prod,res-bulk-2081,EC2,2026-09-01,USD,1.00
acct-alpha-prod,res-bulk-2082,EC2,2026-09-01,USD,1.00
acct-alpha-prod,res-bulk-2083,EC2,2026-09-01,USD,1.00
acct-alpha-prod,res-bulk-2084,EC2,2026-09-01,USD,1.00
acct-alpha-prod,res-bulk-2085,EC2,2026-09-01,USD,1.00
acct-alpha-prod,res-bulk-2086,EC2,2026-09-01,USD,1.00
acct-alpha-prod,res-bulk-2087,EC2,2026-09-01,USD,1.00
acct-alpha-prod,res-bulk-2088,EC2,2026-09-01,USD,1.00
acct-alpha-prod,res-bulk-2089,EC2,2026-09-01,USD,1.00
acct-alpha-prod,res-bulk-2090,EC2,2026-09-01,USD,1.00
acct-alpha-prod,res-bulk-2091,EC2,2026-09-01,USD,1.00
acct-alpha-prod,res-bulk-2092,EC2,2026-09-01,USD,1.00
acct-alpha-prod,res-bulk-2093,EC2,2026-09-01,USD,1.00
acct-alpha-prod,res-bulk-2094,EC2,2026-09-01,USD,1.00
acct-alpha-prod,res-bulk-2095,EC2,2026-09-01,USD,1.00
acct-alpha-prod,res-bulk-2096,EC2,2026-09-01,USD,1.00
acct-alpha-prod,res-bulk-2097,EC2,2026-09-01,USD,1.00
acct-alpha-prod,res-bulk-2098,EC2,2026-09-01,USD,1.00
acct-alpha-prod,res-bulk-2099,EC2,2026-09-01,USD,1.00
acct-alpha-prod,res-bulk-2100,EC2,2026-09-01,USD,1.00
acct-alpha-prod,res-bulk-2101,EC2,2026-09-01,USD,1.00
acct-alpha-prod,res-bulk-2102,EC2,2026-09-01,USD,1.00
acct-alpha-prod,res-bulk-2103,EC2,2026-09-01,USD,1.00
acct-alpha-prod,res-bulk-2104,EC2,2026-09-01,USD,1.00
acct-alpha-prod,res-bulk-2105,EC2,2026-09-01,USD,1.00
acct-alpha-prod,res-bulk-2106,EC2,2026-09-01,USD,1.00
acct-alpha-prod,res-bulk-2107,EC2,2026-09-01,USD,1.00
acct-alpha-prod,res-bulk-2108,EC2,2026-09-01,USD,1.00
acct-alpha-prod,res-bulk-2109,EC2,2026-09-01,USD,1.00
acct-alpha-prod,res-bulk-2110,EC2,2026-09-01,USD,1.00
acct-alpha-prod,res-bulk-2111,EC2,2026-09-01,USD,1.00
acct-alpha-prod,res-bulk-2112,EC2,2026-09-01,USD,1.00
acct-alpha-prod,res-bulk-2113,EC2,2026-09-01,USD,1.00
acct-alpha-prod,res-bulk-2114,EC2,2026-09-01,USD,1.00
acct-alpha-prod,res-bulk-2115,EC2,2026-09-01,USD,1.00
acct-alpha-prod,res-bulk-2116,EC2,2026-09-01,USD,1.00
acct-alpha-prod,res-bulk-2117,EC2,2026-09-01,USD,1.00
acct-alpha-prod,res-bulk-2118,EC2,2026-09-01,USD,1.00
acct-alpha-prod,res-bulk-2119,EC2,2026-09-01,USD,1.00
acct-alpha-prod,res-bulk-2120,EC2,2026-09-01,USD,1.00
acct-alpha-prod,res-bulk-2121,EC2,2026-09-01,USD,1.00
acct-alpha-prod,res-bulk-2122,EC2,2026-09-01,USD,1.00
acct-alpha-prod,res-bulk-2123,EC2,2026-09-01,USD,1.00
acct-alpha-prod,res-bulk-2124,EC2,2026-09-01,USD,1.00
acct-alpha-prod,res-bulk-2125,EC2,2026-09-01,USD,1.00
acct-alpha-prod,res-bulk-2126,EC2,2026-09-01,USD,1.00
acct-alpha-prod,res-bulk-2127,EC2,2026-09-01,USD,1.00
acct-alpha-prod,res-bulk-2128,EC2,2026-09-01,USD,1.00
acct-alpha-prod,res-bulk-2129,EC2,2026-09-01,USD,1.00
acct-alpha-prod,res-bulk-2130,EC2,2026-09-01,USD,1.00
acct-alpha-prod,res-bulk-2131,EC2,2026-09-01,USD,1.00
acct-alpha-prod,res-bulk-2132,EC2,2026-09-01,USD,1.00
acct-alpha-prod,res-bulk-2133,EC2,2026-09-01,USD,1.00
acct-alpha-prod,res-bulk-2134,EC2,2026-09-01,USD,1.00
acct-alpha-prod,res-bulk-2135,EC2,2026-09-01,USD,1.00
acct-alpha-prod,res-bulk-2136,EC2,2026-09-01,USD,1.00
acct-alpha-prod,res-bulk-2137,EC2,2026-09-01,USD,1.00
acct-alpha-prod,res-bulk-2138,EC2,2026-09-01,USD,1.00
acct-alpha-prod,res-bulk-2139,EC2,2026-09-01,USD,1.00
acct-alpha-prod,res-bulk-2140,EC2,2026-09-01,USD,1.00
acct-alpha-prod,res-bulk-2141,EC2,2026-09-01,USD,1.00
acct-alpha-prod,res-bulk-2142,EC2,2026-09-01,USD,1.00
acct-alpha-prod,res-bulk-2143,EC2,2026-09-01,USD,1.00
acct-alpha-prod,res-bulk-2144,EC2,2026-09-01,USD,1.00
acct-alpha-prod,res-bulk-2145,EC2,2026-09-01,USD,1.00
acct-alpha-prod,res-bulk-2146,EC2,2026-09-01,USD,1.00
acct-alpha-prod,res-bulk-2147,EC2,2026-09-01,USD,1.00
acct-alpha-prod,res-bulk-2148,EC2,2026-09-01,USD,1.00
acct-alpha-prod,res-bulk-2149,EC2,2026-09-01,USD,1.00
acct-alpha-prod,res-bulk-2150,EC2,2026-09-01,USD,1.00
acct-alpha-prod,res-bulk-2151,EC2,2026-09-01,USD,1.00
acct-alpha-prod,res-bulk-2152,EC2,2026-09-01,USD,1.00
acct-alpha-prod,res-bulk-2153,EC2,2026-09-01,USD,1.00
acct-alpha-prod,res-bulk-2154,EC2,2026-09-01,USD,1.00
acct-alpha-prod,res-bulk-2155,EC2,2026-09-01,USD,1.00
acct-alpha-prod,res-bulk-2156,EC2,2026-09-01,USD,1.00
acct-alpha-prod,res-bulk-2157,EC2,2026-09-01,USD,1.00
acct-alpha-prod,res-bulk-2158,EC2,2026-09-01,USD,1.00
acct-alpha-prod,res-bulk-2159,EC2,2026-09-01,USD,1.00
acct-alpha-prod,res-bulk-2160,EC2,2026-09-01,USD,1.00
acct-alpha-prod,res-bulk-2161,EC2,2026-09-01,USD,1.00
acct-alpha-prod,res-bulk-2162,EC2,2026-09-01,USD,1.00
acct-alpha-prod,res-bulk-2163,EC2,2026-09-01,USD,1.00
acct-alpha-prod,res-bulk-2164,EC2,2026-09-01,USD,1.00
acct-alpha-prod,res-bulk-2165,EC2,2026-09-01,USD,1.00
acct-alpha-prod,res-bulk-2166,EC2,2026-09-01,USD,1.00
acct-alpha-prod,res-bulk-2167,EC2,2026-09-01,USD,1.00
acct-alpha-prod,res-bulk-2168,EC2,2026-09-01,USD,1.00
acct-alpha-prod,res-bulk-2169,EC2,2026-09-01,USD,1.00
acct-alpha-prod,res-bulk-2170,EC2,2026-09-01,USD,1.00
acct-alpha-prod,res-bulk-2171,EC2,2026-09-01,USD,1.00
acct-alpha-prod,res-bulk-2172,EC2,2026-09-01,USD,1.00
acct-alpha-prod,res-bulk-2173,EC2,2026-09-01,USD,1.00
acct-alpha-prod,res-bulk-2174,EC2,2026-09-01,USD,1.00
acct-alpha-prod,res-bulk-2175,EC2,2026-09-01,USD,1.00
acct-alpha-prod,res-bulk-2176,EC2,2026-09-01,USD,1.00
acct-alpha-prod,res-bulk-2177,EC2,2026-09-01,USD,1.00
acct-alpha-prod,res-bulk-2178,EC2,2026-09-01,USD,1.00
acct-alpha-prod,res-bulk-2179,EC2,2026-09-01,USD,1.00
acct-alpha-prod,res-bulk-2180,EC2,2026-09-01,USD,1.00
acct-alpha-prod,res-bulk-2181,EC2,2026-09-01,USD,1.00
acct-alpha-prod,res-bulk-2182,EC2,2026-09-01,USD,1.00
acct-alpha-prod,res-bulk-2183,EC2,2026-09-01,USD,1.00
acct-alpha-prod,res-bulk-2184,EC2,2026-09-01,USD,1.00
acct-alpha-prod,res-bulk-2185,EC2,2026-09-01,USD,1.00
acct-alpha-prod,res-bulk-2186,EC2,2026-09-01,USD,1.00
acct-alpha-prod,res-bulk-2187,EC2,2026-09-01,USD,1.00
acct-alpha-prod,res-bulk-2188,EC2,2026-09-01,USD,1.00
acct-alpha-prod,res-bulk-2189,EC2,2026-09-01,USD,1.00
acct-alpha-prod,res-bulk-2190,EC2,2026-09-01,USD,1.00
acct-alpha-prod,res-bulk-2191,EC2,2026-09-01,USD,1.00
acct-alpha-prod,res-bulk-2192,EC2,2026-09-01,USD,1.00
acct-alpha-prod,res-bulk-2193,EC2,2026-09-01,USD,1.00
acct-alpha-prod,res-bulk-2194,EC2,2026-09-01,USD,1.00
acct-alpha-prod,res-bulk-2195,EC2,2026-09-01,USD,1.00
acct-alpha-prod,res-bulk-2196,EC2,2026-09-01,USD,1.00
acct-alpha-prod,res-bulk-2197,EC2,2026-09-01,USD,1.00
acct-alpha-prod,res-bulk-2198,EC2,2026-09-01,USD,1.00
acct-alpha-prod,res-bulk-2199,EC2,2026-09-01,USD,1.00
acct-alpha-prod,res-bulk-2200,EC2,2026-09-01,USD,1.00
acct-alpha-prod,res-bulk-2201,EC2,2026-09-01,USD,1.00
acct-alpha-prod,res-bulk-2202,EC2,2026-09-01,USD,1.00
acct-alpha-prod,res-bulk-2203,EC2,2026-09-01,USD,1.00
acct-alpha-prod,res-bulk-2204,EC2,2026-09-01,USD,1.00
acct-alpha-prod,res-bulk-2205,EC2,2026-09-01,USD,1.00
acct-alpha-prod,res-bulk-2206,EC2,2026-09-01,USD,1.00
acct-alpha-prod,res-bulk-2207,EC2,2026-09-01,USD,1.00
acct-alpha-prod,res-bulk-2208,EC2,2026-09-01,USD,1.00
acct-alpha-prod,res-bulk-2209,EC2,2026-09-01,USD,1.00
acct-alpha-prod,res-bulk-2210,EC2,2026-09-01,USD,1.00
acct-alpha-prod,res-bulk-2211,EC2,2026-09-01,USD,1.00
acct-alpha-prod,res-bulk-2212,EC2,2026-09-01,USD,1.00
acct-alpha-prod,res-bulk-2213,EC2,2026-09-01,USD,1.00
acct-alpha-prod,res-bulk-2214,EC2,2026-09-01,USD,1.00
acct-alpha-prod,res-bulk-2215,EC2,2026-09-01,USD,1.00
acct-alpha-prod,res-bulk-2216,EC2,2026-09-01,USD,1.00
acct-alpha-prod,res-bulk-2217,EC2,2026-09-01,USD,1.00
acct-alpha-prod,res-bulk-2218,EC2,2026-09-01,USD,1.00
acct-alpha-prod,res-bulk-2219,EC2,2026-09-01,USD,1.00
acct-alpha-prod,res-bulk-2220,EC2,2026-09-01,USD,1.00
acct-alpha-prod,res-bulk-2221,EC2,2026-09-01,USD,1.00
acct-alpha-prod,res-bulk-2222,EC2,2026-09-01,USD,1.00
acct-alpha-prod,res-bulk-2223,EC2,2026-09-01,USD,1.00
acct-alpha-prod,res-bulk-2224,EC2,2026-09-01,USD,1.00
acct-alpha-prod,res-bulk-2225,EC2,2026-09-01,USD,1.00
acct-alpha-prod,res-bulk-2226,EC2,2026-09-01,USD,1.00
acct-alpha-prod,res-bulk-2227,EC2,2026-09-01,USD,1.00
acct-alpha-prod,res-bulk-2228,EC2,2026-09-01,USD,1.00
acct-alpha-prod,res-bulk-2229,EC2,2026-09-01,USD,1.00
acct-alpha-prod,res-bulk-2230,EC2,2026-09-01,USD,1.00
acct-alpha-prod,res-bulk-2231,EC2,2026-09-01,USD,1.00
acct-alpha-prod,res-bulk-2232,EC2,2026-09-01,USD,1.00
acct-alpha-prod,res-bulk-2233,EC2,2026-09-01,USD,1.00
acct-alpha-prod,res-bulk-2234,EC2,2026-09-01,USD,1.00
acct-alpha-prod,res-bulk-2235,EC2,2026-09-01,USD,1.00
acct-alpha-prod,res-bulk-2236,EC2,2026-09-01,USD,1.00
acct-alpha-prod,res-bulk-2237,EC2,2026-09-01,USD,1.00
acct-alpha-prod,res-bulk-2238,EC2,2026-09-01,USD,1.00
acct-alpha-prod,res-bulk-2239,EC2,2026-09-01,USD,1.00
acct-alpha-prod,res-bulk-2240,EC2,2026-09-01,USD,1.00
acct-alpha-prod,res-bulk-2241,EC2,2026-09-01,USD,1.00
acct-alpha-prod,res-bulk-2242,EC2,2026-09-01,USD,1.00
acct-alpha-prod,res-bulk-2243,EC2,2026-09-01,USD,1.00
acct-alpha-prod,res-bulk-2244,EC2,2026-09-01,USD,1.00
acct-alpha-prod,res-bulk-2245,EC2,2026-09-01,USD,1.00
acct-alpha-prod,res-bulk-2246,EC2,2026-09-01,USD,1.00
acct-alpha-prod,res-bulk-2247,EC2,2026-09-01,USD,1.00
acct-alpha-prod,res-bulk-2248,EC2,2026-09-01,USD,1.00
acct-alpha-prod,res-bulk-2249,EC2,2026-09-01,USD,1.00
acct-alpha-prod,res-bulk-2250,EC2,2026-09-01,USD,1.00
acct-alpha-prod,res-bulk-2251,EC2,2026-09-01,USD,1.00
acct-alpha-prod,res-bulk-2252,EC2,2026-09-01,USD,1.00
acct-alpha-prod,res-bulk-2253,EC2,2026-09-01,USD,1.00
acct-alpha-prod,res-bulk-2254,EC2,2026-09-01,USD,1.00
acct-alpha-prod,res-bulk-2255,EC2,2026-09-01,USD,1.00
acct-alpha-prod,res-bulk-2256,EC2,2026-09-01,USD,1.00
acct-alpha-prod,res-bulk-2257,EC2,2026-09-01,USD,1.00
acct-alpha-prod,res-bulk-2258,EC2,2026-09-01,USD,1.00
acct-alpha-prod,res-bulk-2259,EC2,2026-09-01,USD,1.00
acct-alpha-prod,res-bulk-2260,EC2,2026-09-01,USD,1.00
acct-alpha-prod,res-bulk-2261,EC2,2026-09-01,USD,1.00
acct-alpha-prod,res-bulk-2262,EC2,2026-09-01,USD,1.00
acct-alpha-prod,res-bulk-2263,EC2,2026-09-01,USD,1.00
acct-alpha-prod,res-bulk-2264,EC2,2026-09-01,USD,1.00
acct-alpha-prod,res-bulk-2265,EC2,2026-09-01,USD,1.00
acct-alpha-prod,res-bulk-2266,EC2,2026-09-01,USD,1.00
acct-alpha-prod,res-bulk-2267,EC2,2026-09-01,USD,1.00
acct-alpha-prod,res-bulk-2268,EC2,2026-09-01,USD,1.00
acct-alpha-prod,res-bulk-2269,EC2,2026-09-01,USD,1.00
acct-alpha-prod,res-bulk-2270,EC2,2026-09-01,USD,1.00
acct-alpha-prod,res-bulk-2271,EC2,2026-09-01,USD,1.00
acct-alpha-prod,res-bulk-2272,EC2,2026-09-01,USD,1.00
acct-alpha-prod,res-bulk-2273,EC2,2026-09-01,USD,1.00
acct-alpha-prod,res-bulk-2274,EC2,2026-09-01,USD,1.00
acct-alpha-prod,res-bulk-2275,EC2,2026-09-01,USD,1.00
acct-alpha-prod,res-bulk-2276,EC2,2026-09-01,USD,1.00
acct-alpha-prod,res-bulk-2277,EC2,2026-09-01,USD,1.00
acct-alpha-prod,res-bulk-2278,EC2,2026-09-01,USD,1.00
acct-alpha-prod,res-bulk-2279,EC2,2026-09-01,USD,1.00
acct-alpha-prod,res-bulk-2280,EC2,2026-09-01,USD,1.00
acct-alpha-prod,res-bulk-2281,EC2,2026-09-01,USD,1.00
acct-alpha-prod,res-bulk-2282,EC2,2026-09-01,USD,1.00
acct-alpha-prod,res-bulk-2283,EC2,2026-09-01,USD,1.00
acct-alpha-prod,res-bulk-2284,EC2,2026-09-01,USD,1.00
acct-alpha-prod,res-bulk-2285,EC2,2026-09-01,USD,1.00
acct-alpha-prod,res-bulk-2286,EC2,2026-09-01,USD,1.00
acct-alpha-prod,res-bulk-2287,EC2,2026-09-01,USD,1.00
acct-alpha-prod,res-bulk-2288,EC2,2026-09-01,USD,1.00
acct-alpha-prod,res-bulk-2289,EC2,2026-09-01,USD,1.00
acct-alpha-prod,res-bulk-2290,EC2,2026-09-01,USD,1.00
acct-alpha-prod,res-bulk-2291,EC2,2026-09-01,USD,1.00
acct-alpha-prod,res-bulk-2292,EC2,2026-09-01,USD,1.00
acct-alpha-prod,res-bulk-2293,EC2,2026-09-01,USD,1.00
acct-alpha-prod,res-bulk-2294,EC2,2026-09-01,USD,1.00
acct-alpha-prod,res-bulk-2295,EC2,2026-09-01,USD,1.00
acct-alpha-prod,res-bulk-2296,EC2,2026-09-01,USD,1.00
acct-alpha-prod,res-bulk-2297,EC2,2026-09-01,USD,1.00
acct-alpha-prod,res-bulk-2298,EC2,2026-09-01,USD,1.00
acct-alpha-prod,res-bulk-2299,EC2,2026-09-01,USD,1.00
acct-alpha-prod,res-bulk-2300,EC2,2026-09-01,USD,1.00
acct-alpha-prod,res-bulk-2301,EC2,2026-09-01,USD,1.00
acct-alpha-prod,res-bulk-2302,EC2,2026-09-01,USD,1.00
acct-alpha-prod,res-bulk-2303,EC2,2026-09-01,USD,1.00
acct-alpha-prod,res-bulk-2304,EC2,2026-09-01,USD,1.00
acct-alpha-prod,res-bulk-2305,EC2,2026-09-01,USD,1.00
acct-alpha-prod,res-bulk-2306,EC2,2026-09-01,USD,1.00
acct-alpha-prod,res-bulk-2307,EC2,2026-09-01,USD,1.00
acct-alpha-prod,res-bulk-2308,EC2,2026-09-01,USD,1.00
acct-alpha-prod,res-bulk-2309,EC2,2026-09-01,USD,1.00
acct-alpha-prod,res-bulk-2310,EC2,2026-09-01,USD,1.00
acct-alpha-prod,res-bulk-2311,EC2,2026-09-01,USD,1.00
acct-alpha-prod,res-bulk-2312,EC2,2026-09-01,USD,1.00
acct-alpha-prod,res-bulk-2313,EC2,2026-09-01,USD,1.00
acct-alpha-prod,res-bulk-2314,EC2,2026-09-01,USD,1.00
acct-alpha-prod,res-bulk-2315,EC2,2026-09-01,USD,1.00
acct-alpha-prod,res-bulk-2316,EC2,2026-09-01,USD,1.00
acct-alpha-prod,res-bulk-2317,EC2,2026-09-01,USD,1.00
acct-alpha-prod,res-bulk-2318,EC2,2026-09-01,USD,1.00
acct-alpha-prod,res-bulk-2319,EC2,2026-09-01,USD,1.00
acct-alpha-prod,res-bulk-2320,EC2,2026-09-01,USD,1.00
acct-alpha-prod,res-bulk-2321,EC2,2026-09-01,USD,1.00
acct-alpha-prod,res-bulk-2322,EC2,2026-09-01,USD,1.00
acct-alpha-prod,res-bulk-2323,EC2,2026-09-01,USD,1.00
acct-alpha-prod,res-bulk-2324,EC2,2026-09-01,USD,1.00
acct-alpha-prod,res-bulk-2325,EC2,2026-09-01,USD,1.00
acct-alpha-prod,res-bulk-2326,EC2,2026-09-01,USD,1.00
acct-alpha-prod,res-bulk-2327,EC2,2026-09-01,USD,1.00
acct-alpha-prod,res-bulk-2328,EC2,2026-09-01,USD,1.00
acct-alpha-prod,res-bulk-2329,EC2,2026-09-01,USD,1.00
acct-alpha-prod,res-bulk-2330,EC2,2026-09-01,USD,1.00
acct-alpha-prod,res-bulk-2331,EC2,2026-09-01,USD,1.00
acct-alpha-prod,res-bulk-2332,EC2,2026-09-01,USD,1.00
acct-alpha-prod,res-bulk-2333,EC2,2026-09-01,USD,1.00
acct-alpha-prod,res-bulk-2334,EC2,2026-09-01,USD,1.00
acct-alpha-prod,res-bulk-2335,EC2,2026-09-01,USD,1.00
acct-alpha-prod,res-bulk-2336,EC2,2026-09-01,USD,1.00
acct-alpha-prod,res-bulk-2337,EC2,2026-09-01,USD,1.00
acct-alpha-prod,res-bulk-2338,EC2,2026-09-01,USD,1.00
acct-alpha-prod,res-bulk-2339,EC2,2026-09-01,USD,1.00
acct-alpha-prod,res-bulk-2340,EC2,2026-09-01,USD,1.00
acct-alpha-prod,res-bulk-2341,EC2,2026-09-01,USD,1.00
acct-alpha-prod,res-bulk-2342,EC2,2026-09-01,USD,1.00
acct-alpha-prod,res-bulk-2343,EC2,2026-09-01,USD,1.00
acct-alpha-prod,res-bulk-2344,EC2,2026-09-01,USD,1.00
acct-alpha-prod,res-bulk-2345,EC2,2026-09-01,USD,1.00
acct-alpha-prod,res-bulk-2346,EC2,2026-09-01,USD,1.00
acct-alpha-prod,res-bulk-2347,EC2,2026-09-01,USD,1.00
acct-alpha-prod,res-bulk-2348,EC2,2026-09-01,USD,1.00
acct-alpha-prod,res-bulk-2349,EC2,2026-09-01,USD,1.00
acct-alpha-prod,res-bulk-2350,EC2,2026-09-01,USD,1.00
acct-alpha-prod,res-bulk-2351,EC2,2026-09-01,USD,1.00
acct-alpha-prod,res-bulk-2352,EC2,2026-09-01,USD,1.00
acct-alpha-prod,res-bulk-2353,EC2,2026-09-01,USD,1.00
acct-alpha-prod,res-bulk-2354,EC2,2026-09-01,USD,1.00
acct-alpha-prod,res-bulk-2355,EC2,2026-09-01,USD,1.00
acct-alpha-prod,res-bulk-2356,EC2,2026-09-01,USD,1.00
acct-alpha-prod,res-bulk-2357,EC2,2026-09-01,USD,1.00
acct-alpha-prod,res-bulk-2358,EC2,2026-09-01,USD,1.00
acct-alpha-prod,res-bulk-2359,EC2,2026-09-01,USD,1.00
acct-alpha-prod,res-bulk-2360,EC2,2026-09-01,USD,1.00
acct-alpha-prod,res-bulk-2361,EC2,2026-09-01,USD,1.00
acct-alpha-prod,res-bulk-2362,EC2,2026-09-01,USD,1.00
acct-alpha-prod,res-bulk-2363,EC2,2026-09-01,USD,1.00
acct-alpha-prod,res-bulk-2364,EC2,2026-09-01,USD,1.00
acct-alpha-prod,res-bulk-2365,EC2,2026-09-01,USD,1.00
acct-alpha-prod,res-bulk-2366,EC2,2026-09-01,USD,1.00
acct-alpha-prod,res-bulk-2367,EC2,2026-09-01,USD,1.00
acct-alpha-prod,res-bulk-2368,EC2,2026-09-01,USD,1.00
acct-alpha-prod,res-bulk-2369,EC2,2026-09-01,USD,1.00
acct-alpha-prod,res-bulk-2370,EC2,2026-09-01,USD,1.00
acct-alpha-prod,res-bulk-2371,EC2,2026-09-01,USD,1.00
acct-alpha-prod,res-bulk-2372,EC2,2026-09-01,USD,1.00
acct-alpha-prod,res-bulk-2373,EC2,2026-09-01,USD,1.00
acct-alpha-prod,res-bulk-2374,EC2,2026-09-01,USD,1.00
acct-alpha-prod,res-bulk-2375,EC2,2026-09-01,USD,1.00
acct-alpha-prod,res-bulk-2376,EC2,2026-09-01,USD,1.00
acct-alpha-prod,res-bulk-2377,EC2,2026-09-01,USD,1.00
acct-alpha-prod,res-bulk-2378,EC2,2026-09-01,USD,1.00
acct-alpha-prod,res-bulk-2379,EC2,2026-09-01,USD,1.00
acct-alpha-prod,res-bulk-2380,EC2,2026-09-01,USD,1.00
acct-alpha-prod,res-bulk-2381,EC2,2026-09-01,USD,1.00
acct-alpha-prod,res-bulk-2382,EC2,2026-09-01,USD,1.00
acct-alpha-prod,res-bulk-2383,EC2,2026-09-01,USD,1.00
acct-alpha-prod,res-bulk-2384,EC2,2026-09-01,USD,1.00
acct-alpha-prod,res-bulk-2385,EC2,2026-09-01,USD,1.00
acct-alpha-prod,res-bulk-2386,EC2,2026-09-01,USD,1.00
acct-alpha-prod,res-bulk-2387,EC2,2026-09-01,USD,1.00
acct-alpha-prod,res-bulk-2388,EC2,2026-09-01,USD,1.00
acct-alpha-prod,res-bulk-2389,EC2,2026-09-01,USD,1.00
acct-alpha-prod,res-bulk-2390,EC2,2026-09-01,USD,1.00
acct-alpha-prod,res-bulk-2391,EC2,2026-09-01,USD,1.00
acct-alpha-prod,res-bulk-2392,EC2,2026-09-01,USD,1.00
acct-alpha-prod,res-bulk-2393,EC2,2026-09-01,USD,1.00
acct-alpha-prod,res-bulk-2394,EC2,2026-09-01,USD,1.00
acct-alpha-prod,res-bulk-2395,EC2,2026-09-01,USD,1.00
acct-alpha-prod,res-bulk-2396,EC2,2026-09-01,USD,1.00
acct-alpha-prod,res-bulk-2397,EC2,2026-09-01,USD,1.00
acct-alpha-prod,res-bulk-2398,EC2,2026-09-01,USD,1.00
acct-alpha-prod,res-bulk-2399,EC2,2026-09-01,USD,1.00
acct-alpha-prod,res-bulk-2400,EC2,2026-09-01,USD,1.00
acct-alpha-prod,res-bulk-2401,EC2,2026-09-01,USD,1.00
acct-alpha-prod,res-bulk-2402,EC2,2026-09-01,USD,1.00
acct-alpha-prod,res-bulk-2403,EC2,2026-09-01,USD,1.00
acct-alpha-prod,res-bulk-2404,EC2,2026-09-01,USD,1.00
acct-alpha-prod,res-bulk-2405,EC2,2026-09-01,USD,1.00
acct-alpha-prod,res-bulk-2406,EC2,2026-09-01,USD,1.00
acct-alpha-prod,res-bulk-2407,EC2,2026-09-01,USD,1.00
acct-alpha-prod,res-bulk-2408,EC2,2026-09-01,USD,1.00
acct-alpha-prod,res-bulk-2409,EC2,2026-09-01,USD,1.00
acct-alpha-prod,res-bulk-2410,EC2,2026-09-01,USD,1.00
acct-alpha-prod,res-bulk-2411,EC2,2026-09-01,USD,1.00
acct-alpha-prod,res-bulk-2412,EC2,2026-09-01,USD,1.00
acct-alpha-prod,res-bulk-2413,EC2,2026-09-01,USD,1.00
acct-alpha-prod,res-bulk-2414,EC2,2026-09-01,USD,1.00
acct-alpha-prod,res-bulk-2415,EC2,2026-09-01,USD,1.00
acct-alpha-prod,res-bulk-2416,EC2,2026-09-01,USD,1.00
acct-alpha-prod,res-bulk-2417,EC2,2026-09-01,USD,1.00
acct-alpha-prod,res-bulk-2418,EC2,2026-09-01,USD,1.00
acct-alpha-prod,res-bulk-2419,EC2,2026-09-01,USD,1.00
acct-alpha-prod,res-bulk-2420,EC2,2026-09-01,USD,1.00
acct-alpha-prod,res-bulk-2421,EC2,2026-09-01,USD,1.00
acct-alpha-prod,res-bulk-2422,EC2,2026-09-01,USD,1.00
acct-alpha-prod,res-bulk-2423,EC2,2026-09-01,USD,1.00
acct-alpha-prod,res-bulk-2424,EC2,2026-09-01,USD,1.00
acct-alpha-prod,res-bulk-2425,EC2,2026-09-01,USD,1.00
acct-alpha-prod,res-bulk-2426,EC2,2026-09-01,USD,1.00
acct-alpha-prod,res-bulk-2427,EC2,2026-09-01,USD,1.00
acct-alpha-prod,res-bulk-2428,EC2,2026-09-01,USD,1.00
acct-alpha-prod,res-bulk-2429,EC2,2026-09-01,USD,1.00
acct-alpha-prod,res-bulk-2430,EC2,2026-09-01,USD,1.00
acct-alpha-prod,res-bulk-2431,EC2,2026-09-01,USD,1.00
acct-alpha-prod,res-bulk-2432,EC2,2026-09-01,USD,1.00
acct-alpha-prod,res-bulk-2433,EC2,2026-09-01,USD,1.00
acct-alpha-prod,res-bulk-2434,EC2,2026-09-01,USD,1.00
acct-alpha-prod,res-bulk-2435,EC2,2026-09-01,USD,1.00
acct-alpha-prod,res-bulk-2436,EC2,2026-09-01,USD,1.00
acct-alpha-prod,res-bulk-2437,EC2,2026-09-01,USD,1.00
acct-alpha-prod,res-bulk-2438,EC2,2026-09-01,USD,1.00
acct-alpha-prod,res-bulk-2439,EC2,2026-09-01,USD,1.00
acct-alpha-prod,res-bulk-2440,EC2,2026-09-01,USD,1.00
acct-alpha-prod,res-bulk-2441,EC2,2026-09-01,USD,1.00
acct-alpha-prod,res-bulk-2442,EC2,2026-09-01,USD,1.00
acct-alpha-prod,res-bulk-2443,EC2,2026-09-01,USD,1.00
acct-alpha-prod,res-bulk-2444,EC2,2026-09-01,USD,1.00
acct-alpha-prod,res-bulk-2445,EC2,2026-09-01,USD,1.00
acct-alpha-prod,res-bulk-2446,EC2,2026-09-01,USD,1.00
acct-alpha-prod,res-bulk-2447,EC2,2026-09-01,USD,1.00
acct-alpha-prod,res-bulk-2448,EC2,2026-09-01,USD,1.00
acct-alpha-prod,res-bulk-2449,EC2,2026-09-01,USD,1.00
acct-alpha-prod,res-bulk-2450,EC2,2026-09-01,USD,1.00
acct-alpha-prod,res-bulk-2451,EC2,2026-09-01,USD,1.00
acct-alpha-prod,res-bulk-2452,EC2,2026-09-01,USD,1.00
acct-alpha-prod,res-bulk-2453,EC2,2026-09-01,USD,1.00
acct-alpha-prod,res-bulk-2454,EC2,2026-09-01,USD,1.00
acct-alpha-prod,res-bulk-2455,EC2,2026-09-01,USD,1.00
acct-alpha-prod,res-bulk-2456,EC2,2026-09-01,USD,1.00
acct-alpha-prod,res-bulk-2457,EC2,2026-09-01,USD,1.00
acct-alpha-prod,res-bulk-2458,EC2,2026-09-01,USD,1.00
acct-alpha-prod,res-bulk-2459,EC2,2026-09-01,USD,1.00
acct-alpha-prod,res-bulk-2460,EC2,2026-09-01,USD,1.00
acct-alpha-prod,res-bulk-2461,EC2,2026-09-01,USD,1.00
acct-alpha-prod,res-bulk-2462,EC2,2026-09-01,USD,1.00
acct-alpha-prod,res-bulk-2463,EC2,2026-09-01,USD,1.00
acct-alpha-prod,res-bulk-2464,EC2,2026-09-01,USD,1.00
acct-alpha-prod,res-bulk-2465,EC2,2026-09-01,USD,1.00
acct-alpha-prod,res-bulk-2466,EC2,2026-09-01,USD,1.00
acct-alpha-prod,res-bulk-2467,EC2,2026-09-01,USD,1.00
acct-alpha-prod,res-bulk-2468,EC2,2026-09-01,USD,1.00
acct-alpha-prod,res-bulk-2469,EC2,2026-09-01,USD,1.00
acct-alpha-prod,res-bulk-2470,EC2,2026-09-01,USD,1.00
acct-alpha-prod,res-bulk-2471,EC2,2026-09-01,USD,1.00
acct-alpha-prod,res-bulk-2472,EC2,2026-09-01,USD,1.00
acct-alpha-prod,res-bulk-2473,EC2,2026-09-01,USD,1.00
acct-alpha-prod,res-bulk-2474,EC2,2026-09-01,USD,1.00
acct-alpha-prod,res-bulk-2475,EC2,2026-09-01,USD,1.00
acct-alpha-prod,res-bulk-2476,EC2,2026-09-01,USD,1.00
acct-alpha-prod,res-bulk-2477,EC2,2026-09-01,USD,1.00
acct-alpha-prod,res-bulk-2478,EC2,2026-09-01,USD,1.00
acct-alpha-prod,res-bulk-2479,EC2,2026-09-01,USD,1.00
acct-alpha-prod,res-bulk-2480,EC2,2026-09-01,USD,1.00
acct-alpha-prod,res-bulk-2481,EC2,2026-09-01,USD,1.00
acct-alpha-prod,res-bulk-2482,EC2,2026-09-01,USD,1.00
acct-alpha-prod,res-bulk-2483,EC2,2026-09-01,USD,1.00
acct-alpha-prod,res-bulk-2484,EC2,2026-09-01,USD,1.00
acct-alpha-prod,res-bulk-2485,EC2,2026-09-01,USD,1.00
acct-alpha-prod,res-bulk-2486,EC2,2026-09-01,USD,1.00
acct-alpha-prod,res-bulk-2487,EC2,2026-09-01,USD,1.00
acct-alpha-prod,res-bulk-2488,EC2,2026-09-01,USD,1.00
acct-alpha-prod,res-bulk-2489,EC2,2026-09-01,USD,1.00
acct-alpha-prod,res-bulk-2490,EC2,2026-09-01,USD,1.00
acct-alpha-prod,res-bulk-2491,EC2,2026-09-01,USD,1.00
acct-alpha-prod,res-bulk-2492,EC2,2026-09-01,USD,1.00
acct-alpha-prod,res-bulk-2493,EC2,2026-09-01,USD,1.00
acct-alpha-prod,res-bulk-2494,EC2,2026-09-01,USD,1.00
acct-alpha-prod,res-bulk-2495,EC2,2026-09-01,USD,1.00
acct-alpha-prod,res-bulk-2496,EC2,2026-09-01,USD,1.00
acct-alpha-prod,res-bulk-2497,EC2,2026-09-01,USD,1.00
acct-alpha-prod,res-bulk-2498,EC2,2026-09-01,USD,1.00
acct-alpha-prod,res-bulk-2499,EC2,2026-09-01,USD,1.00
acct-alpha-prod,res-bulk-2500,EC2,2026-09-01,USD,1.00
acct-alpha-prod,res-bulk-2501,EC2,2026-09-01,USD,1.00
acct-alpha-prod,res-bulk-2502,EC2,2026-09-01,USD,1.00
acct-alpha-prod,res-bulk-2503,EC2,2026-09-01,USD,1.00
acct-alpha-prod,res-bulk-2504,EC2,2026-09-01,USD,1.00
acct-alpha-prod,res-bulk-2505,EC2,2026-09-01,USD,1.00
acct-alpha-prod,res-bulk-2506,EC2,2026-09-01,USD,1.00
acct-alpha-prod,res-bulk-2507,EC2,2026-09-01,USD,1.00
acct-alpha-prod,res-bulk-2508,EC2,2026-09-01,USD,1.00
acct-alpha-prod,res-bulk-2509,EC2,2026-09-01,USD,1.00
acct-alpha-prod,res-bulk-2510,EC2,2026-09-01,USD,1.00
acct-alpha-prod,res-bulk-2511,EC2,2026-09-01,USD,1.00
acct-alpha-prod,res-bulk-2512,EC2,2026-09-01,USD,1.00
acct-alpha-prod,res-bulk-2513,EC2,2026-09-01,USD,1.00
acct-alpha-prod,res-bulk-2514,EC2,2026-09-01,USD,1.00
acct-alpha-prod,res-bulk-2515,EC2,2026-09-01,USD,1.00
acct-alpha-prod,res-bulk-2516,EC2,2026-09-01,USD,1.00
acct-alpha-prod,res-bulk-2517,EC2,2026-09-01,USD,1.00
acct-alpha-prod,res-bulk-2518,EC2,2026-09-01,USD,1.00
acct-alpha-prod,res-bulk-2519,EC2,2026-09-01,USD,1.00
acct-alpha-prod,res-bulk-2520,EC2,2026-09-01,USD,1.00
acct-alpha-prod,res-bulk-2521,EC2,2026-09-01,USD,1.00
acct-alpha-prod,res-bulk-2522,EC2,2026-09-01,USD,1.00
acct-alpha-prod,res-bulk-2523,EC2,2026-09-01,USD,1.00
acct-alpha-prod,res-bulk-2524,EC2,2026-09-01,USD,1.00
acct-alpha-prod,res-bulk-2525,EC2,2026-09-01,USD,1.00
acct-alpha-prod,res-bulk-2526,EC2,2026-09-01,USD,1.00
acct-alpha-prod,res-bulk-2527,EC2,2026-09-01,USD,1.00
acct-alpha-prod,res-bulk-2528,EC2,2026-09-01,USD,1.00
acct-alpha-prod,res-bulk-2529,EC2,2026-09-01,USD,1.00
acct-alpha-prod,res-bulk-2530,EC2,2026-09-01,USD,1.00
acct-alpha-prod,res-bulk-2531,EC2,2026-09-01,USD,1.00
acct-alpha-prod,res-bulk-2532,EC2,2026-09-01,USD,1.00
acct-alpha-prod,res-bulk-2533,EC2,2026-09-01,USD,1.00
acct-alpha-prod,res-bulk-2534,EC2,2026-09-01,USD,1.00
acct-alpha-prod,res-bulk-2535,EC2,2026-09-01,USD,1.00
acct-alpha-prod,res-bulk-2536,EC2,2026-09-01,USD,1.00
acct-alpha-prod,res-bulk-2537,EC2,2026-09-01,USD,1.00
acct-alpha-prod,res-bulk-2538,EC2,2026-09-01,USD,1.00
acct-alpha-prod,res-bulk-2539,EC2,2026-09-01,USD,1.00
acct-alpha-prod,res-bulk-2540,EC2,2026-09-01,USD,1.00
acct-alpha-prod,res-bulk-2541,EC2,2026-09-01,USD,1.00
acct-alpha-prod,res-bulk-2542,EC2,2026-09-01,USD,1.00
acct-alpha-prod,res-bulk-2543,EC2,2026-09-01,USD,1.00
acct-alpha-prod,res-bulk-2544,EC2,2026-09-01,USD,1.00
acct-alpha-prod,res-bulk-2545,EC2,2026-09-01,USD,1.00
acct-alpha-prod,res-bulk-2546,EC2,2026-09-01,USD,1.00
acct-alpha-prod,res-bulk-2547,EC2,2026-09-01,USD,1.00
acct-alpha-prod,res-bulk-2548,EC2,2026-09-01,USD,1.00
acct-alpha-prod,res-bulk-2549,EC2,2026-09-01,USD,1.00
acct-alpha-prod,res-bulk-2550,EC2,2026-09-01,USD,1.00
acct-alpha-prod,res-bulk-2551,EC2,2026-09-01,USD,1.00
acct-alpha-prod,res-bulk-2552,EC2,2026-09-01,USD,1.00
acct-alpha-prod,res-bulk-2553,EC2,2026-09-01,USD,1.00
acct-alpha-prod,res-bulk-2554,EC2,2026-09-01,USD,1.00
acct-alpha-prod,res-bulk-2555,EC2,2026-09-01,USD,1.00
acct-alpha-prod,res-bulk-2556,EC2,2026-09-01,USD,1.00
acct-alpha-prod,res-bulk-2557,EC2,2026-09-01,USD,1.00
acct-alpha-prod,res-bulk-2558,EC2,2026-09-01,USD,1.00
acct-alpha-prod,res-bulk-2559,EC2,2026-09-01,USD,1.00
acct-alpha-prod,res-bulk-2560,EC2,2026-09-01,USD,1.00
acct-alpha-prod,res-bulk-2561,EC2,2026-09-01,USD,1.00
acct-alpha-prod,res-bulk-2562,EC2,2026-09-01,USD,1.00
acct-alpha-prod,res-bulk-2563,EC2,2026-09-01,USD,1.00
acct-alpha-prod,res-bulk-2564,EC2,2026-09-01,USD,1.00
acct-alpha-prod,res-bulk-2565,EC2,2026-09-01,USD,1.00
acct-alpha-prod,res-bulk-2566,EC2,2026-09-01,USD,1.00
acct-alpha-prod,res-bulk-2567,EC2,2026-09-01,USD,1.00
acct-alpha-prod,res-bulk-2568,EC2,2026-09-01,USD,1.00
acct-alpha-prod,res-bulk-2569,EC2,2026-09-01,USD,1.00
acct-alpha-prod,res-bulk-2570,EC2,2026-09-01,USD,1.00
acct-alpha-prod,res-bulk-2571,EC2,2026-09-01,USD,1.00
acct-alpha-prod,res-bulk-2572,EC2,2026-09-01,USD,1.00
acct-alpha-prod,res-bulk-2573,EC2,2026-09-01,USD,1.00
acct-alpha-prod,res-bulk-2574,EC2,2026-09-01,USD,1.00
acct-alpha-prod,res-bulk-2575,EC2,2026-09-01,USD,1.00
acct-alpha-prod,res-bulk-2576,EC2,2026-09-01,USD,1.00
acct-alpha-prod,res-bulk-2577,EC2,2026-09-01,USD,1.00
acct-alpha-prod,res-bulk-2578,EC2,2026-09-01,USD,1.00
acct-alpha-prod,res-bulk-2579,EC2,2026-09-01,USD,1.00
acct-alpha-prod,res-bulk-2580,EC2,2026-09-01,USD,1.00
acct-alpha-prod,res-bulk-2581,EC2,2026-09-01,USD,1.00
acct-alpha-prod,res-bulk-2582,EC2,2026-09-01,USD,1.00
acct-alpha-prod,res-bulk-2583,EC2,2026-09-01,USD,1.00
acct-alpha-prod,res-bulk-2584,EC2,2026-09-01,USD,1.00
acct-alpha-prod,res-bulk-2585,EC2,2026-09-01,USD,1.00
acct-alpha-prod,res-bulk-2586,EC2,2026-09-01,USD,1.00
acct-alpha-prod,res-bulk-2587,EC2,2026-09-01,USD,1.00
acct-alpha-prod,res-bulk-2588,EC2,2026-09-01,USD,1.00
acct-alpha-prod,res-bulk-2589,EC2,2026-09-01,USD,1.00
acct-alpha-prod,res-bulk-2590,EC2,2026-09-01,USD,1.00
acct-alpha-prod,res-bulk-2591,EC2,2026-09-01,USD,1.00
acct-alpha-prod,res-bulk-2592,EC2,2026-09-01,USD,1.00
acct-alpha-prod,res-bulk-2593,EC2,2026-09-01,USD,1.00
acct-alpha-prod,res-bulk-2594,EC2,2026-09-01,USD,1.00
acct-alpha-prod,res-bulk-2595,EC2,2026-09-01,USD,1.00
acct-alpha-prod,res-bulk-2596,EC2,2026-09-01,USD,1.00
acct-alpha-prod,res-bulk-2597,EC2,2026-09-01,USD,1.00
acct-alpha-prod,res-bulk-2598,EC2,2026-09-01,USD,1.00
acct-alpha-prod,res-bulk-2599,EC2,2026-09-01,USD,1.00
acct-alpha-prod,res-bulk-2600,EC2,2026-09-01,USD,1.00
acct-alpha-prod,res-bulk-2601,EC2,2026-09-01,USD,1.00
acct-alpha-prod,res-bulk-2602,EC2,2026-09-01,USD,1.00
acct-alpha-prod,res-bulk-2603,EC2,2026-09-01,USD,1.00
acct-alpha-prod,res-bulk-2604,EC2,2026-09-01,USD,1.00
acct-alpha-prod,res-bulk-2605,EC2,2026-09-01,USD,1.00
acct-alpha-prod,res-bulk-2606,EC2,2026-09-01,USD,1.00
acct-alpha-prod,res-bulk-2607,EC2,2026-09-01,USD,1.00
acct-alpha-prod,res-bulk-2608,EC2,2026-09-01,USD,1.00
acct-alpha-prod,res-bulk-2609,EC2,2026-09-01,USD,1.00
acct-alpha-prod,res-bulk-2610,EC2,2026-09-01,USD,1.00
acct-alpha-prod,res-bulk-2611,EC2,2026-09-01,USD,1.00
acct-alpha-prod,res-bulk-2612,EC2,2026-09-01,USD,1.00
acct-alpha-prod,res-bulk-2613,EC2,2026-09-01,USD,1.00
acct-alpha-prod,res-bulk-2614,EC2,2026-09-01,USD,1.00
acct-alpha-prod,res-bulk-2615,EC2,2026-09-01,USD,1.00
acct-alpha-prod,res-bulk-2616,EC2,2026-09-01,USD,1.00
acct-alpha-prod,res-bulk-2617,EC2,2026-09-01,USD,1.00
acct-alpha-prod,res-bulk-2618,EC2,2026-09-01,USD,1.00
acct-alpha-prod,res-bulk-2619,EC2,2026-09-01,USD,1.00
acct-alpha-prod,res-bulk-2620,EC2,2026-09-01,USD,1.00
acct-alpha-prod,res-bulk-2621,EC2,2026-09-01,USD,1.00
acct-alpha-prod,res-bulk-2622,EC2,2026-09-01,USD,1.00
acct-alpha-prod,res-bulk-2623,EC2,2026-09-01,USD,1.00
acct-alpha-prod,res-bulk-2624,EC2,2026-09-01,USD,1.00
acct-alpha-prod,res-bulk-2625,EC2,2026-09-01,USD,1.00
acct-alpha-prod,res-bulk-2626,EC2,2026-09-01,USD,1.00
acct-alpha-prod,res-bulk-2627,EC2,2026-09-01,USD,1.00
acct-alpha-prod,res-bulk-2628,EC2,2026-09-01,USD,1.00
acct-alpha-prod,res-bulk-2629,EC2,2026-09-01,USD,1.00
acct-alpha-prod,res-bulk-2630,EC2,2026-09-01,USD,1.00
acct-alpha-prod,res-bulk-2631,EC2,2026-09-01,USD,1.00
acct-alpha-prod,res-bulk-2632,EC2,2026-09-01,USD,1.00
acct-alpha-prod,res-bulk-2633,EC2,2026-09-01,USD,1.00
acct-alpha-prod,res-bulk-2634,EC2,2026-09-01,USD,1.00
acct-alpha-prod,res-bulk-2635,EC2,2026-09-01,USD,1.00
acct-alpha-prod,res-bulk-2636,EC2,2026-09-01,USD,1.00
acct-alpha-prod,res-bulk-2637,EC2,2026-09-01,USD,1.00
acct-alpha-prod,res-bulk-2638,EC2,2026-09-01,USD,1.00
acct-alpha-prod,res-bulk-2639,EC2,2026-09-01,USD,1.00
acct-alpha-prod,res-bulk-2640,EC2,2026-09-01,USD,1.00
acct-alpha-prod,res-bulk-2641,EC2,2026-09-01,USD,1.00
acct-alpha-prod,res-bulk-2642,EC2,2026-09-01,USD,1.00
acct-alpha-prod,res-bulk-2643,EC2,2026-09-01,USD,1.00
acct-alpha-prod,res-bulk-2644,EC2,2026-09-01,USD,1.00
acct-alpha-prod,res-bulk-2645,EC2,2026-09-01,USD,1.00
acct-alpha-prod,res-bulk-2646,EC2,2026-09-01,USD,1.00
acct-alpha-prod,res-bulk-2647,EC2,2026-09-01,USD,1.00
acct-alpha-prod,res-bulk-2648,EC2,2026-09-01,USD,1.00
acct-alpha-prod,res-bulk-2649,EC2,2026-09-01,USD,1.00
acct-alpha-prod,res-bulk-2650,EC2,2026-09-01,USD,1.00
acct-alpha-prod,res-bulk-2651,EC2,2026-09-01,USD,1.00
acct-alpha-prod,res-bulk-2652,EC2,2026-09-01,USD,1.00
acct-alpha-prod,res-bulk-2653,EC2,2026-09-01,USD,1.00
acct-alpha-prod,res-bulk-2654,EC2,2026-09-01,USD,1.00
acct-alpha-prod,res-bulk-2655,EC2,2026-09-01,USD,1.00
acct-alpha-prod,res-bulk-2656,EC2,2026-09-01,USD,1.00
acct-alpha-prod,res-bulk-2657,EC2,2026-09-01,USD,1.00
acct-alpha-prod,res-bulk-2658,EC2,2026-09-01,USD,1.00
acct-alpha-prod,res-bulk-2659,EC2,2026-09-01,USD,1.00
acct-alpha-prod,res-bulk-2660,EC2,2026-09-01,USD,1.00
acct-alpha-prod,res-bulk-2661,EC2,2026-09-01,USD,1.00
acct-alpha-prod,res-bulk-2662,EC2,2026-09-01,USD,1.00
acct-alpha-prod,res-bulk-2663,EC2,2026-09-01,USD,1.00
acct-alpha-prod,res-bulk-2664,EC2,2026-09-01,USD,1.00
acct-alpha-prod,res-bulk-2665,EC2,2026-09-01,USD,1.00
acct-alpha-prod,res-bulk-2666,EC2,2026-09-01,USD,1.00
acct-alpha-prod,res-bulk-2667,EC2,2026-09-01,USD,1.00
acct-alpha-prod,res-bulk-2668,EC2,2026-09-01,USD,1.00
acct-alpha-prod,res-bulk-2669,EC2,2026-09-01,USD,1.00
acct-alpha-prod,res-bulk-2670,EC2,2026-09-01,USD,1.00
acct-alpha-prod,res-bulk-2671,EC2,2026-09-01,USD,1.00
acct-alpha-prod,res-bulk-2672,EC2,2026-09-01,USD,1.00
acct-alpha-prod,res-bulk-2673,EC2,2026-09-01,USD,1.00
acct-alpha-prod,res-bulk-2674,EC2,2026-09-01,USD,1.00
acct-alpha-prod,res-bulk-2675,EC2,2026-09-01,USD,1.00
acct-alpha-prod,res-bulk-2676,EC2,2026-09-01,USD,1.00
acct-alpha-prod,res-bulk-2677,EC2,2026-09-01,USD,1.00
acct-alpha-prod,res-bulk-2678,EC2,2026-09-01,USD,1.00
acct-alpha-prod,res-bulk-2679,EC2,2026-09-01,USD,1.00
acct-alpha-prod,res-bulk-2680,EC2,2026-09-01,USD,1.00
acct-alpha-prod,res-bulk-2681,EC2,2026-09-01,USD,1.00
acct-alpha-prod,res-bulk-2682,EC2,2026-09-01,USD,1.00
acct-alpha-prod,res-bulk-2683,EC2,2026-09-01,USD,1.00
acct-alpha-prod,res-bulk-2684,EC2,2026-09-01,USD,1.00
acct-alpha-prod,res-bulk-2685,EC2,2026-09-01,USD,1.00
acct-alpha-prod,res-bulk-2686,EC2,2026-09-01,USD,1.00
acct-alpha-prod,res-bulk-2687,EC2,2026-09-01,USD,1.00
acct-alpha-prod,res-bulk-2688,EC2,2026-09-01,USD,1.00
acct-alpha-prod,res-bulk-2689,EC2,2026-09-01,USD,1.00
acct-alpha-prod,res-bulk-2690,EC2,2026-09-01,USD,1.00
acct-alpha-prod,res-bulk-2691,EC2,2026-09-01,USD,1.00
acct-alpha-prod,res-bulk-2692,EC2,2026-09-01,USD,1.00
acct-alpha-prod,res-bulk-2693,EC2,2026-09-01,USD,1.00
acct-alpha-prod,res-bulk-2694,EC2,2026-09-01,USD,1.00
acct-alpha-prod,res-bulk-2695,EC2,2026-09-01,USD,1.00
acct-alpha-prod,res-bulk-2696,EC2,2026-09-01,USD,1.00
acct-alpha-prod,res-bulk-2697,EC2,2026-09-01,USD,1.00
acct-alpha-prod,res-bulk-2698,EC2,2026-09-01,USD,1.00
acct-alpha-prod,res-bulk-2699,EC2,2026-09-01,USD,1.00
acct-alpha-prod,res-bulk-2700,EC2,2026-09-01,USD,1.00
acct-alpha-prod,res-bulk-2701,EC2,2026-09-01,USD,1.00
acct-alpha-prod,res-bulk-2702,EC2,2026-09-01,USD,1.00
acct-alpha-prod,res-bulk-2703,EC2,2026-09-01,USD,1.00
acct-alpha-prod,res-bulk-2704,EC2,2026-09-01,USD,1.00
acct-alpha-prod,res-bulk-2705,EC2,2026-09-01,USD,1.00
acct-alpha-prod,res-bulk-2706,EC2,2026-09-01,USD,1.00
acct-alpha-prod,res-bulk-2707,EC2,2026-09-01,USD,1.00
acct-alpha-prod,res-bulk-2708,EC2,2026-09-01,USD,1.00
acct-alpha-prod,res-bulk-2709,EC2,2026-09-01,USD,1.00
acct-alpha-prod,res-bulk-2710,EC2,2026-09-01,USD,1.00
acct-alpha-prod,res-bulk-2711,EC2,2026-09-01,USD,1.00
acct-alpha-prod,res-bulk-2712,EC2,2026-09-01,USD,1.00
acct-alpha-prod,res-bulk-2713,EC2,2026-09-01,USD,1.00
acct-alpha-prod,res-bulk-2714,EC2,2026-09-01,USD,1.00
acct-alpha-prod,res-bulk-2715,EC2,2026-09-01,USD,1.00
acct-alpha-prod,res-bulk-2716,EC2,2026-09-01,USD,1.00
acct-alpha-prod,res-bulk-2717,EC2,2026-09-01,USD,1.00
acct-alpha-prod,res-bulk-2718,EC2,2026-09-01,USD,1.00
acct-alpha-prod,res-bulk-2719,EC2,2026-09-01,USD,1.00
acct-alpha-prod,res-bulk-2720,EC2,2026-09-01,USD,1.00
acct-alpha-prod,res-bulk-2721,EC2,2026-09-01,USD,1.00
acct-alpha-prod,res-bulk-2722,EC2,2026-09-01,USD,1.00
acct-alpha-prod,res-bulk-2723,EC2,2026-09-01,USD,1.00
acct-alpha-prod,res-bulk-2724,EC2,2026-09-01,USD,1.00
acct-alpha-prod,res-bulk-2725,EC2,2026-09-01,USD,1.00
acct-alpha-prod,res-bulk-2726,EC2,2026-09-01,USD,1.00
acct-alpha-prod,res-bulk-2727,EC2,2026-09-01,USD,1.00
acct-alpha-prod,res-bulk-2728,EC2,2026-09-01,USD,1.00
acct-alpha-prod,res-bulk-2729,EC2,2026-09-01,USD,1.00
acct-alpha-prod,res-bulk-2730,EC2,2026-09-01,USD,1.00
acct-alpha-prod,res-bulk-2731,EC2,2026-09-01,USD,1.00
acct-alpha-prod,res-bulk-2732,EC2,2026-09-01,USD,1.00
acct-alpha-prod,res-bulk-2733,EC2,2026-09-01,USD,1.00
acct-alpha-prod,res-bulk-2734,EC2,2026-09-01,USD,1.00
acct-alpha-prod,res-bulk-2735,EC2,2026-09-01,USD,1.00
acct-alpha-prod,res-bulk-2736,EC2,2026-09-01,USD,1.00
acct-alpha-prod,res-bulk-2737,EC2,2026-09-01,USD,1.00
acct-alpha-prod,res-bulk-2738,EC2,2026-09-01,USD,1.00
acct-alpha-prod,res-bulk-2739,EC2,2026-09-01,USD,1.00
acct-alpha-prod,res-bulk-2740,EC2,2026-09-01,USD,1.00
acct-alpha-prod,res-bulk-2741,EC2,2026-09-01,USD,1.00
acct-alpha-prod,res-bulk-2742,EC2,2026-09-01,USD,1.00
acct-alpha-prod,res-bulk-2743,EC2,2026-09-01,USD,1.00
acct-alpha-prod,res-bulk-2744,EC2,2026-09-01,USD,1.00
acct-alpha-prod,res-bulk-2745,EC2,2026-09-01,USD,1.00
acct-alpha-prod,res-bulk-2746,EC2,2026-09-01,USD,1.00
acct-alpha-prod,res-bulk-2747,EC2,2026-09-01,USD,1.00
acct-alpha-prod,res-bulk-2748,EC2,2026-09-01,USD,1.00
acct-alpha-prod,res-bulk-2749,EC2,2026-09-01,USD,1.00
acct-alpha-prod,res-bulk-2750,EC2,2026-09-01,USD,1.00
acct-alpha-prod,res-bulk-2751,EC2,2026-09-01,USD,1.00
acct-alpha-prod,res-bulk-2752,EC2,2026-09-01,USD,1.00
acct-alpha-prod,res-bulk-2753,EC2,2026-09-01,USD,1.00
acct-alpha-prod,res-bulk-2754,EC2,2026-09-01,USD,1.00
acct-alpha-prod,res-bulk-2755,EC2,2026-09-01,USD,1.00
acct-alpha-prod,res-bulk-2756,EC2,2026-09-01,USD,1.00
acct-alpha-prod,res-bulk-2757,EC2,2026-09-01,USD,1.00
acct-alpha-prod,res-bulk-2758,EC2,2026-09-01,USD,1.00
acct-alpha-prod,res-bulk-2759,EC2,2026-09-01,USD,1.00
acct-alpha-prod,res-bulk-2760,EC2,2026-09-01,USD,1.00
acct-alpha-prod,res-bulk-2761,EC2,2026-09-01,USD,1.00
acct-alpha-prod,res-bulk-2762,EC2,2026-09-01,USD,1.00
acct-alpha-prod,res-bulk-2763,EC2,2026-09-01,USD,1.00
acct-alpha-prod,res-bulk-2764,EC2,2026-09-01,USD,1.00
acct-alpha-prod,res-bulk-2765,EC2,2026-09-01,USD,1.00
acct-alpha-prod,res-bulk-2766,EC2,2026-09-01,USD,1.00
acct-alpha-prod,res-bulk-2767,EC2,2026-09-01,USD,1.00
acct-alpha-prod,res-bulk-2768,EC2,2026-09-01,USD,1.00
acct-alpha-prod,res-bulk-2769,EC2,2026-09-01,USD,1.00
acct-alpha-prod,res-bulk-2770,EC2,2026-09-01,USD,1.00
acct-alpha-prod,res-bulk-2771,EC2,2026-09-01,USD,1.00
acct-alpha-prod,res-bulk-2772,EC2,2026-09-01,USD,1.00
acct-alpha-prod,res-bulk-2773,EC2,2026-09-01,USD,1.00
acct-alpha-prod,res-bulk-2774,EC2,2026-09-01,USD,1.00
acct-alpha-prod,res-bulk-2775,EC2,2026-09-01,USD,1.00
acct-alpha-prod,res-bulk-2776,EC2,2026-09-01,USD,1.00
acct-alpha-prod,res-bulk-2777,EC2,2026-09-01,USD,1.00
acct-alpha-prod,res-bulk-2778,EC2,2026-09-01,USD,1.00
acct-alpha-prod,res-bulk-2779,EC2,2026-09-01,USD,1.00
acct-alpha-prod,res-bulk-2780,EC2,2026-09-01,USD,1.00
acct-alpha-prod,res-bulk-2781,EC2,2026-09-01,USD,1.00
acct-alpha-prod,res-bulk-2782,EC2,2026-09-01,USD,1.00
acct-alpha-prod,res-bulk-2783,EC2,2026-09-01,USD,1.00
acct-alpha-prod,res-bulk-2784,EC2,2026-09-01,USD,1.00
acct-alpha-prod,res-bulk-2785,EC2,2026-09-01,USD,1.00
acct-alpha-prod,res-bulk-2786,EC2,2026-09-01,USD,1.00
acct-alpha-prod,res-bulk-2787,EC2,2026-09-01,USD,1.00
acct-alpha-prod,res-bulk-2788,EC2,2026-09-01,USD,1.00
acct-alpha-prod,res-bulk-2789,EC2,2026-09-01,USD,1.00
acct-alpha-prod,res-bulk-2790,EC2,2026-09-01,USD,1.00
acct-alpha-prod,res-bulk-2791,EC2,2026-09-01,USD,1.00
acct-alpha-prod,res-bulk-2792,EC2,2026-09-01,USD,1.00
acct-alpha-prod,res-bulk-2793,EC2,2026-09-01,USD,1.00
acct-alpha-prod,res-bulk-2794,EC2,2026-09-01,USD,1.00
acct-alpha-prod,res-bulk-2795,EC2,2026-09-01,USD,1.00
acct-alpha-prod,res-bulk-2796,EC2,2026-09-01,USD,1.00
acct-alpha-prod,res-bulk-2797,EC2,2026-09-01,USD,1.00
acct-alpha-prod,res-bulk-2798,EC2,2026-09-01,USD,1.00
acct-alpha-prod,res-bulk-2799,EC2,2026-09-01,USD,1.00
acct-alpha-prod,res-bulk-2800,EC2,2026-09-01,USD,1.00
acct-alpha-prod,res-bulk-2801,EC2,2026-09-01,USD,1.00
acct-alpha-prod,res-bulk-2802,EC2,2026-09-01,USD,1.00
acct-alpha-prod,res-bulk-2803,EC2,2026-09-01,USD,1.00
acct-alpha-prod,res-bulk-2804,EC2,2026-09-01,USD,1.00
acct-alpha-prod,res-bulk-2805,EC2,2026-09-01,USD,1.00
acct-alpha-prod,res-bulk-2806,EC2,2026-09-01,USD,1.00
acct-alpha-prod,res-bulk-2807,EC2,2026-09-01,USD,1.00
acct-alpha-prod,res-bulk-2808,EC2,2026-09-01,USD,1.00
acct-alpha-prod,res-bulk-2809,EC2,2026-09-01,USD,1.00
acct-alpha-prod,res-bulk-2810,EC2,2026-09-01,USD,1.00
acct-alpha-prod,res-bulk-2811,EC2,2026-09-01,USD,1.00
acct-alpha-prod,res-bulk-2812,EC2,2026-09-01,USD,1.00
acct-alpha-prod,res-bulk-2813,EC2,2026-09-01,USD,1.00
acct-alpha-prod,res-bulk-2814,EC2,2026-09-01,USD,1.00
acct-alpha-prod,res-bulk-2815,EC2,2026-09-01,USD,1.00
acct-alpha-prod,res-bulk-2816,EC2,2026-09-01,USD,1.00
acct-alpha-prod,res-bulk-2817,EC2,2026-09-01,USD,1.00
acct-alpha-prod,res-bulk-2818,EC2,2026-09-01,USD,1.00
acct-alpha-prod,res-bulk-2819,EC2,2026-09-01,USD,1.00
acct-alpha-prod,res-bulk-2820,EC2,2026-09-01,USD,1.00
acct-alpha-prod,res-bulk-2821,EC2,2026-09-01,USD,1.00
acct-alpha-prod,res-bulk-2822,EC2,2026-09-01,USD,1.00
acct-alpha-prod,res-bulk-2823,EC2,2026-09-01,USD,1.00
acct-alpha-prod,res-bulk-2824,EC2,2026-09-01,USD,1.00
acct-alpha-prod,res-bulk-2825,EC2,2026-09-01,USD,1.00
acct-alpha-prod,res-bulk-2826,EC2,2026-09-01,USD,1.00
acct-alpha-prod,res-bulk-2827,EC2,2026-09-01,USD,1.00
acct-alpha-prod,res-bulk-2828,EC2,2026-09-01,USD,1.00
acct-alpha-prod,res-bulk-2829,EC2,2026-09-01,USD,1.00
acct-alpha-prod,res-bulk-2830,EC2,2026-09-01,USD,1.00
acct-alpha-prod,res-bulk-2831,EC2,2026-09-01,USD,1.00
acct-alpha-prod,res-bulk-2832,EC2,2026-09-01,USD,1.00
acct-alpha-prod,res-bulk-2833,EC2,2026-09-01,USD,1.00
acct-alpha-prod,res-bulk-2834,EC2,2026-09-01,USD,1.00
acct-alpha-prod,res-bulk-2835,EC2,2026-09-01,USD,1.00
acct-alpha-prod,res-bulk-2836,EC2,2026-09-01,USD,1.00
acct-alpha-prod,res-bulk-2837,EC2,2026-09-01,USD,1.00
acct-alpha-prod,res-bulk-2838,EC2,2026-09-01,USD,1.00
acct-alpha-prod,res-bulk-2839,EC2,2026-09-01,USD,1.00
acct-alpha-prod,res-bulk-2840,EC2,2026-09-01,USD,1.00
acct-alpha-prod,res-bulk-2841,EC2,2026-09-01,USD,1.00
acct-alpha-prod,res-bulk-2842,EC2,2026-09-01,USD,1.00
acct-alpha-prod,res-bulk-2843,EC2,2026-09-01,USD,1.00
acct-alpha-prod,res-bulk-2844,EC2,2026-09-01,USD,1.00
acct-alpha-prod,res-bulk-2845,EC2,2026-09-01,USD,1.00
acct-alpha-prod,res-bulk-2846,EC2,2026-09-01,USD,1.00
acct-alpha-prod,res-bulk-2847,EC2,2026-09-01,USD,1.00
acct-alpha-prod,res-bulk-2848,EC2,2026-09-01,USD,1.00
acct-alpha-prod,res-bulk-2849,EC2,2026-09-01,USD,1.00
acct-alpha-prod,res-bulk-2850,EC2,2026-09-01,USD,1.00
acct-alpha-prod,res-bulk-2851,EC2,2026-09-01,USD,1.00
acct-alpha-prod,res-bulk-2852,EC2,2026-09-01,USD,1.00
acct-alpha-prod,res-bulk-2853,EC2,2026-09-01,USD,1.00
acct-alpha-prod,res-bulk-2854,EC2,2026-09-01,USD,1.00
acct-alpha-prod,res-bulk-2855,EC2,2026-09-01,USD,1.00
acct-alpha-prod,res-bulk-2856,EC2,2026-09-01,USD,1.00
acct-alpha-prod,res-bulk-2857,EC2,2026-09-01,USD,1.00
acct-alpha-prod,res-bulk-2858,EC2,2026-09-01,USD,1.00
acct-alpha-prod,res-bulk-2859,EC2,2026-09-01,USD,1.00
acct-alpha-prod,res-bulk-2860,EC2,2026-09-01,USD,1.00
acct-alpha-prod,res-bulk-2861,EC2,2026-09-01,USD,1.00
acct-alpha-prod,res-bulk-2862,EC2,2026-09-01,USD,1.00
acct-alpha-prod,res-bulk-2863,EC2,2026-09-01,USD,1.00
acct-alpha-prod,res-bulk-2864,EC2,2026-09-01,USD,1.00
acct-alpha-prod,res-bulk-2865,EC2,2026-09-01,USD,1.00
acct-alpha-prod,res-bulk-2866,EC2,2026-09-01,USD,1.00
acct-alpha-prod,res-bulk-2867,EC2,2026-09-01,USD,1.00
acct-alpha-prod,res-bulk-2868,EC2,2026-09-01,USD,1.00
acct-alpha-prod,res-bulk-2869,EC2,2026-09-01,USD,1.00
acct-alpha-prod,res-bulk-2870,EC2,2026-09-01,USD,1.00
acct-alpha-prod,res-bulk-2871,EC2,2026-09-01,USD,1.00
acct-alpha-prod,res-bulk-2872,EC2,2026-09-01,USD,1.00
acct-alpha-prod,res-bulk-2873,EC2,2026-09-01,USD,1.00
acct-alpha-prod,res-bulk-2874,EC2,2026-09-01,USD,1.00
acct-alpha-prod,res-bulk-2875,EC2,2026-09-01,USD,1.00
acct-alpha-prod,res-bulk-2876,EC2,2026-09-01,USD,1.00
acct-alpha-prod,res-bulk-2877,EC2,2026-09-01,USD,1.00
acct-alpha-prod,res-bulk-2878,EC2,2026-09-01,USD,1.00
acct-alpha-prod,res-bulk-2879,EC2,2026-09-01,USD,1.00
acct-alpha-prod,res-bulk-2880,EC2,2026-09-01,USD,1.00
acct-alpha-prod,res-bulk-2881,EC2,2026-09-01,USD,1.00
acct-alpha-prod,res-bulk-2882,EC2,2026-09-01,USD,1.00
acct-alpha-prod,res-bulk-2883,EC2,2026-09-01,USD,1.00
acct-alpha-prod,res-bulk-2884,EC2,2026-09-01,USD,1.00
acct-alpha-prod,res-bulk-2885,EC2,2026-09-01,USD,1.00
acct-alpha-prod,res-bulk-2886,EC2,2026-09-01,USD,1.00
acct-alpha-prod,res-bulk-2887,EC2,2026-09-01,USD,1.00
acct-alpha-prod,res-bulk-2888,EC2,2026-09-01,USD,1.00
acct-alpha-prod,res-bulk-2889,EC2,2026-09-01,USD,1.00
acct-alpha-prod,res-bulk-2890,EC2,2026-09-01,USD,1.00
acct-alpha-prod,res-bulk-2891,EC2,2026-09-01,USD,1.00
acct-alpha-prod,res-bulk-2892,EC2,2026-09-01,USD,1.00
acct-alpha-prod,res-bulk-2893,EC2,2026-09-01,USD,1.00
acct-alpha-prod,res-bulk-2894,EC2,2026-09-01,USD,1.00
acct-alpha-prod,res-bulk-2895,EC2,2026-09-01,USD,1.00
acct-alpha-prod,res-bulk-2896,EC2,2026-09-01,USD,1.00
acct-alpha-prod,res-bulk-2897,EC2,2026-09-01,USD,1.00
acct-alpha-prod,res-bulk-2898,EC2,2026-09-01,USD,1.00
acct-alpha-prod,res-bulk-2899,EC2,2026-09-01,USD,1.00
acct-alpha-prod,res-bulk-2900,EC2,2026-09-01,USD,1.00
acct-alpha-prod,res-bulk-2901,EC2,2026-09-01,USD,1.00
acct-alpha-prod,res-bulk-2902,EC2,2026-09-01,USD,1.00
acct-alpha-prod,res-bulk-2903,EC2,2026-09-01,USD,1.00
acct-alpha-prod,res-bulk-2904,EC2,2026-09-01,USD,1.00
acct-alpha-prod,res-bulk-2905,EC2,2026-09-01,USD,1.00
acct-alpha-prod,res-bulk-2906,EC2,2026-09-01,USD,1.00
acct-alpha-prod,res-bulk-2907,EC2,2026-09-01,USD,1.00
acct-alpha-prod,res-bulk-2908,EC2,2026-09-01,USD,1.00
acct-alpha-prod,res-bulk-2909,EC2,2026-09-01,USD,1.00
acct-alpha-prod,res-bulk-2910,EC2,2026-09-01,USD,1.00
acct-alpha-prod,res-bulk-2911,EC2,2026-09-01,USD,1.00
acct-alpha-prod,res-bulk-2912,EC2,2026-09-01,USD,1.00
acct-alpha-prod,res-bulk-2913,EC2,2026-09-01,USD,1.00
acct-alpha-prod,res-bulk-2914,EC2,2026-09-01,USD,1.00
acct-alpha-prod,res-bulk-2915,EC2,2026-09-01,USD,1.00
acct-alpha-prod,res-bulk-2916,EC2,2026-09-01,USD,1.00
acct-alpha-prod,res-bulk-2917,EC2,2026-09-01,USD,1.00
acct-alpha-prod,res-bulk-2918,EC2,2026-09-01,USD,1.00
acct-alpha-prod,res-bulk-2919,EC2,2026-09-01,USD,1.00
acct-alpha-prod,res-bulk-2920,EC2,2026-09-01,USD,1.00
acct-alpha-prod,res-bulk-2921,EC2,2026-09-01,USD,1.00
acct-alpha-prod,res-bulk-2922,EC2,2026-09-01,USD,1.00
acct-alpha-prod,res-bulk-2923,EC2,2026-09-01,USD,1.00
acct-alpha-prod,res-bulk-2924,EC2,2026-09-01,USD,1.00
acct-alpha-prod,res-bulk-2925,EC2,2026-09-01,USD,1.00
acct-alpha-prod,res-bulk-2926,EC2,2026-09-01,USD,1.00
acct-alpha-prod,res-bulk-2927,EC2,2026-09-01,USD,1.00
acct-alpha-prod,res-bulk-2928,EC2,2026-09-01,USD,1.00
acct-alpha-prod,res-bulk-2929,EC2,2026-09-01,USD,1.00
acct-alpha-prod,res-bulk-2930,EC2,2026-09-01,USD,1.00
acct-alpha-prod,res-bulk-2931,EC2,2026-09-01,USD,1.00
acct-alpha-prod,res-bulk-2932,EC2,2026-09-01,USD,1.00
acct-alpha-prod,res-bulk-2933,EC2,2026-09-01,USD,1.00
acct-alpha-prod,res-bulk-2934,EC2,2026-09-01,USD,1.00
acct-alpha-prod,res-bulk-2935,EC2,2026-09-01,USD,1.00
acct-alpha-prod,res-bulk-2936,EC2,2026-09-01,USD,1.00
acct-alpha-prod,res-bulk-2937,EC2,2026-09-01,USD,1.00
acct-alpha-prod,res-bulk-2938,EC2,2026-09-01,USD,1.00
acct-alpha-prod,res-bulk-2939,EC2,2026-09-01,USD,1.00
acct-alpha-prod,res-bulk-2940,EC2,2026-09-01,USD,1.00
acct-alpha-prod,res-bulk-2941,EC2,2026-09-01,USD,1.00
acct-alpha-prod,res-bulk-2942,EC2,2026-09-01,USD,1.00
acct-alpha-prod,res-bulk-2943,EC2,2026-09-01,USD,1.00
acct-alpha-prod,res-bulk-2944,EC2,2026-09-01,USD,1.00
acct-alpha-prod,res-bulk-2945,EC2,2026-09-01,USD,1.00
acct-alpha-prod,res-bulk-2946,EC2,2026-09-01,USD,1.00
acct-alpha-prod,res-bulk-2947,EC2,2026-09-01,USD,1.00
acct-alpha-prod,res-bulk-2948,EC2,2026-09-01,USD,1.00
acct-alpha-prod,res-bulk-2949,EC2,2026-09-01,USD,1.00
acct-alpha-prod,res-bulk-2950,EC2,2026-09-01,USD,1.00
acct-alpha-prod,res-bulk-2951,EC2,2026-09-01,USD,1.00
acct-alpha-prod,res-bulk-2952,EC2,2026-09-01,USD,1.00
acct-alpha-prod,res-bulk-2953,EC2,2026-09-01,USD,1.00
acct-alpha-prod,res-bulk-2954,EC2,2026-09-01,USD,1.00
acct-alpha-prod,res-bulk-2955,EC2,2026-09-01,USD,1.00
acct-alpha-prod,res-bulk-2956,EC2,2026-09-01,USD,1.00
acct-alpha-prod,res-bulk-2957,EC2,2026-09-01,USD,1.00
acct-alpha-prod,res-bulk-2958,EC2,2026-09-01,USD,1.00
acct-alpha-prod,res-bulk-2959,EC2,2026-09-01,USD,1.00
acct-alpha-prod,res-bulk-2960,EC2,2026-09-01,USD,1.00
acct-alpha-prod,res-bulk-2961,EC2,2026-09-01,USD,1.00
acct-alpha-prod,res-bulk-2962,EC2,2026-09-01,USD,1.00
acct-alpha-prod,res-bulk-2963,EC2,2026-09-01,USD,1.00
acct-alpha-prod,res-bulk-2964,EC2,2026-09-01,USD,1.00
acct-alpha-prod,res-bulk-2965,EC2,2026-09-01,USD,1.00
acct-alpha-prod,res-bulk-2966,EC2,2026-09-01,USD,1.00
acct-alpha-prod,res-bulk-2967,EC2,2026-09-01,USD,1.00
acct-alpha-prod,res-bulk-2968,EC2,2026-09-01,USD,1.00
acct-alpha-prod,res-bulk-2969,EC2,2026-09-01,USD,1.00
acct-alpha-prod,res-bulk-2970,EC2,2026-09-01,USD,1.00
acct-alpha-prod,res-bulk-2971,EC2,2026-09-01,USD,1.00
acct-alpha-prod,res-bulk-2972,EC2,2026-09-01,USD,1.00
acct-alpha-prod,res-bulk-2973,EC2,2026-09-01,USD,1.00
acct-alpha-prod,res-bulk-2974,EC2,2026-09-01,USD,1.00
acct-alpha-prod,res-bulk-2975,EC2,2026-09-01,USD,1.00
acct-alpha-prod,res-bulk-2976,EC2,2026-09-01,USD,1.00
acct-alpha-prod,res-bulk-2977,EC2,2026-09-01,USD,1.00
acct-alpha-prod,res-bulk-2978,EC2,2026-09-01,USD,1.00
acct-alpha-prod,res-bulk-2979,EC2,2026-09-01,USD,1.00
acct-alpha-prod,res-bulk-2980,EC2,2026-09-01,USD,1.00
acct-alpha-prod,res-bulk-2981,EC2,2026-09-01,USD,1.00
acct-alpha-prod,res-bulk-2982,EC2,2026-09-01,USD,1.00
acct-alpha-prod,res-bulk-2983,EC2,2026-09-01,USD,1.00
acct-alpha-prod,res-bulk-2984,EC2,2026-09-01,USD,1.00
acct-alpha-prod,res-bulk-2985,EC2,2026-09-01,USD,1.00
acct-alpha-prod,res-bulk-2986,EC2,2026-09-01,USD,1.00
acct-alpha-prod,res-bulk-2987,EC2,2026-09-01,USD,1.00
acct-alpha-prod,res-bulk-2988,EC2,2026-09-01,USD,1.00
acct-alpha-prod,res-bulk-2989,EC2,2026-09-01,USD,1.00
acct-alpha-prod,res-bulk-2990,EC2,2026-09-01,USD,1.00
acct-alpha-prod,res-bulk-2991,EC2,2026-09-01,USD,1.00
acct-alpha-prod,res-bulk-2992,EC2,2026-09-01,USD,1.00
acct-alpha-prod,res-bulk-2993,EC2,2026-09-01,USD,1.00
acct-alpha-prod,res-bulk-2994,EC2,2026-09-01,USD,1.00
acct-alpha-prod,res-bulk-2995,EC2,2026-09-01,USD,1.00
acct-alpha-prod,res-bulk-2996,EC2,2026-09-01,USD,1.00
acct-alpha-prod,res-bulk-2997,EC2,2026-09-01,USD,1.00
acct-alpha-prod,res-bulk-2998,EC2,2026-09-01,USD,1.00
acct-alpha-prod,res-bulk-2999,EC2,2026-09-01,USD,1.00
acct-alpha-prod,res-bulk-3000,EC2,2026-09-01,USD,1.00
acct-alpha-prod,res-bulk-3001,EC2,2026-09-01,USD,1.00
acct-alpha-prod,res-bulk-3002,EC2,2026-09-01,USD,1.00
acct-alpha-prod,res-bulk-3003,EC2,2026-09-01,USD,1.00
acct-alpha-prod,res-bulk-3004,EC2,2026-09-01,USD,1.00
acct-alpha-prod,res-bulk-3005,EC2,2026-09-01,USD,1.00
acct-alpha-prod,res-bulk-3006,EC2,2026-09-01,USD,1.00
acct-alpha-prod,res-bulk-3007,EC2,2026-09-01,USD,1.00
acct-alpha-prod,res-bulk-3008,EC2,2026-09-01,USD,1.00
acct-alpha-prod,res-bulk-3009,EC2,2026-09-01,USD,1.00
acct-alpha-prod,res-bulk-3010,EC2,2026-09-01,USD,1.00
acct-alpha-prod,res-bulk-3011,EC2,2026-09-01,USD,1.00
acct-alpha-prod,res-bulk-3012,EC2,2026-09-01,USD,1.00
acct-alpha-prod,res-bulk-3013,EC2,2026-09-01,USD,1.00
acct-alpha-prod,res-bulk-3014,EC2,2026-09-01,USD,1.00
acct-alpha-prod,res-bulk-3015,EC2,2026-09-01,USD,1.00
acct-alpha-prod,res-bulk-3016,EC2,2026-09-01,USD,1.00
acct-alpha-prod,res-bulk-3017,EC2,2026-09-01,USD,1.00
acct-alpha-prod,res-bulk-3018,EC2,2026-09-01,USD,1.00
acct-alpha-prod,res-bulk-3019,EC2,2026-09-01,USD,1.00
acct-alpha-prod,res-bulk-3020,EC2,2026-09-01,USD,1.00
acct-alpha-prod,res-bulk-3021,EC2,2026-09-01,USD,1.00
acct-alpha-prod,res-bulk-3022,EC2,2026-09-01,USD,1.00
acct-alpha-prod,res-bulk-3023,EC2,2026-09-01,USD,1.00
acct-alpha-prod,res-bulk-3024,EC2,2026-09-01,USD,1.00
acct-alpha-prod,res-bulk-3025,EC2,2026-09-01,USD,1.00
acct-alpha-prod,res-bulk-3026,EC2,2026-09-01,USD,1.00
acct-alpha-prod,res-bulk-3027,EC2,2026-09-01,USD,1.00
acct-alpha-prod,res-bulk-3028,EC2,2026-09-01,USD,1.00
acct-alpha-prod,res-bulk-3029,EC2,2026-09-01,USD,1.00
acct-alpha-prod,res-bulk-3030,EC2,2026-09-01,USD,1.00
acct-alpha-prod,res-bulk-3031,EC2,2026-09-01,USD,1.00
acct-alpha-prod,res-bulk-3032,EC2,2026-09-01,USD,1.00
acct-alpha-prod,res-bulk-3033,EC2,2026-09-01,USD,1.00
acct-alpha-prod,res-bulk-3034,EC2,2026-09-01,USD,1.00
acct-alpha-prod,res-bulk-3035,EC2,2026-09-01,USD,1.00
acct-alpha-prod,res-bulk-3036,EC2,2026-09-01,USD,1.00
acct-alpha-prod,res-bulk-3037,EC2,2026-09-01,USD,1.00
acct-alpha-prod,res-bulk-3038,EC2,2026-09-01,USD,1.00
acct-alpha-prod,res-bulk-3039,EC2,2026-09-01,USD,1.00
acct-alpha-prod,res-bulk-3040,EC2,2026-09-01,USD,1.00
acct-alpha-prod,res-bulk-3041,EC2,2026-09-01,USD,1.00
acct-alpha-prod,res-bulk-3042,EC2,2026-09-01,USD,1.00
acct-alpha-prod,res-bulk-3043,EC2,2026-09-01,USD,1.00
acct-alpha-prod,res-bulk-3044,EC2,2026-09-01,USD,1.00
acct-alpha-prod,res-bulk-3045,EC2,2026-09-01,USD,1.00
acct-alpha-prod,res-bulk-3046,EC2,2026-09-01,USD,1.00
acct-alpha-prod,res-bulk-3047,EC2,2026-09-01,USD,1.00
acct-alpha-prod,res-bulk-3048,EC2,2026-09-01,USD,1.00
acct-alpha-prod,res-bulk-3049,EC2,2026-09-01,USD,1.00
acct-alpha-prod,res-bulk-3050,EC2,2026-09-01,USD,1.00
acct-alpha-prod,res-bulk-3051,EC2,2026-09-01,USD,1.00
acct-alpha-prod,res-bulk-3052,EC2,2026-09-01,USD,1.00
acct-alpha-prod,res-bulk-3053,EC2,2026-09-01,USD,1.00
acct-alpha-prod,res-bulk-3054,EC2,2026-09-01,USD,1.00
acct-alpha-prod,res-bulk-3055,EC2,2026-09-01,USD,1.00
acct-alpha-prod,res-bulk-3056,EC2,2026-09-01,USD,1.00
acct-alpha-prod,res-bulk-3057,EC2,2026-09-01,USD,1.00
acct-alpha-prod,res-bulk-3058,EC2,2026-09-01,USD,1.00
acct-alpha-prod,res-bulk-3059,EC2,2026-09-01,USD,1.00
acct-alpha-prod,res-bulk-3060,EC2,2026-09-01,USD,1.00
acct-alpha-prod,res-bulk-3061,EC2,2026-09-01,USD,1.00
acct-alpha-prod,res-bulk-3062,EC2,2026-09-01,USD,1.00
acct-alpha-prod,res-bulk-3063,EC2,2026-09-01,USD,1.00
acct-alpha-prod,res-bulk-3064,EC2,2026-09-01,USD,1.00
acct-alpha-prod,res-bulk-3065,EC2,2026-09-01,USD,1.00
acct-alpha-prod,res-bulk-3066,EC2,2026-09-01,USD,1.00
acct-alpha-prod,res-bulk-3067,EC2,2026-09-01,USD,1.00
acct-alpha-prod,res-bulk-3068,EC2,2026-09-01,USD,1.00
acct-alpha-prod,res-bulk-3069,EC2,2026-09-01,USD,1.00
acct-alpha-prod,res-bulk-3070,EC2,2026-09-01,USD,1.00
acct-alpha-prod,res-bulk-3071,EC2,2026-09-01,USD,1.00
acct-alpha-prod,res-bulk-3072,EC2,2026-09-01,USD,1.00
acct-alpha-prod,res-bulk-3073,EC2,2026-09-01,USD,1.00
acct-alpha-prod,res-bulk-3074,EC2,2026-09-01,USD,1.00
acct-alpha-prod,res-bulk-3075,EC2,2026-09-01,USD,1.00
acct-alpha-prod,res-bulk-3076,EC2,2026-09-01,USD,1.00
acct-alpha-prod,res-bulk-3077,EC2,2026-09-01,USD,1.00
acct-alpha-prod,res-bulk-3078,EC2,2026-09-01,USD,1.00
acct-alpha-prod,res-bulk-3079,EC2,2026-09-01,USD,1.00
acct-alpha-prod,res-bulk-3080,EC2,2026-09-01,USD,1.00
acct-alpha-prod,res-bulk-3081,EC2,2026-09-01,USD,1.00
acct-alpha-prod,res-bulk-3082,EC2,2026-09-01,USD,1.00
acct-alpha-prod,res-bulk-3083,EC2,2026-09-01,USD,1.00
acct-alpha-prod,res-bulk-3084,EC2,2026-09-01,USD,1.00
acct-alpha-prod,res-bulk-3085,EC2,2026-09-01,USD,1.00
acct-alpha-prod,res-bulk-3086,EC2,2026-09-01,USD,1.00
acct-alpha-prod,res-bulk-3087,EC2,2026-09-01,USD,1.00
acct-alpha-prod,res-bulk-3088,EC2,2026-09-01,USD,1.00
acct-alpha-prod,res-bulk-3089,EC2,2026-09-01,USD,1.00
acct-alpha-prod,res-bulk-3090,EC2,2026-09-01,USD,1.00
acct-alpha-prod,res-bulk-3091,EC2,2026-09-01,USD,1.00
acct-alpha-prod,res-bulk-3092,EC2,2026-09-01,USD,1.00
acct-alpha-prod,res-bulk-3093,EC2,2026-09-01,USD,1.00
acct-alpha-prod,res-bulk-3094,EC2,2026-09-01,USD,1.00
acct-alpha-prod,res-bulk-3095,EC2,2026-09-01,USD,1.00
acct-alpha-prod,res-bulk-3096,EC2,2026-09-01,USD,1.00
acct-alpha-prod,res-bulk-3097,EC2,2026-09-01,USD,1.00
acct-alpha-prod,res-bulk-3098,EC2,2026-09-01,USD,1.00
acct-alpha-prod,res-bulk-3099,EC2,2026-09-01,USD,1.00
acct-alpha-prod,res-bulk-3100,EC2,2026-09-01,USD,1.00
acct-alpha-prod,res-bulk-3101,EC2,2026-09-01,USD,1.00
acct-alpha-prod,res-bulk-3102,EC2,2026-09-01,USD,1.00
acct-alpha-prod,res-bulk-3103,EC2,2026-09-01,USD,1.00
acct-alpha-prod,res-bulk-3104,EC2,2026-09-01,USD,1.00
acct-alpha-prod,res-bulk-3105,EC2,2026-09-01,USD,1.00
acct-alpha-prod,res-bulk-3106,EC2,2026-09-01,USD,1.00
acct-alpha-prod,res-bulk-3107,EC2,2026-09-01,USD,1.00
acct-alpha-prod,res-bulk-3108,EC2,2026-09-01,USD,1.00
acct-alpha-prod,res-bulk-3109,EC2,2026-09-01,USD,1.00
acct-alpha-prod,res-bulk-3110,EC2,2026-09-01,USD,1.00
acct-alpha-prod,res-bulk-3111,EC2,2026-09-01,USD,1.00
acct-alpha-prod,res-bulk-3112,EC2,2026-09-01,USD,1.00
acct-alpha-prod,res-bulk-3113,EC2,2026-09-01,USD,1.00
acct-alpha-prod,res-bulk-3114,EC2,2026-09-01,USD,1.00
acct-alpha-prod,res-bulk-3115,EC2,2026-09-01,USD,1.00
acct-alpha-prod,res-bulk-3116,EC2,2026-09-01,USD,1.00
acct-alpha-prod,res-bulk-3117,EC2,2026-09-01,USD,1.00
acct-alpha-prod,res-bulk-3118,EC2,2026-09-01,USD,1.00
acct-alpha-prod,res-bulk-3119,EC2,2026-09-01,USD,1.00
acct-alpha-prod,res-bulk-3120,EC2,2026-09-01,USD,1.00
acct-alpha-prod,res-bulk-3121,EC2,2026-09-01,USD,1.00
acct-alpha-prod,res-bulk-3122,EC2,2026-09-01,USD,1.00
acct-alpha-prod,res-bulk-3123,EC2,2026-09-01,USD,1.00
acct-alpha-prod,res-bulk-3124,EC2,2026-09-01,USD,1.00
acct-alpha-prod,res-bulk-3125,EC2,2026-09-01,USD,1.00
acct-alpha-prod,res-bulk-3126,EC2,2026-09-01,USD,1.00
acct-alpha-prod,res-bulk-3127,EC2,2026-09-01,USD,1.00
acct-alpha-prod,res-bulk-3128,EC2,2026-09-01,USD,1.00
acct-alpha-prod,res-bulk-3129,EC2,2026-09-01,USD,1.00
acct-alpha-prod,res-bulk-3130,EC2,2026-09-01,USD,1.00
acct-alpha-prod,res-bulk-3131,EC2,2026-09-01,USD,1.00
acct-alpha-prod,res-bulk-3132,EC2,2026-09-01,USD,1.00
acct-alpha-prod,res-bulk-3133,EC2,2026-09-01,USD,1.00
acct-alpha-prod,res-bulk-3134,EC2,2026-09-01,USD,1.00
acct-alpha-prod,res-bulk-3135,EC2,2026-09-01,USD,1.00
acct-alpha-prod,res-bulk-3136,EC2,2026-09-01,USD,1.00
acct-alpha-prod,res-bulk-3137,EC2,2026-09-01,USD,1.00
acct-alpha-prod,res-bulk-3138,EC2,2026-09-01,USD,1.00
acct-alpha-prod,res-bulk-3139,EC2,2026-09-01,USD,1.00
acct-alpha-prod,res-bulk-3140,EC2,2026-09-01,USD,1.00
acct-alpha-prod,res-bulk-3141,EC2,2026-09-01,USD,1.00
acct-alpha-prod,res-bulk-3142,EC2,2026-09-01,USD,1.00
acct-alpha-prod,res-bulk-3143,EC2,2026-09-01,USD,1.00
acct-alpha-prod,res-bulk-3144,EC2,2026-09-01,USD,1.00
acct-alpha-prod,res-bulk-3145,EC2,2026-09-01,USD,1.00
acct-alpha-prod,res-bulk-3146,EC2,2026-09-01,USD,1.00
acct-alpha-prod,res-bulk-3147,EC2,2026-09-01,USD,1.00
acct-alpha-prod,res-bulk-3148,EC2,2026-09-01,USD,1.00
acct-alpha-prod,res-bulk-3149,EC2,2026-09-01,USD,1.00
acct-alpha-prod,res-bulk-3150,EC2,2026-09-01,USD,1.00
acct-alpha-prod,res-bulk-3151,EC2,2026-09-01,USD,1.00
acct-alpha-prod,res-bulk-3152,EC2,2026-09-01,USD,1.00
acct-alpha-prod,res-bulk-3153,EC2,2026-09-01,USD,1.00
acct-alpha-prod,res-bulk-3154,EC2,2026-09-01,USD,1.00
acct-alpha-prod,res-bulk-3155,EC2,2026-09-01,USD,1.00
acct-alpha-prod,res-bulk-3156,EC2,2026-09-01,USD,1.00
acct-alpha-prod,res-bulk-3157,EC2,2026-09-01,USD,1.00
acct-alpha-prod,res-bulk-3158,EC2,2026-09-01,USD,1.00
acct-alpha-prod,res-bulk-3159,EC2,2026-09-01,USD,1.00
acct-alpha-prod,res-bulk-3160,EC2,2026-09-01,USD,1.00
acct-alpha-prod,res-bulk-3161,EC2,2026-09-01,USD,1.00
acct-alpha-prod,res-bulk-3162,EC2,2026-09-01,USD,1.00
acct-alpha-prod,res-bulk-3163,EC2,2026-09-01,USD,1.00
acct-alpha-prod,res-bulk-3164,EC2,2026-09-01,USD,1.00
acct-alpha-prod,res-bulk-3165,EC2,2026-09-01,USD,1.00
acct-alpha-prod,res-bulk-3166,EC2,2026-09-01,USD,1.00
acct-alpha-prod,res-bulk-3167,EC2,2026-09-01,USD,1.00
acct-alpha-prod,res-bulk-3168,EC2,2026-09-01,USD,1.00
acct-alpha-prod,res-bulk-3169,EC2,2026-09-01,USD,1.00
acct-alpha-prod,res-bulk-3170,EC2,2026-09-01,USD,1.00
acct-alpha-prod,res-bulk-3171,EC2,2026-09-01,USD,1.00
acct-alpha-prod,res-bulk-3172,EC2,2026-09-01,USD,1.00
acct-alpha-prod,res-bulk-3173,EC2,2026-09-01,USD,1.00
acct-alpha-prod,res-bulk-3174,EC2,2026-09-01,USD,1.00
acct-alpha-prod,res-bulk-3175,EC2,2026-09-01,USD,1.00
acct-alpha-prod,res-bulk-3176,EC2,2026-09-01,USD,1.00
acct-alpha-prod,res-bulk-3177,EC2,2026-09-01,USD,1.00
acct-alpha-prod,res-bulk-3178,EC2,2026-09-01,USD,1.00
acct-alpha-prod,res-bulk-3179,EC2,2026-09-01,USD,1.00
acct-alpha-prod,res-bulk-3180,EC2,2026-09-01,USD,1.00
acct-alpha-prod,res-bulk-3181,EC2,2026-09-01,USD,1.00
acct-alpha-prod,res-bulk-3182,EC2,2026-09-01,USD,1.00
acct-alpha-prod,res-bulk-3183,EC2,2026-09-01,USD,1.00
acct-alpha-prod,res-bulk-3184,EC2,2026-09-01,USD,1.00
acct-alpha-prod,res-bulk-3185,EC2,2026-09-01,USD,1.00
acct-alpha-prod,res-bulk-3186,EC2,2026-09-01,USD,1.00
acct-alpha-prod,res-bulk-3187,EC2,2026-09-01,USD,1.00
acct-alpha-prod,res-bulk-3188,EC2,2026-09-01,USD,1.00
acct-alpha-prod,res-bulk-3189,EC2,2026-09-01,USD,1.00
acct-alpha-prod,res-bulk-3190,EC2,2026-09-01,USD,1.00
acct-alpha-prod,res-bulk-3191,EC2,2026-09-01,USD,1.00
acct-alpha-prod,res-bulk-3192,EC2,2026-09-01,USD,1.00
acct-alpha-prod,res-bulk-3193,EC2,2026-09-01,USD,1.00
acct-alpha-prod,res-bulk-3194,EC2,2026-09-01,USD,1.00
acct-alpha-prod,res-bulk-3195,EC2,2026-09-01,USD,1.00
acct-alpha-prod,res-bulk-3196,EC2,2026-09-01,USD,1.00
acct-alpha-prod,res-bulk-3197,EC2,2026-09-01,USD,1.00
acct-alpha-prod,res-bulk-3198,EC2,2026-09-01,USD,1.00
acct-alpha-prod,res-bulk-3199,EC2,2026-09-01,USD,1.00
acct-alpha-prod,res-bulk-3200,EC2,2026-09-01,USD,1.00
acct-alpha-prod,res-bulk-3201,EC2,2026-09-01,USD,1.00
acct-alpha-prod,res-bulk-3202,EC2,2026-09-01,USD,1.00
acct-alpha-prod,res-bulk-3203,EC2,2026-09-01,USD,1.00
acct-alpha-prod,res-bulk-3204,EC2,2026-09-01,USD,1.00
acct-alpha-prod,res-bulk-3205,EC2,2026-09-01,USD,1.00
acct-alpha-prod,res-bulk-3206,EC2,2026-09-01,USD,1.00
acct-alpha-prod,res-bulk-3207,EC2,2026-09-01,USD,1.00
acct-alpha-prod,res-bulk-3208,EC2,2026-09-01,USD,1.00
acct-alpha-prod,res-bulk-3209,EC2,2026-09-01,USD,1.00
acct-alpha-prod,res-bulk-3210,EC2,2026-09-01,USD,1.00
acct-alpha-prod,res-bulk-3211,EC2,2026-09-01,USD,1.00
acct-alpha-prod,res-bulk-3212,EC2,2026-09-01,USD,1.00
acct-alpha-prod,res-bulk-3213,EC2,2026-09-01,USD,1.00
acct-alpha-prod,res-bulk-3214,EC2,2026-09-01,USD,1.00
acct-alpha-prod,res-bulk-3215,EC2,2026-09-01,USD,1.00
acct-alpha-prod,res-bulk-3216,EC2,2026-09-01,USD,1.00
acct-alpha-prod,res-bulk-3217,EC2,2026-09-01,USD,1.00
acct-alpha-prod,res-bulk-3218,EC2,2026-09-01,USD,1.00
acct-alpha-prod,res-bulk-3219,EC2,2026-09-01,USD,1.00
acct-alpha-prod,res-bulk-3220,EC2,2026-09-01,USD,1.00
acct-alpha-prod,res-bulk-3221,EC2,2026-09-01,USD,1.00
acct-alpha-prod,res-bulk-3222,EC2,2026-09-01,USD,1.00
acct-alpha-prod,res-bulk-3223,EC2,2026-09-01,USD,1.00
acct-alpha-prod,res-bulk-3224,EC2,2026-09-01,USD,1.00
acct-alpha-prod,res-bulk-3225,EC2,2026-09-01,USD,1.00
acct-alpha-prod,res-bulk-3226,EC2,2026-09-01,USD,1.00
acct-alpha-prod,res-bulk-3227,EC2,2026-09-01,USD,1.00
acct-alpha-prod,res-bulk-3228,EC2,2026-09-01,USD,1.00
acct-alpha-prod,res-bulk-3229,EC2,2026-09-01,USD,1.00
acct-alpha-prod,res-bulk-3230,EC2,2026-09-01,USD,1.00
acct-alpha-prod,res-bulk-3231,EC2,2026-09-01,USD,1.00
acct-alpha-prod,res-bulk-3232,EC2,2026-09-01,USD,1.00
acct-alpha-prod,res-bulk-3233,EC2,2026-09-01,USD,1.00
acct-alpha-prod,res-bulk-3234,EC2,2026-09-01,USD,1.00
acct-alpha-prod,res-bulk-3235,EC2,2026-09-01,USD,1.00
acct-alpha-prod,res-bulk-3236,EC2,2026-09-01,USD,1.00
acct-alpha-prod,res-bulk-3237,EC2,2026-09-01,USD,1.00
acct-alpha-prod,res-bulk-3238,EC2,2026-09-01,USD,1.00
acct-alpha-prod,res-bulk-3239,EC2,2026-09-01,USD,1.00
acct-alpha-prod,res-bulk-3240,EC2,2026-09-01,USD,1.00
acct-alpha-prod,res-bulk-3241,EC2,2026-09-01,USD,1.00
acct-alpha-prod,res-bulk-3242,EC2,2026-09-01,USD,1.00
acct-alpha-prod,res-bulk-3243,EC2,2026-09-01,USD,1.00
acct-alpha-prod,res-bulk-3244,EC2,2026-09-01,USD,1.00
acct-alpha-prod,res-bulk-3245,EC2,2026-09-01,USD,1.00
acct-alpha-prod,res-bulk-3246,EC2,2026-09-01,USD,1.00
acct-alpha-prod,res-bulk-3247,EC2,2026-09-01,USD,1.00
acct-alpha-prod,res-bulk-3248,EC2,2026-09-01,USD,1.00
acct-alpha-prod,res-bulk-3249,EC2,2026-09-01,USD,1.00
acct-alpha-prod,res-bulk-3250,EC2,2026-09-01,USD,1.00
acct-alpha-prod,res-bulk-3251,EC2,2026-09-01,USD,1.00
acct-alpha-prod,res-bulk-3252,EC2,2026-09-01,USD,1.00
acct-alpha-prod,res-bulk-3253,EC2,2026-09-01,USD,1.00
acct-alpha-prod,res-bulk-3254,EC2,2026-09-01,USD,1.00
acct-alpha-prod,res-bulk-3255,EC2,2026-09-01,USD,1.00
acct-alpha-prod,res-bulk-3256,EC2,2026-09-01,USD,1.00
acct-alpha-prod,res-bulk-3257,EC2,2026-09-01,USD,1.00
acct-alpha-prod,res-bulk-3258,EC2,2026-09-01,USD,1.00
acct-alpha-prod,res-bulk-3259,EC2,2026-09-01,USD,1.00
acct-alpha-prod,res-bulk-3260,EC2,2026-09-01,USD,1.00
acct-alpha-prod,res-bulk-3261,EC2,2026-09-01,USD,1.00
acct-alpha-prod,res-bulk-3262,EC2,2026-09-01,USD,1.00
acct-alpha-prod,res-bulk-3263,EC2,2026-09-01,USD,1.00
acct-alpha-prod,res-bulk-3264,EC2,2026-09-01,USD,1.00
acct-alpha-prod,res-bulk-3265,EC2,2026-09-01,USD,1.00
acct-alpha-prod,res-bulk-3266,EC2,2026-09-01,USD,1.00
acct-alpha-prod,res-bulk-3267,EC2,2026-09-01,USD,1.00
acct-alpha-prod,res-bulk-3268,EC2,2026-09-01,USD,1.00
acct-alpha-prod,res-bulk-3269,EC2,2026-09-01,USD,1.00
acct-alpha-prod,res-bulk-3270,EC2,2026-09-01,USD,1.00
acct-alpha-prod,res-bulk-3271,EC2,2026-09-01,USD,1.00
acct-alpha-prod,res-bulk-3272,EC2,2026-09-01,USD,1.00
acct-alpha-prod,res-bulk-3273,EC2,2026-09-01,USD,1.00
acct-alpha-prod,res-bulk-3274,EC2,2026-09-01,USD,1.00
acct-alpha-prod,res-bulk-3275,EC2,2026-09-01,USD,1.00
acct-alpha-prod,res-bulk-3276,EC2,2026-09-01,USD,1.00
acct-alpha-prod,res-bulk-3277,EC2,2026-09-01,USD,1.00
acct-alpha-prod,res-bulk-3278,EC2,2026-09-01,USD,1.00
acct-alpha-prod,res-bulk-3279,EC2,2026-09-01,USD,1.00
acct-alpha-prod,res-bulk-3280,EC2,2026-09-01,USD,1.00
acct-alpha-prod,res-bulk-3281,EC2,2026-09-01,USD,1.00
acct-alpha-prod,res-bulk-3282,EC2,2026-09-01,USD,1.00
acct-alpha-prod,res-bulk-3283,EC2,2026-09-01,USD,1.00
acct-alpha-prod,res-bulk-3284,EC2,2026-09-01,USD,1.00
acct-alpha-prod,res-bulk-3285,EC2,2026-09-01,USD,1.00
acct-alpha-prod,res-bulk-3286,EC2,2026-09-01,USD,1.00
acct-alpha-prod,res-bulk-3287,EC2,2026-09-01,USD,1.00
acct-alpha-prod,res-bulk-3288,EC2,2026-09-01,USD,1.00
acct-alpha-prod,res-bulk-3289,EC2,2026-09-01,USD,1.00
acct-alpha-prod,res-bulk-3290,EC2,2026-09-01,USD,1.00
acct-alpha-prod,res-bulk-3291,EC2,2026-09-01,USD,1.00
acct-alpha-prod,res-bulk-3292,EC2,2026-09-01,USD,1.00
acct-alpha-prod,res-bulk-3293,EC2,2026-09-01,USD,1.00
acct-alpha-prod,res-bulk-3294,EC2,2026-09-01,USD,1.00
acct-alpha-prod,res-bulk-3295,EC2,2026-09-01,USD,1.00
acct-alpha-prod,res-bulk-3296,EC2,2026-09-01,USD,1.00
acct-alpha-prod,res-bulk-3297,EC2,2026-09-01,USD,1.00
acct-alpha-prod,res-bulk-3298,EC2,2026-09-01,USD,1.00
acct-alpha-prod,res-bulk-3299,EC2,2026-09-01,USD,1.00
acct-alpha-prod,res-bulk-3300,EC2,2026-09-01,USD,1.00
acct-alpha-prod,res-bulk-3301,EC2,2026-09-01,USD,1.00
acct-alpha-prod,res-bulk-3302,EC2,2026-09-01,USD,1.00
acct-alpha-prod,res-bulk-3303,EC2,2026-09-01,USD,1.00
acct-alpha-prod,res-bulk-3304,EC2,2026-09-01,USD,1.00
acct-alpha-prod,res-bulk-3305,EC2,2026-09-01,USD,1.00
acct-alpha-prod,res-bulk-3306,EC2,2026-09-01,USD,1.00
acct-alpha-prod,res-bulk-3307,EC2,2026-09-01,USD,1.00
acct-alpha-prod,res-bulk-3308,EC2,2026-09-01,USD,1.00
acct-alpha-prod,res-bulk-3309,EC2,2026-09-01,USD,1.00
acct-alpha-prod,res-bulk-3310,EC2,2026-09-01,USD,1.00
acct-alpha-prod,res-bulk-3311,EC2,2026-09-01,USD,1.00
acct-alpha-prod,res-bulk-3312,EC2,2026-09-01,USD,1.00
acct-alpha-prod,res-bulk-3313,EC2,2026-09-01,USD,1.00
acct-alpha-prod,res-bulk-3314,EC2,2026-09-01,USD,1.00
acct-alpha-prod,res-bulk-3315,EC2,2026-09-01,USD,1.00
acct-alpha-prod,res-bulk-3316,EC2,2026-09-01,USD,1.00
acct-alpha-prod,res-bulk-3317,EC2,2026-09-01,USD,1.00
acct-alpha-prod,res-bulk-3318,EC2,2026-09-01,USD,1.00
acct-alpha-prod,res-bulk-3319,EC2,2026-09-01,USD,1.00
acct-alpha-prod,res-bulk-3320,EC2,2026-09-01,USD,1.00
acct-alpha-prod,res-bulk-3321,EC2,2026-09-01,USD,1.00
acct-alpha-prod,res-bulk-3322,EC2,2026-09-01,USD,1.00
acct-alpha-prod,res-bulk-3323,EC2,2026-09-01,USD,1.00
acct-alpha-prod,res-bulk-3324,EC2,2026-09-01,USD,1.00
acct-alpha-prod,res-bulk-3325,EC2,2026-09-01,USD,1.00
acct-alpha-prod,res-bulk-3326,EC2,2026-09-01,USD,1.00
acct-alpha-prod,res-bulk-3327,EC2,2026-09-01,USD,1.00
acct-alpha-prod,res-bulk-3328,EC2,2026-09-01,USD,1.00
acct-alpha-prod,res-bulk-3329,EC2,2026-09-01,USD,1.00
acct-alpha-prod,res-bulk-3330,EC2,2026-09-01,USD,1.00
acct-alpha-prod,res-bulk-3331,EC2,2026-09-01,USD,1.00
acct-alpha-prod,res-bulk-3332,EC2,2026-09-01,USD,1.00
acct-alpha-prod,res-bulk-3333,EC2,2026-09-01,USD,1.00
acct-alpha-prod,res-bulk-3334,EC2,2026-09-01,USD,1.00
acct-alpha-prod,res-bulk-3335,EC2,2026-09-01,USD,1.00
acct-alpha-prod,res-bulk-3336,EC2,2026-09-01,USD,1.00
acct-alpha-prod,res-bulk-3337,EC2,2026-09-01,USD,1.00
acct-alpha-prod,res-bulk-3338,EC2,2026-09-01,USD,1.00
acct-alpha-prod,res-bulk-3339,EC2,2026-09-01,USD,1.00
acct-alpha-prod,res-bulk-3340,EC2,2026-09-01,USD,1.00
acct-alpha-prod,res-bulk-3341,EC2,2026-09-01,USD,1.00
acct-alpha-prod,res-bulk-3342,EC2,2026-09-01,USD,1.00
acct-alpha-prod,res-bulk-3343,EC2,2026-09-01,USD,1.00
acct-alpha-prod,res-bulk-3344,EC2,2026-09-01,USD,1.00
acct-alpha-prod,res-bulk-3345,EC2,2026-09-01,USD,1.00
acct-alpha-prod,res-bulk-3346,EC2,2026-09-01,USD,1.00
acct-alpha-prod,res-bulk-3347,EC2,2026-09-01,USD,1.00
acct-alpha-prod,res-bulk-3348,EC2,2026-09-01,USD,1.00
acct-alpha-prod,res-bulk-3349,EC2,2026-09-01,USD,1.00
acct-alpha-prod,res-bulk-3350,EC2,2026-09-01,USD,1.00
acct-alpha-prod,res-bulk-3351,EC2,2026-09-01,USD,1.00
acct-alpha-prod,res-bulk-3352,EC2,2026-09-01,USD,1.00
acct-alpha-prod,res-bulk-3353,EC2,2026-09-01,USD,1.00
acct-alpha-prod,res-bulk-3354,EC2,2026-09-01,USD,1.00
acct-alpha-prod,res-bulk-3355,EC2,2026-09-01,USD,1.00
acct-alpha-prod,res-bulk-3356,EC2,2026-09-01,USD,1.00
acct-alpha-prod,res-bulk-3357,EC2,2026-09-01,USD,1.00
acct-alpha-prod,res-bulk-3358,EC2,2026-09-01,USD,1.00
acct-alpha-prod,res-bulk-3359,EC2,2026-09-01,USD,1.00
acct-alpha-prod,res-bulk-3360,EC2,2026-09-01,USD,1.00
acct-alpha-prod,res-bulk-3361,EC2,2026-09-01,USD,1.00
acct-alpha-prod,res-bulk-3362,EC2,2026-09-01,USD,1.00
acct-alpha-prod,res-bulk-3363,EC2,2026-09-01,USD,1.00
acct-alpha-prod,res-bulk-3364,EC2,2026-09-01,USD,1.00
acct-alpha-prod,res-bulk-3365,EC2,2026-09-01,USD,1.00
acct-alpha-prod,res-bulk-3366,EC2,2026-09-01,USD,1.00
acct-alpha-prod,res-bulk-3367,EC2,2026-09-01,USD,1.00
acct-alpha-prod,res-bulk-3368,EC2,2026-09-01,USD,1.00
acct-alpha-prod,res-bulk-3369,EC2,2026-09-01,USD,1.00
acct-alpha-prod,res-bulk-3370,EC2,2026-09-01,USD,1.00
acct-alpha-prod,res-bulk-3371,EC2,2026-09-01,USD,1.00
acct-alpha-prod,res-bulk-3372,EC2,2026-09-01,USD,1.00
acct-alpha-prod,res-bulk-3373,EC2,2026-09-01,USD,1.00
acct-alpha-prod,res-bulk-3374,EC2,2026-09-01,USD,1.00
acct-alpha-prod,res-bulk-3375,EC2,2026-09-01,USD,1.00
acct-alpha-prod,res-bulk-3376,EC2,2026-09-01,USD,1.00
acct-alpha-prod,res-bulk-3377,EC2,2026-09-01,USD,1.00
acct-alpha-prod,res-bulk-3378,EC2,2026-09-01,USD,1.00
acct-alpha-prod,res-bulk-3379,EC2,2026-09-01,USD,1.00
acct-alpha-prod,res-bulk-3380,EC2,2026-09-01,USD,1.00
acct-alpha-prod,res-bulk-3381,EC2,2026-09-01,USD,1.00
acct-alpha-prod,res-bulk-3382,EC2,2026-09-01,USD,1.00
acct-alpha-prod,res-bulk-3383,EC2,2026-09-01,USD,1.00
acct-alpha-prod,res-bulk-3384,EC2,2026-09-01,USD,1.00
acct-alpha-prod,res-bulk-3385,EC2,2026-09-01,USD,1.00
acct-alpha-prod,res-bulk-3386,EC2,2026-09-01,USD,1.00
acct-alpha-prod,res-bulk-3387,EC2,2026-09-01,USD,1.00
acct-alpha-prod,res-bulk-3388,EC2,2026-09-01,USD,1.00
acct-alpha-prod,res-bulk-3389,EC2,2026-09-01,USD,1.00
acct-alpha-prod,res-bulk-3390,EC2,2026-09-01,USD,1.00
acct-alpha-prod,res-bulk-3391,EC2,2026-09-01,USD,1.00
acct-alpha-prod,res-bulk-3392,EC2,2026-09-01,USD,1.00
acct-alpha-prod,res-bulk-3393,EC2,2026-09-01,USD,1.00
acct-alpha-prod,res-bulk-3394,EC2,2026-09-01,USD,1.00
acct-alpha-prod,res-bulk-3395,EC2,2026-09-01,USD,1.00
acct-alpha-prod,res-bulk-3396,EC2,2026-09-01,USD,1.00
acct-alpha-prod,res-bulk-3397,EC2,2026-09-01,USD,1.00
acct-alpha-prod,res-bulk-3398,EC2,2026-09-01,USD,1.00
acct-alpha-prod,res-bulk-3399,EC2,2026-09-01,USD,1.00
acct-alpha-prod,res-bulk-3400,EC2,2026-09-01,USD,1.00
acct-alpha-prod,res-bulk-3401,EC2,2026-09-01,USD,1.00
acct-alpha-prod,res-bulk-3402,EC2,2026-09-01,USD,1.00
acct-alpha-prod,res-bulk-3403,EC2,2026-09-01,USD,1.00
acct-alpha-prod,res-bulk-3404,EC2,2026-09-01,USD,1.00
acct-alpha-prod,res-bulk-3405,EC2,2026-09-01,USD,1.00
acct-alpha-prod,res-bulk-3406,EC2,2026-09-01,USD,1.00
acct-alpha-prod,res-bulk-3407,EC2,2026-09-01,USD,1.00
acct-alpha-prod,res-bulk-3408,EC2,2026-09-01,USD,1.00
acct-alpha-prod,res-bulk-3409,EC2,2026-09-01,USD,1.00
acct-alpha-prod,res-bulk-3410,EC2,2026-09-01,USD,1.00
acct-alpha-prod,res-bulk-3411,EC2,2026-09-01,USD,1.00
acct-alpha-prod,res-bulk-3412,EC2,2026-09-01,USD,1.00
acct-alpha-prod,res-bulk-3413,EC2,2026-09-01,USD,1.00
acct-alpha-prod,res-bulk-3414,EC2,2026-09-01,USD,1.00
acct-alpha-prod,res-bulk-3415,EC2,2026-09-01,USD,1.00
acct-alpha-prod,res-bulk-3416,EC2,2026-09-01,USD,1.00
acct-alpha-prod,res-bulk-3417,EC2,2026-09-01,USD,1.00
acct-alpha-prod,res-bulk-3418,EC2,2026-09-01,USD,1.00
acct-alpha-prod,res-bulk-3419,EC2,2026-09-01,USD,1.00
acct-alpha-prod,res-bulk-3420,EC2,2026-09-01,USD,1.00
acct-alpha-prod,res-bulk-3421,EC2,2026-09-01,USD,1.00
acct-alpha-prod,res-bulk-3422,EC2,2026-09-01,USD,1.00
acct-alpha-prod,res-bulk-3423,EC2,2026-09-01,USD,1.00
acct-alpha-prod,res-bulk-3424,EC2,2026-09-01,USD,1.00
acct-alpha-prod,res-bulk-3425,EC2,2026-09-01,USD,1.00
acct-alpha-prod,res-bulk-3426,EC2,2026-09-01,USD,1.00
acct-alpha-prod,res-bulk-3427,EC2,2026-09-01,USD,1.00
acct-alpha-prod,res-bulk-3428,EC2,2026-09-01,USD,1.00
acct-alpha-prod,res-bulk-3429,EC2,2026-09-01,USD,1.00
acct-alpha-prod,res-bulk-3430,EC2,2026-09-01,USD,1.00
acct-alpha-prod,res-bulk-3431,EC2,2026-09-01,USD,1.00
acct-alpha-prod,res-bulk-3432,EC2,2026-09-01,USD,1.00
acct-alpha-prod,res-bulk-3433,EC2,2026-09-01,USD,1.00
acct-alpha-prod,res-bulk-3434,EC2,2026-09-01,USD,1.00
acct-alpha-prod,res-bulk-3435,EC2,2026-09-01,USD,1.00
acct-alpha-prod,res-bulk-3436,EC2,2026-09-01,USD,1.00
acct-alpha-prod,res-bulk-3437,EC2,2026-09-01,USD,1.00
acct-alpha-prod,res-bulk-3438,EC2,2026-09-01,USD,1.00
acct-alpha-prod,res-bulk-3439,EC2,2026-09-01,USD,1.00
acct-alpha-prod,res-bulk-3440,EC2,2026-09-01,USD,1.00
acct-alpha-prod,res-bulk-3441,EC2,2026-09-01,USD,1.00
acct-alpha-prod,res-bulk-3442,EC2,2026-09-01,USD,1.00
acct-alpha-prod,res-bulk-3443,EC2,2026-09-01,USD,1.00
acct-alpha-prod,res-bulk-3444,EC2,2026-09-01,USD,1.00
acct-alpha-prod,res-bulk-3445,EC2,2026-09-01,USD,1.00
acct-alpha-prod,res-bulk-3446,EC2,2026-09-01,USD,1.00
acct-alpha-prod,res-bulk-3447,EC2,2026-09-01,USD,1.00
acct-alpha-prod,res-bulk-3448,EC2,2026-09-01,USD,1.00
acct-alpha-prod,res-bulk-3449,EC2,2026-09-01,USD,1.00
acct-alpha-prod,res-bulk-3450,EC2,2026-09-01,USD,1.00
acct-alpha-prod,res-bulk-3451,EC2,2026-09-01,USD,1.00
acct-alpha-prod,res-bulk-3452,EC2,2026-09-01,USD,1.00
acct-alpha-prod,res-bulk-3453,EC2,2026-09-01,USD,1.00
acct-alpha-prod,res-bulk-3454,EC2,2026-09-01,USD,1.00
acct-alpha-prod,res-bulk-3455,EC2,2026-09-01,USD,1.00
acct-alpha-prod,res-bulk-3456,EC2,2026-09-01,USD,1.00
acct-alpha-prod,res-bulk-3457,EC2,2026-09-01,USD,1.00
acct-alpha-prod,res-bulk-3458,EC2,2026-09-01,USD,1.00
acct-alpha-prod,res-bulk-3459,EC2,2026-09-01,USD,1.00
acct-alpha-prod,res-bulk-3460,EC2,2026-09-01,USD,1.00
acct-alpha-prod,res-bulk-3461,EC2,2026-09-01,USD,1.00
acct-alpha-prod,res-bulk-3462,EC2,2026-09-01,USD,1.00
acct-alpha-prod,res-bulk-3463,EC2,2026-09-01,USD,1.00
acct-alpha-prod,res-bulk-3464,EC2,2026-09-01,USD,1.00
acct-alpha-prod,res-bulk-3465,EC2,2026-09-01,USD,1.00
acct-alpha-prod,res-bulk-3466,EC2,2026-09-01,USD,1.00
acct-alpha-prod,res-bulk-3467,EC2,2026-09-01,USD,1.00
acct-alpha-prod,res-bulk-3468,EC2,2026-09-01,USD,1.00
acct-alpha-prod,res-bulk-3469,EC2,2026-09-01,USD,1.00
acct-alpha-prod,res-bulk-3470,EC2,2026-09-01,USD,1.00
acct-alpha-prod,res-bulk-3471,EC2,2026-09-01,USD,1.00
acct-alpha-prod,res-bulk-3472,EC2,2026-09-01,USD,1.00
acct-alpha-prod,res-bulk-3473,EC2,2026-09-01,USD,1.00
acct-alpha-prod,res-bulk-3474,EC2,2026-09-01,USD,1.00
acct-alpha-prod,res-bulk-3475,EC2,2026-09-01,USD,1.00
acct-alpha-prod,res-bulk-3476,EC2,2026-09-01,USD,1.00
acct-alpha-prod,res-bulk-3477,EC2,2026-09-01,USD,1.00
acct-alpha-prod,res-bulk-3478,EC2,2026-09-01,USD,1.00
acct-alpha-prod,res-bulk-3479,EC2,2026-09-01,USD,1.00
acct-alpha-prod,res-bulk-3480,EC2,2026-09-01,USD,1.00
acct-alpha-prod,res-bulk-3481,EC2,2026-09-01,USD,1.00
acct-alpha-prod,res-bulk-3482,EC2,2026-09-01,USD,1.00
acct-alpha-prod,res-bulk-3483,EC2,2026-09-01,USD,1.00
acct-alpha-prod,res-bulk-3484,EC2,2026-09-01,USD,1.00
acct-alpha-prod,res-bulk-3485,EC2,2026-09-01,USD,1.00
acct-alpha-prod,res-bulk-3486,EC2,2026-09-01,USD,1.00
acct-alpha-prod,res-bulk-3487,EC2,2026-09-01,USD,1.00
acct-alpha-prod,res-bulk-3488,EC2,2026-09-01,USD,1.00
acct-alpha-prod,res-bulk-3489,EC2,2026-09-01,USD,1.00
acct-alpha-prod,res-bulk-3490,EC2,2026-09-01,USD,1.00
acct-alpha-prod,res-bulk-3491,EC2,2026-09-01,USD,1.00
acct-alpha-prod,res-bulk-3492,EC2,2026-09-01,USD,1.00
acct-alpha-prod,res-bulk-3493,EC2,2026-09-01,USD,1.00
acct-alpha-prod,res-bulk-3494,EC2,2026-09-01,USD,1.00
acct-alpha-prod,res-bulk-3495,EC2,2026-09-01,USD,1.00
acct-alpha-prod,res-bulk-3496,EC2,2026-09-01,USD,1.00
acct-alpha-prod,res-bulk-3497,EC2,2026-09-01,USD,1.00
acct-alpha-prod,res-bulk-3498,EC2,2026-09-01,USD,1.00
acct-alpha-prod,res-bulk-3499,EC2,2026-09-01,USD,1.00
acct-alpha-prod,res-bulk-3500,EC2,2026-09-01,USD,1.00
acct-alpha-prod,res-bulk-3501,EC2,2026-09-01,USD,1.00
acct-alpha-prod,res-bulk-3502,EC2,2026-09-01,USD,1.00
acct-alpha-prod,res-bulk-3503,EC2,2026-09-01,USD,1.00
acct-alpha-prod,res-bulk-3504,EC2,2026-09-01,USD,1.00
acct-alpha-prod,res-bulk-3505,EC2,2026-09-01,USD,1.00
acct-alpha-prod,res-bulk-3506,EC2,2026-09-01,USD,1.00
acct-alpha-prod,res-bulk-3507,EC2,2026-09-01,USD,1.00
acct-alpha-prod,res-bulk-3508,EC2,2026-09-01,USD,1.00
acct-alpha-prod,res-bulk-3509,EC2,2026-09-01,USD,1.00
acct-alpha-prod,res-bulk-3510,EC2,2026-09-01,USD,1.00
acct-alpha-prod,res-bulk-3511,EC2,2026-09-01,USD,1.00
acct-alpha-prod,res-bulk-3512,EC2,2026-09-01,USD,1.00
acct-alpha-prod,res-bulk-3513,EC2,2026-09-01,USD,1.00
acct-alpha-prod,res-bulk-3514,EC2,2026-09-01,USD,1.00
acct-alpha-prod,res-bulk-3515,EC2,2026-09-01,USD,1.00
acct-alpha-prod,res-bulk-3516,EC2,2026-09-01,USD,1.00
acct-alpha-prod,res-bulk-3517,EC2,2026-09-01,USD,1.00
acct-alpha-prod,res-bulk-3518,EC2,2026-09-01,USD,1.00
acct-alpha-prod,res-bulk-3519,EC2,2026-09-01,USD,1.00
acct-alpha-prod,res-bulk-3520,EC2,2026-09-01,USD,1.00
acct-alpha-prod,res-bulk-3521,EC2,2026-09-01,USD,1.00
acct-alpha-prod,res-bulk-3522,EC2,2026-09-01,USD,1.00
acct-alpha-prod,res-bulk-3523,EC2,2026-09-01,USD,1.00
acct-alpha-prod,res-bulk-3524,EC2,2026-09-01,USD,1.00
acct-alpha-prod,res-bulk-3525,EC2,2026-09-01,USD,1.00
acct-alpha-prod,res-bulk-3526,EC2,2026-09-01,USD,1.00
acct-alpha-prod,res-bulk-3527,EC2,2026-09-01,USD,1.00
acct-alpha-prod,res-bulk-3528,EC2,2026-09-01,USD,1.00
acct-alpha-prod,res-bulk-3529,EC2,2026-09-01,USD,1.00
acct-alpha-prod,res-bulk-3530,EC2,2026-09-01,USD,1.00
acct-alpha-prod,res-bulk-3531,EC2,2026-09-01,USD,1.00
acct-alpha-prod,res-bulk-3532,EC2,2026-09-01,USD,1.00
acct-alpha-prod,res-bulk-3533,EC2,2026-09-01,USD,1.00
acct-alpha-prod,res-bulk-3534,EC2,2026-09-01,USD,1.00
acct-alpha-prod,res-bulk-3535,EC2,2026-09-01,USD,1.00
acct-alpha-prod,res-bulk-3536,EC2,2026-09-01,USD,1.00
acct-alpha-prod,res-bulk-3537,EC2,2026-09-01,USD,1.00
acct-alpha-prod,res-bulk-3538,EC2,2026-09-01,USD,1.00
acct-alpha-prod,res-bulk-3539,EC2,2026-09-01,USD,1.00
acct-alpha-prod,res-bulk-3540,EC2,2026-09-01,USD,1.00
acct-alpha-prod,res-bulk-3541,EC2,2026-09-01,USD,1.00
acct-alpha-prod,res-bulk-3542,EC2,2026-09-01,USD,1.00
acct-alpha-prod,res-bulk-3543,EC2,2026-09-01,USD,1.00
acct-alpha-prod,res-bulk-3544,EC2,2026-09-01,USD,1.00
acct-alpha-prod,res-bulk-3545,EC2,2026-09-01,USD,1.00
acct-alpha-prod,res-bulk-3546,EC2,2026-09-01,USD,1.00
acct-alpha-prod,res-bulk-3547,EC2,2026-09-01,USD,1.00
acct-alpha-prod,res-bulk-3548,EC2,2026-09-01,USD,1.00
acct-alpha-prod,res-bulk-3549,EC2,2026-09-01,USD,1.00
acct-alpha-prod,res-bulk-3550,EC2,2026-09-01,USD,1.00
acct-alpha-prod,res-bulk-3551,EC2,2026-09-01,USD,1.00
acct-alpha-prod,res-bulk-3552,EC2,2026-09-01,USD,1.00
acct-alpha-prod,res-bulk-3553,EC2,2026-09-01,USD,1.00
acct-alpha-prod,res-bulk-3554,EC2,2026-09-01,USD,1.00
acct-alpha-prod,res-bulk-3555,EC2,2026-09-01,USD,1.00
acct-alpha-prod,res-bulk-3556,EC2,2026-09-01,USD,1.00
acct-alpha-prod,res-bulk-3557,EC2,2026-09-01,USD,1.00
acct-alpha-prod,res-bulk-3558,EC2,2026-09-01,USD,1.00
acct-alpha-prod,res-bulk-3559,EC2,2026-09-01,USD,1.00
acct-alpha-prod,res-bulk-3560,EC2,2026-09-01,USD,1.00
acct-alpha-prod,res-bulk-3561,EC2,2026-09-01,USD,1.00
acct-alpha-prod,res-bulk-3562,EC2,2026-09-01,USD,1.00
acct-alpha-prod,res-bulk-3563,EC2,2026-09-01,USD,1.00
acct-alpha-prod,res-bulk-3564,EC2,2026-09-01,USD,1.00
acct-alpha-prod,res-bulk-3565,EC2,2026-09-01,USD,1.00
acct-alpha-prod,res-bulk-3566,EC2,2026-09-01,USD,1.00
acct-alpha-prod,res-bulk-3567,EC2,2026-09-01,USD,1.00
acct-alpha-prod,res-bulk-3568,EC2,2026-09-01,USD,1.00
acct-alpha-prod,res-bulk-3569,EC2,2026-09-01,USD,1.00
acct-alpha-prod,res-bulk-3570,EC2,2026-09-01,USD,1.00
acct-alpha-prod,res-bulk-3571,EC2,2026-09-01,USD,1.00
acct-alpha-prod,res-bulk-3572,EC2,2026-09-01,USD,1.00
acct-alpha-prod,res-bulk-3573,EC2,2026-09-01,USD,1.00
acct-alpha-prod,res-bulk-3574,EC2,2026-09-01,USD,1.00
acct-alpha-prod,res-bulk-3575,EC2,2026-09-01,USD,1.00
acct-alpha-prod,res-bulk-3576,EC2,2026-09-01,USD,1.00
acct-alpha-prod,res-bulk-3577,EC2,2026-09-01,USD,1.00
acct-alpha-prod,res-bulk-3578,EC2,2026-09-01,USD,1.00
acct-alpha-prod,res-bulk-3579,EC2,2026-09-01,USD,1.00
acct-alpha-prod,res-bulk-3580,EC2,2026-09-01,USD,1.00
acct-alpha-prod,res-bulk-3581,EC2,2026-09-01,USD,1.00
acct-alpha-prod,res-bulk-3582,EC2,2026-09-01,USD,1.00
acct-alpha-prod,res-bulk-3583,EC2,2026-09-01,USD,1.00
acct-alpha-prod,res-bulk-3584,EC2,2026-09-01,USD,1.00
acct-alpha-prod,res-bulk-3585,EC2,2026-09-01,USD,1.00
acct-alpha-prod,res-bulk-3586,EC2,2026-09-01,USD,1.00
acct-alpha-prod,res-bulk-3587,EC2,2026-09-01,USD,1.00
acct-alpha-prod,res-bulk-3588,EC2,2026-09-01,USD,1.00
acct-alpha-prod,res-bulk-3589,EC2,2026-09-01,USD,1.00
acct-alpha-prod,res-bulk-3590,EC2,2026-09-01,USD,1.00
acct-alpha-prod,res-bulk-3591,EC2,2026-09-01,USD,1.00
acct-alpha-prod,res-bulk-3592,EC2,2026-09-01,USD,1.00
acct-alpha-prod,res-bulk-3593,EC2,2026-09-01,USD,1.00
acct-alpha-prod,res-bulk-3594,EC2,2026-09-01,USD,1.00
acct-alpha-prod,res-bulk-3595,EC2,2026-09-01,USD,1.00
acct-alpha-prod,res-bulk-3596,EC2,2026-09-01,USD,1.00
acct-alpha-prod,res-bulk-3597,EC2,2026-09-01,USD,1.00
acct-alpha-prod,res-bulk-3598,EC2,2026-09-01,USD,1.00
acct-alpha-prod,res-bulk-3599,EC2,2026-09-01,USD,1.00
acct-alpha-prod,res-bulk-3600,EC2,2026-09-01,USD,1.00
acct-alpha-prod,res-bulk-3601,EC2,2026-09-01,USD,1.00
acct-alpha-prod,res-bulk-3602,EC2,2026-09-01,USD,1.00
acct-alpha-prod,res-bulk-3603,EC2,2026-09-01,USD,1.00
acct-alpha-prod,res-bulk-3604,EC2,2026-09-01,USD,1.00
acct-alpha-prod,res-bulk-3605,EC2,2026-09-01,USD,1.00
acct-alpha-prod,res-bulk-3606,EC2,2026-09-01,USD,1.00
acct-alpha-prod,res-bulk-3607,EC2,2026-09-01,USD,1.00
acct-alpha-prod,res-bulk-3608,EC2,2026-09-01,USD,1.00
acct-alpha-prod,res-bulk-3609,EC2,2026-09-01,USD,1.00
acct-alpha-prod,res-bulk-3610,EC2,2026-09-01,USD,1.00
acct-alpha-prod,res-bulk-3611,EC2,2026-09-01,USD,1.00
acct-alpha-prod,res-bulk-3612,EC2,2026-09-01,USD,1.00
acct-alpha-prod,res-bulk-3613,EC2,2026-09-01,USD,1.00
acct-alpha-prod,res-bulk-3614,EC2,2026-09-01,USD,1.00
acct-alpha-prod,res-bulk-3615,EC2,2026-09-01,USD,1.00
acct-alpha-prod,res-bulk-3616,EC2,2026-09-01,USD,1.00
acct-alpha-prod,res-bulk-3617,EC2,2026-09-01,USD,1.00
acct-alpha-prod,res-bulk-3618,EC2,2026-09-01,USD,1.00
acct-alpha-prod,res-bulk-3619,EC2,2026-09-01,USD,1.00
acct-alpha-prod,res-bulk-3620,EC2,2026-09-01,USD,1.00
acct-alpha-prod,res-bulk-3621,EC2,2026-09-01,USD,1.00
acct-alpha-prod,res-bulk-3622,EC2,2026-09-01,USD,1.00
acct-alpha-prod,res-bulk-3623,EC2,2026-09-01,USD,1.00
acct-alpha-prod,res-bulk-3624,EC2,2026-09-01,USD,1.00
acct-alpha-prod,res-bulk-3625,EC2,2026-09-01,USD,1.00
acct-alpha-prod,res-bulk-3626,EC2,2026-09-01,USD,1.00
acct-alpha-prod,res-bulk-3627,EC2,2026-09-01,USD,1.00
acct-alpha-prod,res-bulk-3628,EC2,2026-09-01,USD,1.00
acct-alpha-prod,res-bulk-3629,EC2,2026-09-01,USD,1.00
acct-alpha-prod,res-bulk-3630,EC2,2026-09-01,USD,1.00
acct-alpha-prod,res-bulk-3631,EC2,2026-09-01,USD,1.00
acct-alpha-prod,res-bulk-3632,EC2,2026-09-01,USD,1.00
acct-alpha-prod,res-bulk-3633,EC2,2026-09-01,USD,1.00
acct-alpha-prod,res-bulk-3634,EC2,2026-09-01,USD,1.00
acct-alpha-prod,res-bulk-3635,EC2,2026-09-01,USD,1.00
acct-alpha-prod,res-bulk-3636,EC2,2026-09-01,USD,1.00
acct-alpha-prod,res-bulk-3637,EC2,2026-09-01,USD,1.00
acct-alpha-prod,res-bulk-3638,EC2,2026-09-01,USD,1.00
acct-alpha-prod,res-bulk-3639,EC2,2026-09-01,USD,1.00
acct-alpha-prod,res-bulk-3640,EC2,2026-09-01,USD,1.00
acct-alpha-prod,res-bulk-3641,EC2,2026-09-01,USD,1.00
acct-alpha-prod,res-bulk-3642,EC2,2026-09-01,USD,1.00
acct-alpha-prod,res-bulk-3643,EC2,2026-09-01,USD,1.00
acct-alpha-prod,res-bulk-3644,EC2,2026-09-01,USD,1.00
acct-alpha-prod,res-bulk-3645,EC2,2026-09-01,USD,1.00
acct-alpha-prod,res-bulk-3646,EC2,2026-09-01,USD,1.00
acct-alpha-prod,res-bulk-3647,EC2,2026-09-01,USD,1.00
acct-alpha-prod,res-bulk-3648,EC2,2026-09-01,USD,1.00
acct-alpha-prod,res-bulk-3649,EC2,2026-09-01,USD,1.00
acct-alpha-prod,res-bulk-3650,EC2,2026-09-01,USD,1.00
acct-alpha-prod,res-bulk-3651,EC2,2026-09-01,USD,1.00
acct-alpha-prod,res-bulk-3652,EC2,2026-09-01,USD,1.00
acct-alpha-prod,res-bulk-3653,EC2,2026-09-01,USD,1.00
acct-alpha-prod,res-bulk-3654,EC2,2026-09-01,USD,1.00
acct-alpha-prod,res-bulk-3655,EC2,2026-09-01,USD,1.00
acct-alpha-prod,res-bulk-3656,EC2,2026-09-01,USD,1.00
acct-alpha-prod,res-bulk-3657,EC2,2026-09-01,USD,1.00
acct-alpha-prod,res-bulk-3658,EC2,2026-09-01,USD,1.00
acct-alpha-prod,res-bulk-3659,EC2,2026-09-01,USD,1.00
acct-alpha-prod,res-bulk-3660,EC2,2026-09-01,USD,1.00
acct-alpha-prod,res-bulk-3661,EC2,2026-09-01,USD,1.00
acct-alpha-prod,res-bulk-3662,EC2,2026-09-01,USD,1.00
acct-alpha-prod,res-bulk-3663,EC2,2026-09-01,USD,1.00
acct-alpha-prod,res-bulk-3664,EC2,2026-09-01,USD,1.00
acct-alpha-prod,res-bulk-3665,EC2,2026-09-01,USD,1.00
acct-alpha-prod,res-bulk-3666,EC2,2026-09-01,USD,1.00
acct-alpha-prod,res-bulk-3667,EC2,2026-09-01,USD,1.00
acct-alpha-prod,res-bulk-3668,EC2,2026-09-01,USD,1.00
acct-alpha-prod,res-bulk-3669,EC2,2026-09-01,USD,1.00
acct-alpha-prod,res-bulk-3670,EC2,2026-09-01,USD,1.00
acct-alpha-prod,res-bulk-3671,EC2,2026-09-01,USD,1.00
acct-alpha-prod,res-bulk-3672,EC2,2026-09-01,USD,1.00
acct-alpha-prod,res-bulk-3673,EC2,2026-09-01,USD,1.00
acct-alpha-prod,res-bulk-3674,EC2,2026-09-01,USD,1.00
acct-alpha-prod,res-bulk-3675,EC2,2026-09-01,USD,1.00
acct-alpha-prod,res-bulk-3676,EC2,2026-09-01,USD,1.00
acct-alpha-prod,res-bulk-3677,EC2,2026-09-01,USD,1.00
acct-alpha-prod,res-bulk-3678,EC2,2026-09-01,USD,1.00
acct-alpha-prod,res-bulk-3679,EC2,2026-09-01,USD,1.00
acct-alpha-prod,res-bulk-3680,EC2,2026-09-01,USD,1.00
acct-alpha-prod,res-bulk-3681,EC2,2026-09-01,USD,1.00
acct-alpha-prod,res-bulk-3682,EC2,2026-09-01,USD,1.00
acct-alpha-prod,res-bulk-3683,EC2,2026-09-01,USD,1.00
acct-alpha-prod,res-bulk-3684,EC2,2026-09-01,USD,1.00
acct-alpha-prod,res-bulk-3685,EC2,2026-09-01,USD,1.00
acct-alpha-prod,res-bulk-3686,EC2,2026-09-01,USD,1.00
acct-alpha-prod,res-bulk-3687,EC2,2026-09-01,USD,1.00
acct-alpha-prod,res-bulk-3688,EC2,2026-09-01,USD,1.00
acct-alpha-prod,res-bulk-3689,EC2,2026-09-01,USD,1.00
acct-alpha-prod,res-bulk-3690,EC2,2026-09-01,USD,1.00
acct-alpha-prod,res-bulk-3691,EC2,2026-09-01,USD,1.00
acct-alpha-prod,res-bulk-3692,EC2,2026-09-01,USD,1.00
acct-alpha-prod,res-bulk-3693,EC2,2026-09-01,USD,1.00
acct-alpha-prod,res-bulk-3694,EC2,2026-09-01,USD,1.00
acct-alpha-prod,res-bulk-3695,EC2,2026-09-01,USD,1.00
acct-alpha-prod,res-bulk-3696,EC2,2026-09-01,USD,1.00
acct-alpha-prod,res-bulk-3697,EC2,2026-09-01,USD,1.00
acct-alpha-prod,res-bulk-3698,EC2,2026-09-01,USD,1.00
acct-alpha-prod,res-bulk-3699,EC2,2026-09-01,USD,1.00
acct-alpha-prod,res-bulk-3700,EC2,2026-09-01,USD,1.00
acct-alpha-prod,res-bulk-3701,EC2,2026-09-01,USD,1.00
acct-alpha-prod,res-bulk-3702,EC2,2026-09-01,USD,1.00
acct-alpha-prod,res-bulk-3703,EC2,2026-09-01,USD,1.00
acct-alpha-prod,res-bulk-3704,EC2,2026-09-01,USD,1.00
acct-alpha-prod,res-bulk-3705,EC2,2026-09-01,USD,1.00
acct-alpha-prod,res-bulk-3706,EC2,2026-09-01,USD,1.00
acct-alpha-prod,res-bulk-3707,EC2,2026-09-01,USD,1.00
acct-alpha-prod,res-bulk-3708,EC2,2026-09-01,USD,1.00
acct-alpha-prod,res-bulk-3709,EC2,2026-09-01,USD,1.00
acct-alpha-prod,res-bulk-3710,EC2,2026-09-01,USD,1.00
acct-alpha-prod,res-bulk-3711,EC2,2026-09-01,USD,1.00
acct-alpha-prod,res-bulk-3712,EC2,2026-09-01,USD,1.00
acct-alpha-prod,res-bulk-3713,EC2,2026-09-01,USD,1.00
acct-alpha-prod,res-bulk-3714,EC2,2026-09-01,USD,1.00
acct-alpha-prod,res-bulk-3715,EC2,2026-09-01,USD,1.00
acct-alpha-prod,res-bulk-3716,EC2,2026-09-01,USD,1.00
acct-alpha-prod,res-bulk-3717,EC2,2026-09-01,USD,1.00
acct-alpha-prod,res-bulk-3718,EC2,2026-09-01,USD,1.00
acct-alpha-prod,res-bulk-3719,EC2,2026-09-01,USD,1.00
acct-alpha-prod,res-bulk-3720,EC2,2026-09-01,USD,1.00
acct-alpha-prod,res-bulk-3721,EC2,2026-09-01,USD,1.00
acct-alpha-prod,res-bulk-3722,EC2,2026-09-01,USD,1.00
acct-alpha-prod,res-bulk-3723,EC2,2026-09-01,USD,1.00
acct-alpha-prod,res-bulk-3724,EC2,2026-09-01,USD,1.00
acct-alpha-prod,res-bulk-3725,EC2,2026-09-01,USD,1.00
acct-alpha-prod,res-bulk-3726,EC2,2026-09-01,USD,1.00
acct-alpha-prod,res-bulk-3727,EC2,2026-09-01,USD,1.00
acct-alpha-prod,res-bulk-3728,EC2,2026-09-01,USD,1.00
acct-alpha-prod,res-bulk-3729,EC2,2026-09-01,USD,1.00
acct-alpha-prod,res-bulk-3730,EC2,2026-09-01,USD,1.00
acct-alpha-prod,res-bulk-3731,EC2,2026-09-01,USD,1.00
acct-alpha-prod,res-bulk-3732,EC2,2026-09-01,USD,1.00
acct-alpha-prod,res-bulk-3733,EC2,2026-09-01,USD,1.00
acct-alpha-prod,res-bulk-3734,EC2,2026-09-01,USD,1.00
acct-alpha-prod,res-bulk-3735,EC2,2026-09-01,USD,1.00
acct-alpha-prod,res-bulk-3736,EC2,2026-09-01,USD,1.00
acct-alpha-prod,res-bulk-3737,EC2,2026-09-01,USD,1.00
acct-alpha-prod,res-bulk-3738,EC2,2026-09-01,USD,1.00
acct-alpha-prod,res-bulk-3739,EC2,2026-09-01,USD,1.00
acct-alpha-prod,res-bulk-3740,EC2,2026-09-01,USD,1.00
acct-alpha-prod,res-bulk-3741,EC2,2026-09-01,USD,1.00
acct-alpha-prod,res-bulk-3742,EC2,2026-09-01,USD,1.00
acct-alpha-prod,res-bulk-3743,EC2,2026-09-01,USD,1.00
acct-alpha-prod,res-bulk-3744,EC2,2026-09-01,USD,1.00
acct-alpha-prod,res-bulk-3745,EC2,2026-09-01,USD,1.00
acct-alpha-prod,res-bulk-3746,EC2,2026-09-01,USD,1.00
acct-alpha-prod,res-bulk-3747,EC2,2026-09-01,USD,1.00
acct-alpha-prod,res-bulk-3748,EC2,2026-09-01,USD,1.00
acct-alpha-prod,res-bulk-3749,EC2,2026-09-01,USD,1.00
acct-alpha-prod,res-bulk-3750,EC2,2026-09-01,USD,1.00
acct-alpha-prod,res-bulk-3751,EC2,2026-09-01,USD,1.00
acct-alpha-prod,res-bulk-3752,EC2,2026-09-01,USD,1.00
acct-alpha-prod,res-bulk-3753,EC2,2026-09-01,USD,1.00
acct-alpha-prod,res-bulk-3754,EC2,2026-09-01,USD,1.00
acct-alpha-prod,res-bulk-3755,EC2,2026-09-01,USD,1.00
acct-alpha-prod,res-bulk-3756,EC2,2026-09-01,USD,1.00
acct-alpha-prod,res-bulk-3757,EC2,2026-09-01,USD,1.00
acct-alpha-prod,res-bulk-3758,EC2,2026-09-01,USD,1.00
acct-alpha-prod,res-bulk-3759,EC2,2026-09-01,USD,1.00
acct-alpha-prod,res-bulk-3760,EC2,2026-09-01,USD,1.00
acct-alpha-prod,res-bulk-3761,EC2,2026-09-01,USD,1.00
acct-alpha-prod,res-bulk-3762,EC2,2026-09-01,USD,1.00
acct-alpha-prod,res-bulk-3763,EC2,2026-09-01,USD,1.00
acct-alpha-prod,res-bulk-3764,EC2,2026-09-01,USD,1.00
acct-alpha-prod,res-bulk-3765,EC2,2026-09-01,USD,1.00
acct-alpha-prod,res-bulk-3766,EC2,2026-09-01,USD,1.00
acct-alpha-prod,res-bulk-3767,EC2,2026-09-01,USD,1.00
acct-alpha-prod,res-bulk-3768,EC2,2026-09-01,USD,1.00
acct-alpha-prod,res-bulk-3769,EC2,2026-09-01,USD,1.00
acct-alpha-prod,res-bulk-3770,EC2,2026-09-01,USD,1.00
acct-alpha-prod,res-bulk-3771,EC2,2026-09-01,USD,1.00
acct-alpha-prod,res-bulk-3772,EC2,2026-09-01,USD,1.00
acct-alpha-prod,res-bulk-3773,EC2,2026-09-01,USD,1.00
acct-alpha-prod,res-bulk-3774,EC2,2026-09-01,USD,1.00
acct-alpha-prod,res-bulk-3775,EC2,2026-09-01,USD,1.00
acct-alpha-prod,res-bulk-3776,EC2,2026-09-01,USD,1.00
acct-alpha-prod,res-bulk-3777,EC2,2026-09-01,USD,1.00
acct-alpha-prod,res-bulk-3778,EC2,2026-09-01,USD,1.00
acct-alpha-prod,res-bulk-3779,EC2,2026-09-01,USD,1.00
acct-alpha-prod,res-bulk-3780,EC2,2026-09-01,USD,1.00
acct-alpha-prod,res-bulk-3781,EC2,2026-09-01,USD,1.00
acct-alpha-prod,res-bulk-3782,EC2,2026-09-01,USD,1.00
acct-alpha-prod,res-bulk-3783,EC2,2026-09-01,USD,1.00
acct-alpha-prod,res-bulk-3784,EC2,2026-09-01,USD,1.00
acct-alpha-prod,res-bulk-3785,EC2,2026-09-01,USD,1.00
acct-alpha-prod,res-bulk-3786,EC2,2026-09-01,USD,1.00
acct-alpha-prod,res-bulk-3787,EC2,2026-09-01,USD,1.00
acct-alpha-prod,res-bulk-3788,EC2,2026-09-01,USD,1.00
acct-alpha-prod,res-bulk-3789,EC2,2026-09-01,USD,1.00
acct-alpha-prod,res-bulk-3790,EC2,2026-09-01,USD,1.00
acct-alpha-prod,res-bulk-3791,EC2,2026-09-01,USD,1.00
acct-alpha-prod,res-bulk-3792,EC2,2026-09-01,USD,1.00
acct-alpha-prod,res-bulk-3793,EC2,2026-09-01,USD,1.00
acct-alpha-prod,res-bulk-3794,EC2,2026-09-01,USD,1.00
acct-alpha-prod,res-bulk-3795,EC2,2026-09-01,USD,1.00
acct-alpha-prod,res-bulk-3796,EC2,2026-09-01,USD,1.00
acct-alpha-prod,res-bulk-3797,EC2,2026-09-01,USD,1.00
acct-alpha-prod,res-bulk-3798,EC2,2026-09-01,USD,1.00
acct-alpha-prod,res-bulk-3799,EC2,2026-09-01,USD,1.00
acct-alpha-prod,res-bulk-3800,EC2,2026-09-01,USD,1.00
acct-alpha-prod,res-bulk-3801,EC2,2026-09-01,USD,1.00
acct-alpha-prod,res-bulk-3802,EC2,2026-09-01,USD,1.00
acct-alpha-prod,res-bulk-3803,EC2,2026-09-01,USD,1.00
acct-alpha-prod,res-bulk-3804,EC2,2026-09-01,USD,1.00
acct-alpha-prod,res-bulk-3805,EC2,2026-09-01,USD,1.00
acct-alpha-prod,res-bulk-3806,EC2,2026-09-01,USD,1.00
acct-alpha-prod,res-bulk-3807,EC2,2026-09-01,USD,1.00
acct-alpha-prod,res-bulk-3808,EC2,2026-09-01,USD,1.00
acct-alpha-prod,res-bulk-3809,EC2,2026-09-01,USD,1.00
acct-alpha-prod,res-bulk-3810,EC2,2026-09-01,USD,1.00
acct-alpha-prod,res-bulk-3811,EC2,2026-09-01,USD,1.00
acct-alpha-prod,res-bulk-3812,EC2,2026-09-01,USD,1.00
acct-alpha-prod,res-bulk-3813,EC2,2026-09-01,USD,1.00
acct-alpha-prod,res-bulk-3814,EC2,2026-09-01,USD,1.00
acct-alpha-prod,res-bulk-3815,EC2,2026-09-01,USD,1.00
acct-alpha-prod,res-bulk-3816,EC2,2026-09-01,USD,1.00
acct-alpha-prod,res-bulk-3817,EC2,2026-09-01,USD,1.00
acct-alpha-prod,res-bulk-3818,EC2,2026-09-01,USD,1.00
acct-alpha-prod,res-bulk-3819,EC2,2026-09-01,USD,1.00
acct-alpha-prod,res-bulk-3820,EC2,2026-09-01,USD,1.00
acct-alpha-prod,res-bulk-3821,EC2,2026-09-01,USD,1.00
acct-alpha-prod,res-bulk-3822,EC2,2026-09-01,USD,1.00
acct-alpha-prod,res-bulk-3823,EC2,2026-09-01,USD,1.00
acct-alpha-prod,res-bulk-3824,EC2,2026-09-01,USD,1.00
acct-alpha-prod,res-bulk-3825,EC2,2026-09-01,USD,1.00
acct-alpha-prod,res-bulk-3826,EC2,2026-09-01,USD,1.00
acct-alpha-prod,res-bulk-3827,EC2,2026-09-01,USD,1.00
acct-alpha-prod,res-bulk-3828,EC2,2026-09-01,USD,1.00
acct-alpha-prod,res-bulk-3829,EC2,2026-09-01,USD,1.00
acct-alpha-prod,res-bulk-3830,EC2,2026-09-01,USD,1.00
acct-alpha-prod,res-bulk-3831,EC2,2026-09-01,USD,1.00
acct-alpha-prod,res-bulk-3832,EC2,2026-09-01,USD,1.00
acct-alpha-prod,res-bulk-3833,EC2,2026-09-01,USD,1.00
acct-alpha-prod,res-bulk-3834,EC2,2026-09-01,USD,1.00
acct-alpha-prod,res-bulk-3835,EC2,2026-09-01,USD,1.00
acct-alpha-prod,res-bulk-3836,EC2,2026-09-01,USD,1.00
acct-alpha-prod,res-bulk-3837,EC2,2026-09-01,USD,1.00
acct-alpha-prod,res-bulk-3838,EC2,2026-09-01,USD,1.00
acct-alpha-prod,res-bulk-3839,EC2,2026-09-01,USD,1.00
acct-alpha-prod,res-bulk-3840,EC2,2026-09-01,USD,1.00
acct-alpha-prod,res-bulk-3841,EC2,2026-09-01,USD,1.00
acct-alpha-prod,res-bulk-3842,EC2,2026-09-01,USD,1.00
acct-alpha-prod,res-bulk-3843,EC2,2026-09-01,USD,1.00
acct-alpha-prod,res-bulk-3844,EC2,2026-09-01,USD,1.00
acct-alpha-prod,res-bulk-3845,EC2,2026-09-01,USD,1.00
acct-alpha-prod,res-bulk-3846,EC2,2026-09-01,USD,1.00
acct-alpha-prod,res-bulk-3847,EC2,2026-09-01,USD,1.00
acct-alpha-prod,res-bulk-3848,EC2,2026-09-01,USD,1.00
acct-alpha-prod,res-bulk-3849,EC2,2026-09-01,USD,1.00
acct-alpha-prod,res-bulk-3850,EC2,2026-09-01,USD,1.00
acct-alpha-prod,res-bulk-3851,EC2,2026-09-01,USD,1.00
acct-alpha-prod,res-bulk-3852,EC2,2026-09-01,USD,1.00
acct-alpha-prod,res-bulk-3853,EC2,2026-09-01,USD,1.00
acct-alpha-prod,res-bulk-3854,EC2,2026-09-01,USD,1.00
acct-alpha-prod,res-bulk-3855,EC2,2026-09-01,USD,1.00
acct-alpha-prod,res-bulk-3856,EC2,2026-09-01,USD,1.00
acct-alpha-prod,res-bulk-3857,EC2,2026-09-01,USD,1.00
acct-alpha-prod,res-bulk-3858,EC2,2026-09-01,USD,1.00
acct-alpha-prod,res-bulk-3859,EC2,2026-09-01,USD,1.00
acct-alpha-prod,res-bulk-3860,EC2,2026-09-01,USD,1.00
acct-alpha-prod,res-bulk-3861,EC2,2026-09-01,USD,1.00
acct-alpha-prod,res-bulk-3862,EC2,2026-09-01,USD,1.00
acct-alpha-prod,res-bulk-3863,EC2,2026-09-01,USD,1.00
acct-alpha-prod,res-bulk-3864,EC2,2026-09-01,USD,1.00
acct-alpha-prod,res-bulk-3865,EC2,2026-09-01,USD,1.00
acct-alpha-prod,res-bulk-3866,EC2,2026-09-01,USD,1.00
acct-alpha-prod,res-bulk-3867,EC2,2026-09-01,USD,1.00
acct-alpha-prod,res-bulk-3868,EC2,2026-09-01,USD,1.00
acct-alpha-prod,res-bulk-3869,EC2,2026-09-01,USD,1.00
acct-alpha-prod,res-bulk-3870,EC2,2026-09-01,USD,1.00
acct-alpha-prod,res-bulk-3871,EC2,2026-09-01,USD,1.00
acct-alpha-prod,res-bulk-3872,EC2,2026-09-01,USD,1.00
acct-alpha-prod,res-bulk-3873,EC2,2026-09-01,USD,1.00
acct-alpha-prod,res-bulk-3874,EC2,2026-09-01,USD,1.00
acct-alpha-prod,res-bulk-3875,EC2,2026-09-01,USD,1.00
acct-alpha-prod,res-bulk-3876,EC2,2026-09-01,USD,1.00
acct-alpha-prod,res-bulk-3877,EC2,2026-09-01,USD,1.00
acct-alpha-prod,res-bulk-3878,EC2,2026-09-01,USD,1.00
acct-alpha-prod,res-bulk-3879,EC2,2026-09-01,USD,1.00
acct-alpha-prod,res-bulk-3880,EC2,2026-09-01,USD,1.00
acct-alpha-prod,res-bulk-3881,EC2,2026-09-01,USD,1.00
acct-alpha-prod,res-bulk-3882,EC2,2026-09-01,USD,1.00
acct-alpha-prod,res-bulk-3883,EC2,2026-09-01,USD,1.00
acct-alpha-prod,res-bulk-3884,EC2,2026-09-01,USD,1.00
acct-alpha-prod,res-bulk-3885,EC2,2026-09-01,USD,1.00
acct-alpha-prod,res-bulk-3886,EC2,2026-09-01,USD,1.00
acct-alpha-prod,res-bulk-3887,EC2,2026-09-01,USD,1.00
acct-alpha-prod,res-bulk-3888,EC2,2026-09-01,USD,1.00
acct-alpha-prod,res-bulk-3889,EC2,2026-09-01,USD,1.00
acct-alpha-prod,res-bulk-3890,EC2,2026-09-01,USD,1.00
acct-alpha-prod,res-bulk-3891,EC2,2026-09-01,USD,1.00
acct-alpha-prod,res-bulk-3892,EC2,2026-09-01,USD,1.00
acct-alpha-prod,res-bulk-3893,EC2,2026-09-01,USD,1.00
acct-alpha-prod,res-bulk-3894,EC2,2026-09-01,USD,1.00
acct-alpha-prod,res-bulk-3895,EC2,2026-09-01,USD,1.00
acct-alpha-prod,res-bulk-3896,EC2,2026-09-01,USD,1.00
acct-alpha-prod,res-bulk-3897,EC2,2026-09-01,USD,1.00
acct-alpha-prod,res-bulk-3898,EC2,2026-09-01,USD,1.00
acct-alpha-prod,res-bulk-3899,EC2,2026-09-01,USD,1.00
acct-alpha-prod,res-bulk-3900,EC2,2026-09-01,USD,1.00
acct-alpha-prod,res-bulk-3901,EC2,2026-09-01,USD,1.00
acct-alpha-prod,res-bulk-3902,EC2,2026-09-01,USD,1.00
acct-alpha-prod,res-bulk-3903,EC2,2026-09-01,USD,1.00
acct-alpha-prod,res-bulk-3904,EC2,2026-09-01,USD,1.00
acct-alpha-prod,res-bulk-3905,EC2,2026-09-01,USD,1.00
acct-alpha-prod,res-bulk-3906,EC2,2026-09-01,USD,1.00
acct-alpha-prod,res-bulk-3907,EC2,2026-09-01,USD,1.00
acct-alpha-prod,res-bulk-3908,EC2,2026-09-01,USD,1.00
acct-alpha-prod,res-bulk-3909,EC2,2026-09-01,USD,1.00
acct-alpha-prod,res-bulk-3910,EC2,2026-09-01,USD,1.00
acct-alpha-prod,res-bulk-3911,EC2,2026-09-01,USD,1.00
acct-alpha-prod,res-bulk-3912,EC2,2026-09-01,USD,1.00
acct-alpha-prod,res-bulk-3913,EC2,2026-09-01,USD,1.00
acct-alpha-prod,res-bulk-3914,EC2,2026-09-01,USD,1.00
acct-alpha-prod,res-bulk-3915,EC2,2026-09-01,USD,1.00
acct-alpha-prod,res-bulk-3916,EC2,2026-09-01,USD,1.00
acct-alpha-prod,res-bulk-3917,EC2,2026-09-01,USD,1.00
acct-alpha-prod,res-bulk-3918,EC2,2026-09-01,USD,1.00
acct-alpha-prod,res-bulk-3919,EC2,2026-09-01,USD,1.00
acct-alpha-prod,res-bulk-3920,EC2,2026-09-01,USD,1.00
acct-alpha-prod,res-bulk-3921,EC2,2026-09-01,USD,1.00
acct-alpha-prod,res-bulk-3922,EC2,2026-09-01,USD,1.00
acct-alpha-prod,res-bulk-3923,EC2,2026-09-01,USD,1.00
acct-alpha-prod,res-bulk-3924,EC2,2026-09-01,USD,1.00
acct-alpha-prod,res-bulk-3925,EC2,2026-09-01,USD,1.00
acct-alpha-prod,res-bulk-3926,EC2,2026-09-01,USD,1.00
acct-alpha-prod,res-bulk-3927,EC2,2026-09-01,USD,1.00
acct-alpha-prod,res-bulk-3928,EC2,2026-09-01,USD,1.00
acct-alpha-prod,res-bulk-3929,EC2,2026-09-01,USD,1.00
acct-alpha-prod,res-bulk-3930,EC2,2026-09-01,USD,1.00
acct-alpha-prod,res-bulk-3931,EC2,2026-09-01,USD,1.00
acct-alpha-prod,res-bulk-3932,EC2,2026-09-01,USD,1.00
acct-alpha-prod,res-bulk-3933,EC2,2026-09-01,USD,1.00
acct-alpha-prod,res-bulk-3934,EC2,2026-09-01,USD,1.00
acct-alpha-prod,res-bulk-3935,EC2,2026-09-01,USD,1.00
acct-alpha-prod,res-bulk-3936,EC2,2026-09-01,USD,1.00
acct-alpha-prod,res-bulk-3937,EC2,2026-09-01,USD,1.00
acct-alpha-prod,res-bulk-3938,EC2,2026-09-01,USD,1.00
acct-alpha-prod,res-bulk-3939,EC2,2026-09-01,USD,1.00
acct-alpha-prod,res-bulk-3940,EC2,2026-09-01,USD,1.00
acct-alpha-prod,res-bulk-3941,EC2,2026-09-01,USD,1.00
acct-alpha-prod,res-bulk-3942,EC2,2026-09-01,USD,1.00
acct-alpha-prod,res-bulk-3943,EC2,2026-09-01,USD,1.00
acct-alpha-prod,res-bulk-3944,EC2,2026-09-01,USD,1.00
acct-alpha-prod,res-bulk-3945,EC2,2026-09-01,USD,1.00
acct-alpha-prod,res-bulk-3946,EC2,2026-09-01,USD,1.00
acct-alpha-prod,res-bulk-3947,EC2,2026-09-01,USD,1.00
acct-alpha-prod,res-bulk-3948,EC2,2026-09-01,USD,1.00
acct-alpha-prod,res-bulk-3949,EC2,2026-09-01,USD,1.00
acct-alpha-prod,res-bulk-3950,EC2,2026-09-01,USD,1.00
acct-alpha-prod,res-bulk-3951,EC2,2026-09-01,USD,1.00
acct-alpha-prod,res-bulk-3952,EC2,2026-09-01,USD,1.00
acct-alpha-prod,res-bulk-3953,EC2,2026-09-01,USD,1.00
acct-alpha-prod,res-bulk-3954,EC2,2026-09-01,USD,1.00
acct-alpha-prod,res-bulk-3955,EC2,2026-09-01,USD,1.00
acct-alpha-prod,res-bulk-3956,EC2,2026-09-01,USD,1.00
acct-alpha-prod,res-bulk-3957,EC2,2026-09-01,USD,1.00
acct-alpha-prod,res-bulk-3958,EC2,2026-09-01,USD,1.00
acct-alpha-prod,res-bulk-3959,EC2,2026-09-01,USD,1.00
acct-alpha-prod,res-bulk-3960,EC2,2026-09-01,USD,1.00
acct-alpha-prod,res-bulk-3961,EC2,2026-09-01,USD,1.00
acct-alpha-prod,res-bulk-3962,EC2,2026-09-01,USD,1.00
acct-alpha-prod,res-bulk-3963,EC2,2026-09-01,USD,1.00
acct-alpha-prod,res-bulk-3964,EC2,2026-09-01,USD,1.00
acct-alpha-prod,res-bulk-3965,EC2,2026-09-01,USD,1.00
acct-alpha-prod,res-bulk-3966,EC2,2026-09-01,USD,1.00
acct-alpha-prod,res-bulk-3967,EC2,2026-09-01,USD,1.00
acct-alpha-prod,res-bulk-3968,EC2,2026-09-01,USD,1.00
acct-alpha-prod,res-bulk-3969,EC2,2026-09-01,USD,1.00
acct-alpha-prod,res-bulk-3970,EC2,2026-09-01,USD,1.00
acct-alpha-prod,res-bulk-3971,EC2,2026-09-01,USD,1.00
acct-alpha-prod,res-bulk-3972,EC2,2026-09-01,USD,1.00
acct-alpha-prod,res-bulk-3973,EC2,2026-09-01,USD,1.00
acct-alpha-prod,res-bulk-3974,EC2,2026-09-01,USD,1.00
acct-alpha-prod,res-bulk-3975,EC2,2026-09-01,USD,1.00
acct-alpha-prod,res-bulk-3976,EC2,2026-09-01,USD,1.00
acct-alpha-prod,res-bulk-3977,EC2,2026-09-01,USD,1.00
acct-alpha-prod,res-bulk-3978,EC2,2026-09-01,USD,1.00
acct-alpha-prod,res-bulk-3979,EC2,2026-09-01,USD,1.00
acct-alpha-prod,res-bulk-3980,EC2,2026-09-01,USD,1.00
acct-alpha-prod,res-bulk-3981,EC2,2026-09-01,USD,1.00
acct-alpha-prod,res-bulk-3982,EC2,2026-09-01,USD,1.00
acct-alpha-prod,res-bulk-3983,EC2,2026-09-01,USD,1.00
acct-alpha-prod,res-bulk-3984,EC2,2026-09-01,USD,1.00
acct-alpha-prod,res-bulk-3985,EC2,2026-09-01,USD,1.00
acct-alpha-prod,res-bulk-3986,EC2,2026-09-01,USD,1.00
acct-alpha-prod,res-bulk-3987,EC2,2026-09-01,USD,1.00
acct-alpha-prod,res-bulk-3988,EC2,2026-09-01,USD,1.00
acct-alpha-prod,res-bulk-3989,EC2,2026-09-01,USD,1.00
acct-alpha-prod,res-bulk-3990,EC2,2026-09-01,USD,1.00
acct-alpha-prod,res-bulk-3991,EC2,2026-09-01,USD,1.00
acct-alpha-prod,res-bulk-3992,EC2,2026-09-01,USD,1.00
acct-alpha-prod,res-bulk-3993,EC2,2026-09-01,USD,1.00
acct-alpha-prod,res-bulk-3994,EC2,2026-09-01,USD,1.00
acct-alpha-prod,res-bulk-3995,EC2,2026-09-01,USD,1.00
acct-alpha-prod,res-bulk-3996,EC2,2026-09-01,USD,1.00
acct-alpha-prod,res-bulk-3997,EC2,2026-09-01,USD,1.00
acct-alpha-prod,res-bulk-3998,EC2,2026-09-01,USD,1.00
acct-alpha-prod,res-bulk-3999,EC2,2026-09-01,USD,1.00
acct-alpha-prod,res-bulk-4000,EC2,2026-09-01,USD,1.00
acct-alpha-prod,res-bulk-4001,EC2,2026-09-01,USD,1.00
acct-alpha-prod,res-bulk-4002,EC2,2026-09-01,USD,1.00
acct-alpha-prod,res-bulk-4003,EC2,2026-09-01,USD,1.00
acct-alpha-prod,res-bulk-4004,EC2,2026-09-01,USD,1.00
acct-alpha-prod,res-bulk-4005,EC2,2026-09-01,USD,1.00
acct-alpha-prod,res-bulk-4006,EC2,2026-09-01,USD,1.00
acct-alpha-prod,res-bulk-4007,EC2,2026-09-01,USD,1.00
acct-alpha-prod,res-bulk-4008,EC2,2026-09-01,USD,1.00
acct-alpha-prod,res-bulk-4009,EC2,2026-09-01,USD,1.00
acct-alpha-prod,res-bulk-4010,EC2,2026-09-01,USD,1.00
acct-alpha-prod,res-bulk-4011,EC2,2026-09-01,USD,1.00
acct-alpha-prod,res-bulk-4012,EC2,2026-09-01,USD,1.00
acct-alpha-prod,res-bulk-4013,EC2,2026-09-01,USD,1.00
acct-alpha-prod,res-bulk-4014,EC2,2026-09-01,USD,1.00
acct-alpha-prod,res-bulk-4015,EC2,2026-09-01,USD,1.00
acct-alpha-prod,res-bulk-4016,EC2,2026-09-01,USD,1.00
acct-alpha-prod,res-bulk-4017,EC2,2026-09-01,USD,1.00
acct-alpha-prod,res-bulk-4018,EC2,2026-09-01,USD,1.00
acct-alpha-prod,res-bulk-4019,EC2,2026-09-01,USD,1.00
acct-alpha-prod,res-bulk-4020,EC2,2026-09-01,USD,1.00
acct-alpha-prod,res-bulk-4021,EC2,2026-09-01,USD,1.00
acct-alpha-prod,res-bulk-4022,EC2,2026-09-01,USD,1.00
acct-alpha-prod,res-bulk-4023,EC2,2026-09-01,USD,1.00
acct-alpha-prod,res-bulk-4024,EC2,2026-09-01,USD,1.00
acct-alpha-prod,res-bulk-4025,EC2,2026-09-01,USD,1.00
acct-alpha-prod,res-bulk-4026,EC2,2026-09-01,USD,1.00
acct-alpha-prod,res-bulk-4027,EC2,2026-09-01,USD,1.00
acct-alpha-prod,res-bulk-4028,EC2,2026-09-01,USD,1.00
acct-alpha-prod,res-bulk-4029,EC2,2026-09-01,USD,1.00
acct-alpha-prod,res-bulk-4030,EC2,2026-09-01,USD,1.00
acct-alpha-prod,res-bulk-4031,EC2,2026-09-01,USD,1.00
acct-alpha-prod,res-bulk-4032,EC2,2026-09-01,USD,1.00
acct-alpha-prod,res-bulk-4033,EC2,2026-09-01,USD,1.00
acct-alpha-prod,res-bulk-4034,EC2,2026-09-01,USD,1.00
acct-alpha-prod,res-bulk-4035,EC2,2026-09-01,USD,1.00
acct-alpha-prod,res-bulk-4036,EC2,2026-09-01,USD,1.00
acct-alpha-prod,res-bulk-4037,EC2,2026-09-01,USD,1.00
acct-alpha-prod,res-bulk-4038,EC2,2026-09-01,USD,1.00
acct-alpha-prod,res-bulk-4039,EC2,2026-09-01,USD,1.00
acct-alpha-prod,res-bulk-4040,EC2,2026-09-01,USD,1.00
acct-alpha-prod,res-bulk-4041,EC2,2026-09-01,USD,1.00
acct-alpha-prod,res-bulk-4042,EC2,2026-09-01,USD,1.00
acct-alpha-prod,res-bulk-4043,EC2,2026-09-01,USD,1.00
acct-alpha-prod,res-bulk-4044,EC2,2026-09-01,USD,1.00
acct-alpha-prod,res-bulk-4045,EC2,2026-09-01,USD,1.00
acct-alpha-prod,res-bulk-4046,EC2,2026-09-01,USD,1.00
acct-alpha-prod,res-bulk-4047,EC2,2026-09-01,USD,1.00
acct-alpha-prod,res-bulk-4048,EC2,2026-09-01,USD,1.00
acct-alpha-prod,res-bulk-4049,EC2,2026-09-01,USD,1.00
acct-alpha-prod,res-bulk-4050,EC2,2026-09-01,USD,1.00
acct-alpha-prod,res-bulk-4051,EC2,2026-09-01,USD,1.00
acct-alpha-prod,res-bulk-4052,EC2,2026-09-01,USD,1.00
acct-alpha-prod,res-bulk-4053,EC2,2026-09-01,USD,1.00
acct-alpha-prod,res-bulk-4054,EC2,2026-09-01,USD,1.00
acct-alpha-prod,res-bulk-4055,EC2,2026-09-01,USD,1.00
acct-alpha-prod,res-bulk-4056,EC2,2026-09-01,USD,1.00
acct-alpha-prod,res-bulk-4057,EC2,2026-09-01,USD,1.00
acct-alpha-prod,res-bulk-4058,EC2,2026-09-01,USD,1.00
acct-alpha-prod,res-bulk-4059,EC2,2026-09-01,USD,1.00
acct-alpha-prod,res-bulk-4060,EC2,2026-09-01,USD,1.00
acct-alpha-prod,res-bulk-4061,EC2,2026-09-01,USD,1.00
acct-alpha-prod,res-bulk-4062,EC2,2026-09-01,USD,1.00
acct-alpha-prod,res-bulk-4063,EC2,2026-09-01,USD,1.00
acct-alpha-prod,res-bulk-4064,EC2,2026-09-01,USD,1.00
acct-alpha-prod,res-bulk-4065,EC2,2026-09-01,USD,1.00
acct-alpha-prod,res-bulk-4066,EC2,2026-09-01,USD,1.00
acct-alpha-prod,res-bulk-4067,EC2,2026-09-01,USD,1.00
acct-alpha-prod,res-bulk-4068,EC2,2026-09-01,USD,1.00
acct-alpha-prod,res-bulk-4069,EC2,2026-09-01,USD,1.00
acct-alpha-prod,res-bulk-4070,EC2,2026-09-01,USD,1.00
acct-alpha-prod,res-bulk-4071,EC2,2026-09-01,USD,1.00
acct-alpha-prod,res-bulk-4072,EC2,2026-09-01,USD,1.00
acct-alpha-prod,res-bulk-4073,EC2,2026-09-01,USD,1.00
acct-alpha-prod,res-bulk-4074,EC2,2026-09-01,USD,1.00
acct-alpha-prod,res-bulk-4075,EC2,2026-09-01,USD,1.00
acct-alpha-prod,res-bulk-4076,EC2,2026-09-01,USD,1.00
acct-alpha-prod,res-bulk-4077,EC2,2026-09-01,USD,1.00
acct-alpha-prod,res-bulk-4078,EC2,2026-09-01,USD,1.00
acct-alpha-prod,res-bulk-4079,EC2,2026-09-01,USD,1.00
acct-alpha-prod,res-bulk-4080,EC2,2026-09-01,USD,1.00
acct-alpha-prod,res-bulk-4081,EC2,2026-09-01,USD,1.00
acct-alpha-prod,res-bulk-4082,EC2,2026-09-01,USD,1.00
acct-alpha-prod,res-bulk-4083,EC2,2026-09-01,USD,1.00
acct-alpha-prod,res-bulk-4084,EC2,2026-09-01,USD,1.00
acct-alpha-prod,res-bulk-4085,EC2,2026-09-01,USD,1.00
acct-alpha-prod,res-bulk-4086,EC2,2026-09-01,USD,1.00
acct-alpha-prod,res-bulk-4087,EC2,2026-09-01,USD,1.00
acct-alpha-prod,res-bulk-4088,EC2,2026-09-01,USD,1.00
acct-alpha-prod,res-bulk-4089,EC2,2026-09-01,USD,1.00
acct-alpha-prod,res-bulk-4090,EC2,2026-09-01,USD,1.00
acct-alpha-prod,res-bulk-4091,EC2,2026-09-01,USD,1.00
acct-alpha-prod,res-bulk-4092,EC2,2026-09-01,USD,1.00
acct-alpha-prod,res-bulk-4093,EC2,2026-09-01,USD,1.00
acct-alpha-prod,res-bulk-4094,EC2,2026-09-01,USD,1.00
acct-alpha-prod,res-bulk-4095,EC2,2026-09-01,USD,1.00
acct-alpha-prod,res-bulk-4096,EC2,2026-09-01,USD,1.00
acct-alpha-prod,res-bulk-4097,EC2,2026-09-01,USD,1.00
acct-alpha-prod,res-bulk-4098,EC2,2026-09-01,USD,1.00
acct-alpha-prod,res-bulk-4099,EC2,2026-09-01,USD,1.00
acct-alpha-prod,res-bulk-4100,EC2,2026-09-01,USD,1.00
acct-alpha-prod,res-bulk-4101,EC2,2026-09-01,USD,1.00
acct-alpha-prod,res-bulk-4102,EC2,2026-09-01,USD,1.00
acct-alpha-prod,res-bulk-4103,EC2,2026-09-01,USD,1.00
acct-alpha-prod,res-bulk-4104,EC2,2026-09-01,USD,1.00
acct-alpha-prod,res-bulk-4105,EC2,2026-09-01,USD,1.00
acct-alpha-prod,res-bulk-4106,EC2,2026-09-01,USD,1.00
acct-alpha-prod,res-bulk-4107,EC2,2026-09-01,USD,1.00
acct-alpha-prod,res-bulk-4108,EC2,2026-09-01,USD,1.00
acct-alpha-prod,res-bulk-4109,EC2,2026-09-01,USD,1.00
acct-alpha-prod,res-bulk-4110,EC2,2026-09-01,USD,1.00
acct-alpha-prod,res-bulk-4111,EC2,2026-09-01,USD,1.00
acct-alpha-prod,res-bulk-4112,EC2,2026-09-01,USD,1.00
acct-alpha-prod,res-bulk-4113,EC2,2026-09-01,USD,1.00
acct-alpha-prod,res-bulk-4114,EC2,2026-09-01,USD,1.00
acct-alpha-prod,res-bulk-4115,EC2,2026-09-01,USD,1.00
acct-alpha-prod,res-bulk-4116,EC2,2026-09-01,USD,1.00
acct-alpha-prod,res-bulk-4117,EC2,2026-09-01,USD,1.00
acct-alpha-prod,res-bulk-4118,EC2,2026-09-01,USD,1.00
acct-alpha-prod,res-bulk-4119,EC2,2026-09-01,USD,1.00
acct-alpha-prod,res-bulk-4120,EC2,2026-09-01,USD,1.00
acct-alpha-prod,res-bulk-4121,EC2,2026-09-01,USD,1.00
acct-alpha-prod,res-bulk-4122,EC2,2026-09-01,USD,1.00
acct-alpha-prod,res-bulk-4123,EC2,2026-09-01,USD,1.00
acct-alpha-prod,res-bulk-4124,EC2,2026-09-01,USD,1.00
acct-alpha-prod,res-bulk-4125,EC2,2026-09-01,USD,1.00
acct-alpha-prod,res-bulk-4126,EC2,2026-09-01,USD,1.00
acct-alpha-prod,res-bulk-4127,EC2,2026-09-01,USD,1.00
acct-alpha-prod,res-bulk-4128,EC2,2026-09-01,USD,1.00
acct-alpha-prod,res-bulk-4129,EC2,2026-09-01,USD,1.00
acct-alpha-prod,res-bulk-4130,EC2,2026-09-01,USD,1.00
acct-alpha-prod,res-bulk-4131,EC2,2026-09-01,USD,1.00
acct-alpha-prod,res-bulk-4132,EC2,2026-09-01,USD,1.00
acct-alpha-prod,res-bulk-4133,EC2,2026-09-01,USD,1.00
acct-alpha-prod,res-bulk-4134,EC2,2026-09-01,USD,1.00
acct-alpha-prod,res-bulk-4135,EC2,2026-09-01,USD,1.00
acct-alpha-prod,res-bulk-4136,EC2,2026-09-01,USD,1.00
acct-alpha-prod,res-bulk-4137,EC2,2026-09-01,USD,1.00
acct-alpha-prod,res-bulk-4138,EC2,2026-09-01,USD,1.00
acct-alpha-prod,res-bulk-4139,EC2,2026-09-01,USD,1.00
acct-alpha-prod,res-bulk-4140,EC2,2026-09-01,USD,1.00
acct-alpha-prod,res-bulk-4141,EC2,2026-09-01,USD,1.00
acct-alpha-prod,res-bulk-4142,EC2,2026-09-01,USD,1.00
acct-alpha-prod,res-bulk-4143,EC2,2026-09-01,USD,1.00
acct-alpha-prod,res-bulk-4144,EC2,2026-09-01,USD,1.00
acct-alpha-prod,res-bulk-4145,EC2,2026-09-01,USD,1.00
acct-alpha-prod,res-bulk-4146,EC2,2026-09-01,USD,1.00
acct-alpha-prod,res-bulk-4147,EC2,2026-09-01,USD,1.00
acct-alpha-prod,res-bulk-4148,EC2,2026-09-01,USD,1.00
acct-alpha-prod,res-bulk-4149,EC2,2026-09-01,USD,1.00
acct-alpha-prod,res-bulk-4150,EC2,2026-09-01,USD,1.00
acct-alpha-prod,res-bulk-4151,EC2,2026-09-01,USD,1.00
acct-alpha-prod,res-bulk-4152,EC2,2026-09-01,USD,1.00
acct-alpha-prod,res-bulk-4153,EC2,2026-09-01,USD,1.00
acct-alpha-prod,res-bulk-4154,EC2,2026-09-01,USD,1.00
acct-alpha-prod,res-bulk-4155,EC2,2026-09-01,USD,1.00
acct-alpha-prod,res-bulk-4156,EC2,2026-09-01,USD,1.00
acct-alpha-prod,res-bulk-4157,EC2,2026-09-01,USD,1.00
acct-alpha-prod,res-bulk-4158,EC2,2026-09-01,USD,1.00
acct-alpha-prod,res-bulk-4159,EC2,2026-09-01,USD,1.00
acct-alpha-prod,res-bulk-4160,EC2,2026-09-01,USD,1.00
acct-alpha-prod,res-bulk-4161,EC2,2026-09-01,USD,1.00
acct-alpha-prod,res-bulk-4162,EC2,2026-09-01,USD,1.00
acct-alpha-prod,res-bulk-4163,EC2,2026-09-01,USD,1.00
acct-alpha-prod,res-bulk-4164,EC2,2026-09-01,USD,1.00
acct-alpha-prod,res-bulk-4165,EC2,2026-09-01,USD,1.00
acct-alpha-prod,res-bulk-4166,EC2,2026-09-01,USD,1.00
acct-alpha-prod,res-bulk-4167,EC2,2026-09-01,USD,1.00
acct-alpha-prod,res-bulk-4168,EC2,2026-09-01,USD,1.00
acct-alpha-prod,res-bulk-4169,EC2,2026-09-01,USD,1.00
acct-alpha-prod,res-bulk-4170,EC2,2026-09-01,USD,1.00
acct-alpha-prod,res-bulk-4171,EC2,2026-09-01,USD,1.00
acct-alpha-prod,res-bulk-4172,EC2,2026-09-01,USD,1.00
acct-alpha-prod,res-bulk-4173,EC2,2026-09-01,USD,1.00
acct-alpha-prod,res-bulk-4174,EC2,2026-09-01,USD,1.00
acct-alpha-prod,res-bulk-4175,EC2,2026-09-01,USD,1.00
acct-alpha-prod,res-bulk-4176,EC2,2026-09-01,USD,1.00
acct-alpha-prod,res-bulk-4177,EC2,2026-09-01,USD,1.00
acct-alpha-prod,res-bulk-4178,EC2,2026-09-01,USD,1.00
acct-alpha-prod,res-bulk-4179,EC2,2026-09-01,USD,1.00
acct-alpha-prod,res-bulk-4180,EC2,2026-09-01,USD,1.00
acct-alpha-prod,res-bulk-4181,EC2,2026-09-01,USD,1.00
acct-alpha-prod,res-bulk-4182,EC2,2026-09-01,USD,1.00
acct-alpha-prod,res-bulk-4183,EC2,2026-09-01,USD,1.00
acct-alpha-prod,res-bulk-4184,EC2,2026-09-01,USD,1.00
acct-alpha-prod,res-bulk-4185,EC2,2026-09-01,USD,1.00
acct-alpha-prod,res-bulk-4186,EC2,2026-09-01,USD,1.00
acct-alpha-prod,res-bulk-4187,EC2,2026-09-01,USD,1.00
acct-alpha-prod,res-bulk-4188,EC2,2026-09-01,USD,1.00
acct-alpha-prod,res-bulk-4189,EC2,2026-09-01,USD,1.00
acct-alpha-prod,res-bulk-4190,EC2,2026-09-01,USD,1.00
acct-alpha-prod,res-bulk-4191,EC2,2026-09-01,USD,1.00
acct-alpha-prod,res-bulk-4192,EC2,2026-09-01,USD,1.00
acct-alpha-prod,res-bulk-4193,EC2,2026-09-01,USD,1.00
acct-alpha-prod,res-bulk-4194,EC2,2026-09-01,USD,1.00
acct-alpha-prod,res-bulk-4195,EC2,2026-09-01,USD,1.00
acct-alpha-prod,res-bulk-4196,EC2,2026-09-01,USD,1.00
acct-alpha-prod,res-bulk-4197,EC2,2026-09-01,USD,1.00
acct-alpha-prod,res-bulk-4198,EC2,2026-09-01,USD,1.00
acct-alpha-prod,res-bulk-4199,EC2,2026-09-01,USD,1.00
acct-alpha-prod,res-bulk-4200,EC2,2026-09-01,USD,1.00
acct-alpha-prod,res-bulk-4201,EC2,2026-09-01,USD,1.00
acct-alpha-prod,res-bulk-4202,EC2,2026-09-01,USD,1.00
acct-alpha-prod,res-bulk-4203,EC2,2026-09-01,USD,1.00
acct-alpha-prod,res-bulk-4204,EC2,2026-09-01,USD,1.00
acct-alpha-prod,res-bulk-4205,EC2,2026-09-01,USD,1.00
acct-alpha-prod,res-bulk-4206,EC2,2026-09-01,USD,1.00
acct-alpha-prod,res-bulk-4207,EC2,2026-09-01,USD,1.00
acct-alpha-prod,res-bulk-4208,EC2,2026-09-01,USD,1.00
acct-alpha-prod,res-bulk-4209,EC2,2026-09-01,USD,1.00
acct-alpha-prod,res-bulk-4210,EC2,2026-09-01,USD,1.00
acct-alpha-prod,res-bulk-4211,EC2,2026-09-01,USD,1.00
acct-alpha-prod,res-bulk-4212,EC2,2026-09-01,USD,1.00
acct-alpha-prod,res-bulk-4213,EC2,2026-09-01,USD,1.00
acct-alpha-prod,res-bulk-4214,EC2,2026-09-01,USD,1.00
acct-alpha-prod,res-bulk-4215,EC2,2026-09-01,USD,1.00
acct-alpha-prod,res-bulk-4216,EC2,2026-09-01,USD,1.00
acct-alpha-prod,res-bulk-4217,EC2,2026-09-01,USD,1.00
acct-alpha-prod,res-bulk-4218,EC2,2026-09-01,USD,1.00
acct-alpha-prod,res-bulk-4219,EC2,2026-09-01,USD,1.00
acct-alpha-prod,res-bulk-4220,EC2,2026-09-01,USD,1.00
acct-alpha-prod,res-bulk-4221,EC2,2026-09-01,USD,1.00
acct-alpha-prod,res-bulk-4222,EC2,2026-09-01,USD,1.00
acct-alpha-prod,res-bulk-4223,EC2,2026-09-01,USD,1.00
acct-alpha-prod,res-bulk-4224,EC2,2026-09-01,USD,1.00
acct-alpha-prod,res-bulk-4225,EC2,2026-09-01,USD,1.00
acct-alpha-prod,res-bulk-4226,EC2,2026-09-01,USD,1.00
acct-alpha-prod,res-bulk-4227,EC2,2026-09-01,USD,1.00
acct-alpha-prod,res-bulk-4228,EC2,2026-09-01,USD,1.00
acct-alpha-prod,res-bulk-4229,EC2,2026-09-01,USD,1.00
acct-alpha-prod,res-bulk-4230,EC2,2026-09-01,USD,1.00
acct-alpha-prod,res-bulk-4231,EC2,2026-09-01,USD,1.00
acct-alpha-prod,res-bulk-4232,EC2,2026-09-01,USD,1.00
acct-alpha-prod,res-bulk-4233,EC2,2026-09-01,USD,1.00
acct-alpha-prod,res-bulk-4234,EC2,2026-09-01,USD,1.00
acct-alpha-prod,res-bulk-4235,EC2,2026-09-01,USD,1.00
acct-alpha-prod,res-bulk-4236,EC2,2026-09-01,USD,1.00
acct-alpha-prod,res-bulk-4237,EC2,2026-09-01,USD,1.00
acct-alpha-prod,res-bulk-4238,EC2,2026-09-01,USD,1.00
acct-alpha-prod,res-bulk-4239,EC2,2026-09-01,USD,1.00
acct-alpha-prod,res-bulk-4240,EC2,2026-09-01,USD,1.00
acct-alpha-prod,res-bulk-4241,EC2,2026-09-01,USD,1.00
acct-alpha-prod,res-bulk-4242,EC2,2026-09-01,USD,1.00
acct-alpha-prod,res-bulk-4243,EC2,2026-09-01,USD,1.00
acct-alpha-prod,res-bulk-4244,EC2,2026-09-01,USD,1.00
acct-alpha-prod,res-bulk-4245,EC2,2026-09-01,USD,1.00
acct-alpha-prod,res-bulk-4246,EC2,2026-09-01,USD,1.00
acct-alpha-prod,res-bulk-4247,EC2,2026-09-01,USD,1.00
acct-alpha-prod,res-bulk-4248,EC2,2026-09-01,USD,1.00
acct-alpha-prod,res-bulk-4249,EC2,2026-09-01,USD,1.00
acct-alpha-prod,res-bulk-4250,EC2,2026-09-01,USD,1.00
acct-alpha-prod,res-bulk-4251,EC2,2026-09-01,USD,1.00
acct-alpha-prod,res-bulk-4252,EC2,2026-09-01,USD,1.00
acct-alpha-prod,res-bulk-4253,EC2,2026-09-01,USD,1.00
acct-alpha-prod,res-bulk-4254,EC2,2026-09-01,USD,1.00
acct-alpha-prod,res-bulk-4255,EC2,2026-09-01,USD,1.00
acct-alpha-prod,res-bulk-4256,EC2,2026-09-01,USD,1.00
acct-alpha-prod,res-bulk-4257,EC2,2026-09-01,USD,1.00
acct-alpha-prod,res-bulk-4258,EC2,2026-09-01,USD,1.00
acct-alpha-prod,res-bulk-4259,EC2,2026-09-01,USD,1.00
acct-alpha-prod,res-bulk-4260,EC2,2026-09-01,USD,1.00
acct-alpha-prod,res-bulk-4261,EC2,2026-09-01,USD,1.00
acct-alpha-prod,res-bulk-4262,EC2,2026-09-01,USD,1.00
acct-alpha-prod,res-bulk-4263,EC2,2026-09-01,USD,1.00
acct-alpha-prod,res-bulk-4264,EC2,2026-09-01,USD,1.00
acct-alpha-prod,res-bulk-4265,EC2,2026-09-01,USD,1.00
acct-alpha-prod,res-bulk-4266,EC2,2026-09-01,USD,1.00
acct-alpha-prod,res-bulk-4267,EC2,2026-09-01,USD,1.00
acct-alpha-prod,res-bulk-4268,EC2,2026-09-01,USD,1.00
acct-alpha-prod,res-bulk-4269,EC2,2026-09-01,USD,1.00
acct-alpha-prod,res-bulk-4270,EC2,2026-09-01,USD,1.00
acct-alpha-prod,res-bulk-4271,EC2,2026-09-01,USD,1.00
acct-alpha-prod,res-bulk-4272,EC2,2026-09-01,USD,1.00
acct-alpha-prod,res-bulk-4273,EC2,2026-09-01,USD,1.00
acct-alpha-prod,res-bulk-4274,EC2,2026-09-01,USD,1.00
acct-alpha-prod,res-bulk-4275,EC2,2026-09-01,USD,1.00
acct-alpha-prod,res-bulk-4276,EC2,2026-09-01,USD,1.00
acct-alpha-prod,res-bulk-4277,EC2,2026-09-01,USD,1.00
acct-alpha-prod,res-bulk-4278,EC2,2026-09-01,USD,1.00
acct-alpha-prod,res-bulk-4279,EC2,2026-09-01,USD,1.00
acct-alpha-prod,res-bulk-4280,EC2,2026-09-01,USD,1.00
acct-alpha-prod,res-bulk-4281,EC2,2026-09-01,USD,1.00
acct-alpha-prod,res-bulk-4282,EC2,2026-09-01,USD,1.00
acct-alpha-prod,res-bulk-4283,EC2,2026-09-01,USD,1.00
acct-alpha-prod,res-bulk-4284,EC2,2026-09-01,USD,1.00
acct-alpha-prod,res-bulk-4285,EC2,2026-09-01,USD,1.00
acct-alpha-prod,res-bulk-4286,EC2,2026-09-01,USD,1.00
acct-alpha-prod,res-bulk-4287,EC2,2026-09-01,USD,1.00
acct-alpha-prod,res-bulk-4288,EC2,2026-09-01,USD,1.00
acct-alpha-prod,res-bulk-4289,EC2,2026-09-01,USD,1.00
acct-alpha-prod,res-bulk-4290,EC2,2026-09-01,USD,1.00
acct-alpha-prod,res-bulk-4291,EC2,2026-09-01,USD,1.00
acct-alpha-prod,res-bulk-4292,EC2,2026-09-01,USD,1.00
acct-alpha-prod,res-bulk-4293,EC2,2026-09-01,USD,1.00
acct-alpha-prod,res-bulk-4294,EC2,2026-09-01,USD,1.00
acct-alpha-prod,res-bulk-4295,EC2,2026-09-01,USD,1.00
acct-alpha-prod,res-bulk-4296,EC2,2026-09-01,USD,1.00
acct-alpha-prod,res-bulk-4297,EC2,2026-09-01,USD,1.00
acct-alpha-prod,res-bulk-4298,EC2,2026-09-01,USD,1.00
acct-alpha-prod,res-bulk-4299,EC2,2026-09-01,USD,1.00
acct-alpha-prod,res-bulk-4300,EC2,2026-09-01,USD,1.00
acct-alpha-prod,res-bulk-4301,EC2,2026-09-01,USD,1.00
acct-alpha-prod,res-bulk-4302,EC2,2026-09-01,USD,1.00
acct-alpha-prod,res-bulk-4303,EC2,2026-09-01,USD,1.00
acct-alpha-prod,res-bulk-4304,EC2,2026-09-01,USD,1.00
acct-alpha-prod,res-bulk-4305,EC2,2026-09-01,USD,1.00
acct-alpha-prod,res-bulk-4306,EC2,2026-09-01,USD,1.00
acct-alpha-prod,res-bulk-4307,EC2,2026-09-01,USD,1.00
acct-alpha-prod,res-bulk-4308,EC2,2026-09-01,USD,1.00
acct-alpha-prod,res-bulk-4309,EC2,2026-09-01,USD,1.00
acct-alpha-prod,res-bulk-4310,EC2,2026-09-01,USD,1.00
acct-alpha-prod,res-bulk-4311,EC2,2026-09-01,USD,1.00
acct-alpha-prod,res-bulk-4312,EC2,2026-09-01,USD,1.00
acct-alpha-prod,res-bulk-4313,EC2,2026-09-01,USD,1.00
acct-alpha-prod,res-bulk-4314,EC2,2026-09-01,USD,1.00
acct-alpha-prod,res-bulk-4315,EC2,2026-09-01,USD,1.00
acct-alpha-prod,res-bulk-4316,EC2,2026-09-01,USD,1.00
acct-alpha-prod,res-bulk-4317,EC2,2026-09-01,USD,1.00
acct-alpha-prod,res-bulk-4318,EC2,2026-09-01,USD,1.00
acct-alpha-prod,res-bulk-4319,EC2,2026-09-01,USD,1.00
acct-alpha-prod,res-bulk-4320,EC2,2026-09-01,USD,1.00
acct-alpha-prod,res-bulk-4321,EC2,2026-09-01,USD,1.00
acct-alpha-prod,res-bulk-4322,EC2,2026-09-01,USD,1.00
acct-alpha-prod,res-bulk-4323,EC2,2026-09-01,USD,1.00
acct-alpha-prod,res-bulk-4324,EC2,2026-09-01,USD,1.00
acct-alpha-prod,res-bulk-4325,EC2,2026-09-01,USD,1.00
acct-alpha-prod,res-bulk-4326,EC2,2026-09-01,USD,1.00
acct-alpha-prod,res-bulk-4327,EC2,2026-09-01,USD,1.00
acct-alpha-prod,res-bulk-4328,EC2,2026-09-01,USD,1.00
acct-alpha-prod,res-bulk-4329,EC2,2026-09-01,USD,1.00
acct-alpha-prod,res-bulk-4330,EC2,2026-09-01,USD,1.00
acct-alpha-prod,res-bulk-4331,EC2,2026-09-01,USD,1.00
acct-alpha-prod,res-bulk-4332,EC2,2026-09-01,USD,1.00
acct-alpha-prod,res-bulk-4333,EC2,2026-09-01,USD,1.00
acct-alpha-prod,res-bulk-4334,EC2,2026-09-01,USD,1.00
acct-alpha-prod,res-bulk-4335,EC2,2026-09-01,USD,1.00
acct-alpha-prod,res-bulk-4336,EC2,2026-09-01,USD,1.00
acct-alpha-prod,res-bulk-4337,EC2,2026-09-01,USD,1.00
acct-alpha-prod,res-bulk-4338,EC2,2026-09-01,USD,1.00
acct-alpha-prod,res-bulk-4339,EC2,2026-09-01,USD,1.00
acct-alpha-prod,res-bulk-4340,EC2,2026-09-01,USD,1.00
acct-alpha-prod,res-bulk-4341,EC2,2026-09-01,USD,1.00
acct-alpha-prod,res-bulk-4342,EC2,2026-09-01,USD,1.00
acct-alpha-prod,res-bulk-4343,EC2,2026-09-01,USD,1.00
acct-alpha-prod,res-bulk-4344,EC2,2026-09-01,USD,1.00
acct-alpha-prod,res-bulk-4345,EC2,2026-09-01,USD,1.00
acct-alpha-prod,res-bulk-4346,EC2,2026-09-01,USD,1.00
acct-alpha-prod,res-bulk-4347,EC2,2026-09-01,USD,1.00
acct-alpha-prod,res-bulk-4348,EC2,2026-09-01,USD,1.00
acct-alpha-prod,res-bulk-4349,EC2,2026-09-01,USD,1.00
acct-alpha-prod,res-bulk-4350,EC2,2026-09-01,USD,1.00
acct-alpha-prod,res-bulk-4351,EC2,2026-09-01,USD,1.00
acct-alpha-prod,res-bulk-4352,EC2,2026-09-01,USD,1.00
acct-alpha-prod,res-bulk-4353,EC2,2026-09-01,USD,1.00
acct-alpha-prod,res-bulk-4354,EC2,2026-09-01,USD,1.00
acct-alpha-prod,res-bulk-4355,EC2,2026-09-01,USD,1.00
acct-alpha-prod,res-bulk-4356,EC2,2026-09-01,USD,1.00
acct-alpha-prod,res-bulk-4357,EC2,2026-09-01,USD,1.00
acct-alpha-prod,res-bulk-4358,EC2,2026-09-01,USD,1.00
acct-alpha-prod,res-bulk-4359,EC2,2026-09-01,USD,1.00
acct-alpha-prod,res-bulk-4360,EC2,2026-09-01,USD,1.00
acct-alpha-prod,res-bulk-4361,EC2,2026-09-01,USD,1.00
acct-alpha-prod,res-bulk-4362,EC2,2026-09-01,USD,1.00
acct-alpha-prod,res-bulk-4363,EC2,2026-09-01,USD,1.00
acct-alpha-prod,res-bulk-4364,EC2,2026-09-01,USD,1.00
acct-alpha-prod,res-bulk-4365,EC2,2026-09-01,USD,1.00
acct-alpha-prod,res-bulk-4366,EC2,2026-09-01,USD,1.00
acct-alpha-prod,res-bulk-4367,EC2,2026-09-01,USD,1.00
acct-alpha-prod,res-bulk-4368,EC2,2026-09-01,USD,1.00
acct-alpha-prod,res-bulk-4369,EC2,2026-09-01,USD,1.00
acct-alpha-prod,res-bulk-4370,EC2,2026-09-01,USD,1.00
acct-alpha-prod,res-bulk-4371,EC2,2026-09-01,USD,1.00
acct-alpha-prod,res-bulk-4372,EC2,2026-09-01,USD,1.00
acct-alpha-prod,res-bulk-4373,EC2,2026-09-01,USD,1.00
acct-alpha-prod,res-bulk-4374,EC2,2026-09-01,USD,1.00
acct-alpha-prod,res-bulk-4375,EC2,2026-09-01,USD,1.00
acct-alpha-prod,res-bulk-4376,EC2,2026-09-01,USD,1.00
acct-alpha-prod,res-bulk-4377,EC2,2026-09-01,USD,1.00
acct-alpha-prod,res-bulk-4378,EC2,2026-09-01,USD,1.00
acct-alpha-prod,res-bulk-4379,EC2,2026-09-01,USD,1.00
acct-alpha-prod,res-bulk-4380,EC2,2026-09-01,USD,1.00
acct-alpha-prod,res-bulk-4381,EC2,2026-09-01,USD,1.00
acct-alpha-prod,res-bulk-4382,EC2,2026-09-01,USD,1.00
acct-alpha-prod,res-bulk-4383,EC2,2026-09-01,USD,1.00
acct-alpha-prod,res-bulk-4384,EC2,2026-09-01,USD,1.00
acct-alpha-prod,res-bulk-4385,EC2,2026-09-01,USD,1.00
acct-alpha-prod,res-bulk-4386,EC2,2026-09-01,USD,1.00
acct-alpha-prod,res-bulk-4387,EC2,2026-09-01,USD,1.00
acct-alpha-prod,res-bulk-4388,EC2,2026-09-01,USD,1.00
acct-alpha-prod,res-bulk-4389,EC2,2026-09-01,USD,1.00
acct-alpha-prod,res-bulk-4390,EC2,2026-09-01,USD,1.00
acct-alpha-prod,res-bulk-4391,EC2,2026-09-01,USD,1.00
acct-alpha-prod,res-bulk-4392,EC2,2026-09-01,USD,1.00
acct-alpha-prod,res-bulk-4393,EC2,2026-09-01,USD,1.00
acct-alpha-prod,res-bulk-4394,EC2,2026-09-01,USD,1.00
acct-alpha-prod,res-bulk-4395,EC2,2026-09-01,USD,1.00
acct-alpha-prod,res-bulk-4396,EC2,2026-09-01,USD,1.00
acct-alpha-prod,res-bulk-4397,EC2,2026-09-01,USD,1.00
acct-alpha-prod,res-bulk-4398,EC2,2026-09-01,USD,1.00
acct-alpha-prod,res-bulk-4399,EC2,2026-09-01,USD,1.00
acct-alpha-prod,res-bulk-4400,EC2,2026-09-01,USD,1.00
acct-alpha-prod,res-bulk-4401,EC2,2026-09-01,USD,1.00
acct-alpha-prod,res-bulk-4402,EC2,2026-09-01,USD,1.00
acct-alpha-prod,res-bulk-4403,EC2,2026-09-01,USD,1.00
acct-alpha-prod,res-bulk-4404,EC2,2026-09-01,USD,1.00
acct-alpha-prod,res-bulk-4405,EC2,2026-09-01,USD,1.00
acct-alpha-prod,res-bulk-4406,EC2,2026-09-01,USD,1.00
acct-alpha-prod,res-bulk-4407,EC2,2026-09-01,USD,1.00
acct-alpha-prod,res-bulk-4408,EC2,2026-09-01,USD,1.00
acct-alpha-prod,res-bulk-4409,EC2,2026-09-01,USD,1.00
acct-alpha-prod,res-bulk-4410,EC2,2026-09-01,USD,1.00
acct-alpha-prod,res-bulk-4411,EC2,2026-09-01,USD,1.00
acct-alpha-prod,res-bulk-4412,EC2,2026-09-01,USD,1.00
acct-alpha-prod,res-bulk-4413,EC2,2026-09-01,USD,1.00
acct-alpha-prod,res-bulk-4414,EC2,2026-09-01,USD,1.00
acct-alpha-prod,res-bulk-4415,EC2,2026-09-01,USD,1.00
acct-alpha-prod,res-bulk-4416,EC2,2026-09-01,USD,1.00
acct-alpha-prod,res-bulk-4417,EC2,2026-09-01,USD,1.00
acct-alpha-prod,res-bulk-4418,EC2,2026-09-01,USD,1.00
acct-alpha-prod,res-bulk-4419,EC2,2026-09-01,USD,1.00
acct-alpha-prod,res-bulk-4420,EC2,2026-09-01,USD,1.00
acct-alpha-prod,res-bulk-4421,EC2,2026-09-01,USD,1.00
acct-alpha-prod,res-bulk-4422,EC2,2026-09-01,USD,1.00
acct-alpha-prod,res-bulk-4423,EC2,2026-09-01,USD,1.00
acct-alpha-prod,res-bulk-4424,EC2,2026-09-01,USD,1.00
acct-alpha-prod,res-bulk-4425,EC2,2026-09-01,USD,1.00
acct-alpha-prod,res-bulk-4426,EC2,2026-09-01,USD,1.00
acct-alpha-prod,res-bulk-4427,EC2,2026-09-01,USD,1.00
acct-alpha-prod,res-bulk-4428,EC2,2026-09-01,USD,1.00
acct-alpha-prod,res-bulk-4429,EC2,2026-09-01,USD,1.00
acct-alpha-prod,res-bulk-4430,EC2,2026-09-01,USD,1.00
acct-alpha-prod,res-bulk-4431,EC2,2026-09-01,USD,1.00
acct-alpha-prod,res-bulk-4432,EC2,2026-09-01,USD,1.00
acct-alpha-prod,res-bulk-4433,EC2,2026-09-01,USD,1.00
acct-alpha-prod,res-bulk-4434,EC2,2026-09-01,USD,1.00
acct-alpha-prod,res-bulk-4435,EC2,2026-09-01,USD,1.00
acct-alpha-prod,res-bulk-4436,EC2,2026-09-01,USD,1.00
acct-alpha-prod,res-bulk-4437,EC2,2026-09-01,USD,1.00
acct-alpha-prod,res-bulk-4438,EC2,2026-09-01,USD,1.00
acct-alpha-prod,res-bulk-4439,EC2,2026-09-01,USD,1.00
acct-alpha-prod,res-bulk-4440,EC2,2026-09-01,USD,1.00
acct-alpha-prod,res-bulk-4441,EC2,2026-09-01,USD,1.00
acct-alpha-prod,res-bulk-4442,EC2,2026-09-01,USD,1.00
acct-alpha-prod,res-bulk-4443,EC2,2026-09-01,USD,1.00
acct-alpha-prod,res-bulk-4444,EC2,2026-09-01,USD,1.00
acct-alpha-prod,res-bulk-4445,EC2,2026-09-01,USD,1.00
acct-alpha-prod,res-bulk-4446,EC2,2026-09-01,USD,1.00
acct-alpha-prod,res-bulk-4447,EC2,2026-09-01,USD,1.00
acct-alpha-prod,res-bulk-4448,EC2,2026-09-01,USD,1.00
acct-alpha-prod,res-bulk-4449,EC2,2026-09-01,USD,1.00
acct-alpha-prod,res-bulk-4450,EC2,2026-09-01,USD,1.00
acct-alpha-prod,res-bulk-4451,EC2,2026-09-01,USD,1.00
acct-alpha-prod,res-bulk-4452,EC2,2026-09-01,USD,1.00
acct-alpha-prod,res-bulk-4453,EC2,2026-09-01,USD,1.00
acct-alpha-prod,res-bulk-4454,EC2,2026-09-01,USD,1.00
acct-alpha-prod,res-bulk-4455,EC2,2026-09-01,USD,1.00
acct-alpha-prod,res-bulk-4456,EC2,2026-09-01,USD,1.00
acct-alpha-prod,res-bulk-4457,EC2,2026-09-01,USD,1.00
acct-alpha-prod,res-bulk-4458,EC2,2026-09-01,USD,1.00
acct-alpha-prod,res-bulk-4459,EC2,2026-09-01,USD,1.00
acct-alpha-prod,res-bulk-4460,EC2,2026-09-01,USD,1.00
acct-alpha-prod,res-bulk-4461,EC2,2026-09-01,USD,1.00
acct-alpha-prod,res-bulk-4462,EC2,2026-09-01,USD,1.00
acct-alpha-prod,res-bulk-4463,EC2,2026-09-01,USD,1.00
acct-alpha-prod,res-bulk-4464,EC2,2026-09-01,USD,1.00
acct-alpha-prod,res-bulk-4465,EC2,2026-09-01,USD,1.00
acct-alpha-prod,res-bulk-4466,EC2,2026-09-01,USD,1.00
acct-alpha-prod,res-bulk-4467,EC2,2026-09-01,USD,1.00
acct-alpha-prod,res-bulk-4468,EC2,2026-09-01,USD,1.00
acct-alpha-prod,res-bulk-4469,EC2,2026-09-01,USD,1.00
acct-alpha-prod,res-bulk-4470,EC2,2026-09-01,USD,1.00
acct-alpha-prod,res-bulk-4471,EC2,2026-09-01,USD,1.00
acct-alpha-prod,res-bulk-4472,EC2,2026-09-01,USD,1.00
acct-alpha-prod,res-bulk-4473,EC2,2026-09-01,USD,1.00
acct-alpha-prod,res-bulk-4474,EC2,2026-09-01,USD,1.00
acct-alpha-prod,res-bulk-4475,EC2,2026-09-01,USD,1.00
acct-alpha-prod,res-bulk-4476,EC2,2026-09-01,USD,1.00
acct-alpha-prod,res-bulk-4477,EC2,2026-09-01,USD,1.00
acct-alpha-prod,res-bulk-4478,EC2,2026-09-01,USD,1.00
acct-alpha-prod,res-bulk-4479,EC2,2026-09-01,USD,1.00
acct-alpha-prod,res-bulk-4480,EC2,2026-09-01,USD,1.00
acct-alpha-prod,res-bulk-4481,EC2,2026-09-01,USD,1.00
acct-alpha-prod,res-bulk-4482,EC2,2026-09-01,USD,1.00
acct-alpha-prod,res-bulk-4483,EC2,2026-09-01,USD,1.00
acct-alpha-prod,res-bulk-4484,EC2,2026-09-01,USD,1.00
acct-alpha-prod,res-bulk-4485,EC2,2026-09-01,USD,1.00
acct-alpha-prod,res-bulk-4486,EC2,2026-09-01,USD,1.00
acct-alpha-prod,res-bulk-4487,EC2,2026-09-01,USD,1.00
acct-alpha-prod,res-bulk-4488,EC2,2026-09-01,USD,1.00
acct-alpha-prod,res-bulk-4489,EC2,2026-09-01,USD,1.00
acct-alpha-prod,res-bulk-4490,EC2,2026-09-01,USD,1.00
acct-alpha-prod,res-bulk-4491,EC2,2026-09-01,USD,1.00
acct-alpha-prod,res-bulk-4492,EC2,2026-09-01,USD,1.00
acct-alpha-prod,res-bulk-4493,EC2,2026-09-01,USD,1.00
acct-alpha-prod,res-bulk-4494,EC2,2026-09-01,USD,1.00
acct-alpha-prod,res-bulk-4495,EC2,2026-09-01,USD,1.00
acct-alpha-prod,res-bulk-4496,EC2,2026-09-01,USD,1.00
acct-alpha-prod,res-bulk-4497,EC2,2026-09-01,USD,1.00
acct-alpha-prod,res-bulk-4498,EC2,2026-09-01,USD,1.00
acct-alpha-prod,res-bulk-4499,EC2,2026-09-01,USD,1.00
acct-alpha-prod,res-bulk-4500,EC2,2026-09-01,USD,1.00
acct-alpha-prod,res-bulk-4501,EC2,2026-09-01,USD,1.00
acct-alpha-prod,res-bulk-4502,EC2,2026-09-01,USD,1.00
acct-alpha-prod,res-bulk-4503,EC2,2026-09-01,USD,1.00
acct-alpha-prod,res-bulk-4504,EC2,2026-09-01,USD,1.00
acct-alpha-prod,res-bulk-4505,EC2,2026-09-01,USD,1.00
acct-alpha-prod,res-bulk-4506,EC2,2026-09-01,USD,1.00
acct-alpha-prod,res-bulk-4507,EC2,2026-09-01,USD,1.00
acct-alpha-prod,res-bulk-4508,EC2,2026-09-01,USD,1.00
acct-alpha-prod,res-bulk-4509,EC2,2026-09-01,USD,1.00
acct-alpha-prod,res-bulk-4510,EC2,2026-09-01,USD,1.00
acct-alpha-prod,res-bulk-4511,EC2,2026-09-01,USD,1.00
acct-alpha-prod,res-bulk-4512,EC2,2026-09-01,USD,1.00
acct-alpha-prod,res-bulk-4513,EC2,2026-09-01,USD,1.00
acct-alpha-prod,res-bulk-4514,EC2,2026-09-01,USD,1.00
acct-alpha-prod,res-bulk-4515,EC2,2026-09-01,USD,1.00
acct-alpha-prod,res-bulk-4516,EC2,2026-09-01,USD,1.00
acct-alpha-prod,res-bulk-4517,EC2,2026-09-01,USD,1.00
acct-alpha-prod,res-bulk-4518,EC2,2026-09-01,USD,1.00
acct-alpha-prod,res-bulk-4519,EC2,2026-09-01,USD,1.00
acct-alpha-prod,res-bulk-4520,EC2,2026-09-01,USD,1.00
acct-alpha-prod,res-bulk-4521,EC2,2026-09-01,USD,1.00
acct-alpha-prod,res-bulk-4522,EC2,2026-09-01,USD,1.00
acct-alpha-prod,res-bulk-4523,EC2,2026-09-01,USD,1.00
acct-alpha-prod,res-bulk-4524,EC2,2026-09-01,USD,1.00
acct-alpha-prod,res-bulk-4525,EC2,2026-09-01,USD,1.00
acct-alpha-prod,res-bulk-4526,EC2,2026-09-01,USD,1.00
acct-alpha-prod,res-bulk-4527,EC2,2026-09-01,USD,1.00
acct-alpha-prod,res-bulk-4528,EC2,2026-09-01,USD,1.00
acct-alpha-prod,res-bulk-4529,EC2,2026-09-01,USD,1.00
acct-alpha-prod,res-bulk-4530,EC2,2026-09-01,USD,1.00
acct-alpha-prod,res-bulk-4531,EC2,2026-09-01,USD,1.00
acct-alpha-prod,res-bulk-4532,EC2,2026-09-01,USD,1.00
acct-alpha-prod,res-bulk-4533,EC2,2026-09-01,USD,1.00
acct-alpha-prod,res-bulk-4534,EC2,2026-09-01,USD,1.00
acct-alpha-prod,res-bulk-4535,EC2,2026-09-01,USD,1.00
acct-alpha-prod,res-bulk-4536,EC2,2026-09-01,USD,1.00
acct-alpha-prod,res-bulk-4537,EC2,2026-09-01,USD,1.00
acct-alpha-prod,res-bulk-4538,EC2,2026-09-01,USD,1.00
acct-alpha-prod,res-bulk-4539,EC2,2026-09-01,USD,1.00
acct-alpha-prod,res-bulk-4540,EC2,2026-09-01,USD,1.00
acct-alpha-prod,res-bulk-4541,EC2,2026-09-01,USD,1.00
acct-alpha-prod,res-bulk-4542,EC2,2026-09-01,USD,1.00
acct-alpha-prod,res-bulk-4543,EC2,2026-09-01,USD,1.00
acct-alpha-prod,res-bulk-4544,EC2,2026-09-01,USD,1.00
acct-alpha-prod,res-bulk-4545,EC2,2026-09-01,USD,1.00
acct-alpha-prod,res-bulk-4546,EC2,2026-09-01,USD,1.00
acct-alpha-prod,res-bulk-4547,EC2,2026-09-01,USD,1.00
acct-alpha-prod,res-bulk-4548,EC2,2026-09-01,USD,1.00
acct-alpha-prod,res-bulk-4549,EC2,2026-09-01,USD,1.00
acct-alpha-prod,res-bulk-4550,EC2,2026-09-01,USD,1.00
acct-alpha-prod,res-bulk-4551,EC2,2026-09-01,USD,1.00
acct-alpha-prod,res-bulk-4552,EC2,2026-09-01,USD,1.00
acct-alpha-prod,res-bulk-4553,EC2,2026-09-01,USD,1.00
acct-alpha-prod,res-bulk-4554,EC2,2026-09-01,USD,1.00
acct-alpha-prod,res-bulk-4555,EC2,2026-09-01,USD,1.00
acct-alpha-prod,res-bulk-4556,EC2,2026-09-01,USD,1.00
acct-alpha-prod,res-bulk-4557,EC2,2026-09-01,USD,1.00
acct-alpha-prod,res-bulk-4558,EC2,2026-09-01,USD,1.00
acct-alpha-prod,res-bulk-4559,EC2,2026-09-01,USD,1.00
acct-alpha-prod,res-bulk-4560,EC2,2026-09-01,USD,1.00
acct-alpha-prod,res-bulk-4561,EC2,2026-09-01,USD,1.00
acct-alpha-prod,res-bulk-4562,EC2,2026-09-01,USD,1.00
acct-alpha-prod,res-bulk-4563,EC2,2026-09-01,USD,1.00
acct-alpha-prod,res-bulk-4564,EC2,2026-09-01,USD,1.00
acct-alpha-prod,res-bulk-4565,EC2,2026-09-01,USD,1.00
acct-alpha-prod,res-bulk-4566,EC2,2026-09-01,USD,1.00
acct-alpha-prod,res-bulk-4567,EC2,2026-09-01,USD,1.00
acct-alpha-prod,res-bulk-4568,EC2,2026-09-01,USD,1.00
acct-alpha-prod,res-bulk-4569,EC2,2026-09-01,USD,1.00
acct-alpha-prod,res-bulk-4570,EC2,2026-09-01,USD,1.00
acct-alpha-prod,res-bulk-4571,EC2,2026-09-01,USD,1.00
acct-alpha-prod,res-bulk-4572,EC2,2026-09-01,USD,1.00
acct-alpha-prod,res-bulk-4573,EC2,2026-09-01,USD,1.00
acct-alpha-prod,res-bulk-4574,EC2,2026-09-01,USD,1.00
acct-alpha-prod,res-bulk-4575,EC2,2026-09-01,USD,1.00
acct-alpha-prod,res-bulk-4576,EC2,2026-09-01,USD,1.00
acct-alpha-prod,res-bulk-4577,EC2,2026-09-01,USD,1.00
acct-alpha-prod,res-bulk-4578,EC2,2026-09-01,USD,1.00
acct-alpha-prod,res-bulk-4579,EC2,2026-09-01,USD,1.00
acct-alpha-prod,res-bulk-4580,EC2,2026-09-01,USD,1.00
acct-alpha-prod,res-bulk-4581,EC2,2026-09-01,USD,1.00
acct-alpha-prod,res-bulk-4582,EC2,2026-09-01,USD,1.00
acct-alpha-prod,res-bulk-4583,EC2,2026-09-01,USD,1.00
acct-alpha-prod,res-bulk-4584,EC2,2026-09-01,USD,1.00
acct-alpha-prod,res-bulk-4585,EC2,2026-09-01,USD,1.00
acct-alpha-prod,res-bulk-4586,EC2,2026-09-01,USD,1.00
acct-alpha-prod,res-bulk-4587,EC2,2026-09-01,USD,1.00
acct-alpha-prod,res-bulk-4588,EC2,2026-09-01,USD,1.00
acct-alpha-prod,res-bulk-4589,EC2,2026-09-01,USD,1.00
acct-alpha-prod,res-bulk-4590,EC2,2026-09-01,USD,1.00
acct-alpha-prod,res-bulk-4591,EC2,2026-09-01,USD,1.00
acct-alpha-prod,res-bulk-4592,EC2,2026-09-01,USD,1.00
acct-alpha-prod,res-bulk-4593,EC2,2026-09-01,USD,1.00
acct-alpha-prod,res-bulk-4594,EC2,2026-09-01,USD,1.00
acct-alpha-prod,res-bulk-4595,EC2,2026-09-01,USD,1.00
acct-alpha-prod,res-bulk-4596,EC2,2026-09-01,USD,1.00
acct-alpha-prod,res-bulk-4597,EC2,2026-09-01,USD,1.00
acct-alpha-prod,res-bulk-4598,EC2,2026-09-01,USD,1.00
acct-alpha-prod,res-bulk-4599,EC2,2026-09-01,USD,1.00
acct-alpha-prod,res-bulk-4600,EC2,2026-09-01,USD,1.00
acct-alpha-prod,res-bulk-4601,EC2,2026-09-01,USD,1.00
acct-alpha-prod,res-bulk-4602,EC2,2026-09-01,USD,1.00
acct-alpha-prod,res-bulk-4603,EC2,2026-09-01,USD,1.00
acct-alpha-prod,res-bulk-4604,EC2,2026-09-01,USD,1.00
acct-alpha-prod,res-bulk-4605,EC2,2026-09-01,USD,1.00
acct-alpha-prod,res-bulk-4606,EC2,2026-09-01,USD,1.00
acct-alpha-prod,res-bulk-4607,EC2,2026-09-01,USD,1.00
acct-alpha-prod,res-bulk-4608,EC2,2026-09-01,USD,1.00
acct-alpha-prod,res-bulk-4609,EC2,2026-09-01,USD,1.00
acct-alpha-prod,res-bulk-4610,EC2,2026-09-01,USD,1.00
acct-alpha-prod,res-bulk-4611,EC2,2026-09-01,USD,1.00
acct-alpha-prod,res-bulk-4612,EC2,2026-09-01,USD,1.00
acct-alpha-prod,res-bulk-4613,EC2,2026-09-01,USD,1.00
acct-alpha-prod,res-bulk-4614,EC2,2026-09-01,USD,1.00
acct-alpha-prod,res-bulk-4615,EC2,2026-09-01,USD,1.00
acct-alpha-prod,res-bulk-4616,EC2,2026-09-01,USD,1.00
acct-alpha-prod,res-bulk-4617,EC2,2026-09-01,USD,1.00
acct-alpha-prod,res-bulk-4618,EC2,2026-09-01,USD,1.00
acct-alpha-prod,res-bulk-4619,EC2,2026-09-01,USD,1.00
acct-alpha-prod,res-bulk-4620,EC2,2026-09-01,USD,1.00
acct-alpha-prod,res-bulk-4621,EC2,2026-09-01,USD,1.00
acct-alpha-prod,res-bulk-4622,EC2,2026-09-01,USD,1.00
acct-alpha-prod,res-bulk-4623,EC2,2026-09-01,USD,1.00
acct-alpha-prod,res-bulk-4624,EC2,2026-09-01,USD,1.00
acct-alpha-prod,res-bulk-4625,EC2,2026-09-01,USD,1.00
acct-alpha-prod,res-bulk-4626,EC2,2026-09-01,USD,1.00
acct-alpha-prod,res-bulk-4627,EC2,2026-09-01,USD,1.00
acct-alpha-prod,res-bulk-4628,EC2,2026-09-01,USD,1.00
acct-alpha-prod,res-bulk-4629,EC2,2026-09-01,USD,1.00
acct-alpha-prod,res-bulk-4630,EC2,2026-09-01,USD,1.00
acct-alpha-prod,res-bulk-4631,EC2,2026-09-01,USD,1.00
acct-alpha-prod,res-bulk-4632,EC2,2026-09-01,USD,1.00
acct-alpha-prod,res-bulk-4633,EC2,2026-09-01,USD,1.00
acct-alpha-prod,res-bulk-4634,EC2,2026-09-01,USD,1.00
acct-alpha-prod,res-bulk-4635,EC2,2026-09-01,USD,1.00
acct-alpha-prod,res-bulk-4636,EC2,2026-09-01,USD,1.00
acct-alpha-prod,res-bulk-4637,EC2,2026-09-01,USD,1.00
acct-alpha-prod,res-bulk-4638,EC2,2026-09-01,USD,1.00
acct-alpha-prod,res-bulk-4639,EC2,2026-09-01,USD,1.00
acct-alpha-prod,res-bulk-4640,EC2,2026-09-01,USD,1.00
acct-alpha-prod,res-bulk-4641,EC2,2026-09-01,USD,1.00
acct-alpha-prod,res-bulk-4642,EC2,2026-09-01,USD,1.00
acct-alpha-prod,res-bulk-4643,EC2,2026-09-01,USD,1.00
acct-alpha-prod,res-bulk-4644,EC2,2026-09-01,USD,1.00
acct-alpha-prod,res-bulk-4645,EC2,2026-09-01,USD,1.00
acct-alpha-prod,res-bulk-4646,EC2,2026-09-01,USD,1.00
acct-alpha-prod,res-bulk-4647,EC2,2026-09-01,USD,1.00
acct-alpha-prod,res-bulk-4648,EC2,2026-09-01,USD,1.00
acct-alpha-prod,res-bulk-4649,EC2,2026-09-01,USD,1.00
acct-alpha-prod,res-bulk-4650,EC2,2026-09-01,USD,1.00
acct-alpha-prod,res-bulk-4651,EC2,2026-09-01,USD,1.00
acct-alpha-prod,res-bulk-4652,EC2,2026-09-01,USD,1.00
acct-alpha-prod,res-bulk-4653,EC2,2026-09-01,USD,1.00
acct-alpha-prod,res-bulk-4654,EC2,2026-09-01,USD,1.00
acct-alpha-prod,res-bulk-4655,EC2,2026-09-01,USD,1.00
acct-alpha-prod,res-bulk-4656,EC2,2026-09-01,USD,1.00
acct-alpha-prod,res-bulk-4657,EC2,2026-09-01,USD,1.00
acct-alpha-prod,res-bulk-4658,EC2,2026-09-01,USD,1.00
acct-alpha-prod,res-bulk-4659,EC2,2026-09-01,USD,1.00
acct-alpha-prod,res-bulk-4660,EC2,2026-09-01,USD,1.00
acct-alpha-prod,res-bulk-4661,EC2,2026-09-01,USD,1.00
acct-alpha-prod,res-bulk-4662,EC2,2026-09-01,USD,1.00
acct-alpha-prod,res-bulk-4663,EC2,2026-09-01,USD,1.00
acct-alpha-prod,res-bulk-4664,EC2,2026-09-01,USD,1.00
acct-alpha-prod,res-bulk-4665,EC2,2026-09-01,USD,1.00
acct-alpha-prod,res-bulk-4666,EC2,2026-09-01,USD,1.00
acct-alpha-prod,res-bulk-4667,EC2,2026-09-01,USD,1.00
acct-alpha-prod,res-bulk-4668,EC2,2026-09-01,USD,1.00
acct-alpha-prod,res-bulk-4669,EC2,2026-09-01,USD,1.00
acct-alpha-prod,res-bulk-4670,EC2,2026-09-01,USD,1.00
acct-alpha-prod,res-bulk-4671,EC2,2026-09-01,USD,1.00
acct-alpha-prod,res-bulk-4672,EC2,2026-09-01,USD,1.00
acct-alpha-prod,res-bulk-4673,EC2,2026-09-01,USD,1.00
acct-alpha-prod,res-bulk-4674,EC2,2026-09-01,USD,1.00
acct-alpha-prod,res-bulk-4675,EC2,2026-09-01,USD,1.00
acct-alpha-prod,res-bulk-4676,EC2,2026-09-01,USD,1.00
acct-alpha-prod,res-bulk-4677,EC2,2026-09-01,USD,1.00
acct-alpha-prod,res-bulk-4678,EC2,2026-09-01,USD,1.00
acct-alpha-prod,res-bulk-4679,EC2,2026-09-01,USD,1.00
acct-alpha-prod,res-bulk-4680,EC2,2026-09-01,USD,1.00
acct-alpha-prod,res-bulk-4681,EC2,2026-09-01,USD,1.00
acct-alpha-prod,res-bulk-4682,EC2,2026-09-01,USD,1.00
acct-alpha-prod,res-bulk-4683,EC2,2026-09-01,USD,1.00
acct-alpha-prod,res-bulk-4684,EC2,2026-09-01,USD,1.00
acct-alpha-prod,res-bulk-4685,EC2,2026-09-01,USD,1.00
acct-alpha-prod,res-bulk-4686,EC2,2026-09-01,USD,1.00
acct-alpha-prod,res-bulk-4687,EC2,2026-09-01,USD,1.00
acct-alpha-prod,res-bulk-4688,EC2,2026-09-01,USD,1.00
acct-alpha-prod,res-bulk-4689,EC2,2026-09-01,USD,1.00
acct-alpha-prod,res-bulk-4690,EC2,2026-09-01,USD,1.00
acct-alpha-prod,res-bulk-4691,EC2,2026-09-01,USD,1.00
acct-alpha-prod,res-bulk-4692,EC2,2026-09-01,USD,1.00
acct-alpha-prod,res-bulk-4693,EC2,2026-09-01,USD,1.00
acct-alpha-prod,res-bulk-4694,EC2,2026-09-01,USD,1.00
acct-alpha-prod,res-bulk-4695,EC2,2026-09-01,USD,1.00
acct-alpha-prod,res-bulk-4696,EC2,2026-09-01,USD,1.00
acct-alpha-prod,res-bulk-4697,EC2,2026-09-01,USD,1.00
acct-alpha-prod,res-bulk-4698,EC2,2026-09-01,USD,1.00
acct-alpha-prod,res-bulk-4699,EC2,2026-09-01,USD,1.00
acct-alpha-prod,res-bulk-4700,EC2,2026-09-01,USD,1.00
acct-alpha-prod,res-bulk-4701,EC2,2026-09-01,USD,1.00
acct-alpha-prod,res-bulk-4702,EC2,2026-09-01,USD,1.00
acct-alpha-prod,res-bulk-4703,EC2,2026-09-01,USD,1.00
acct-alpha-prod,res-bulk-4704,EC2,2026-09-01,USD,1.00
acct-alpha-prod,res-bulk-4705,EC2,2026-09-01,USD,1.00
acct-alpha-prod,res-bulk-4706,EC2,2026-09-01,USD,1.00
acct-alpha-prod,res-bulk-4707,EC2,2026-09-01,USD,1.00
acct-alpha-prod,res-bulk-4708,EC2,2026-09-01,USD,1.00
acct-alpha-prod,res-bulk-4709,EC2,2026-09-01,USD,1.00
acct-alpha-prod,res-bulk-4710,EC2,2026-09-01,USD,1.00
acct-alpha-prod,res-bulk-4711,EC2,2026-09-01,USD,1.00
acct-alpha-prod,res-bulk-4712,EC2,2026-09-01,USD,1.00
acct-alpha-prod,res-bulk-4713,EC2,2026-09-01,USD,1.00
acct-alpha-prod,res-bulk-4714,EC2,2026-09-01,USD,1.00
acct-alpha-prod,res-bulk-4715,EC2,2026-09-01,USD,1.00
acct-alpha-prod,res-bulk-4716,EC2,2026-09-01,USD,1.00
acct-alpha-prod,res-bulk-4717,EC2,2026-09-01,USD,1.00
acct-alpha-prod,res-bulk-4718,EC2,2026-09-01,USD,1.00
acct-alpha-prod,res-bulk-4719,EC2,2026-09-01,USD,1.00
acct-alpha-prod,res-bulk-4720,EC2,2026-09-01,USD,1.00
acct-alpha-prod,res-bulk-4721,EC2,2026-09-01,USD,1.00
acct-alpha-prod,res-bulk-4722,EC2,2026-09-01,USD,1.00
acct-alpha-prod,res-bulk-4723,EC2,2026-09-01,USD,1.00
acct-alpha-prod,res-bulk-4724,EC2,2026-09-01,USD,1.00
acct-alpha-prod,res-bulk-4725,EC2,2026-09-01,USD,1.00
acct-alpha-prod,res-bulk-4726,EC2,2026-09-01,USD,1.00
acct-alpha-prod,res-bulk-4727,EC2,2026-09-01,USD,1.00
acct-alpha-prod,res-bulk-4728,EC2,2026-09-01,USD,1.00
acct-alpha-prod,res-bulk-4729,EC2,2026-09-01,USD,1.00
acct-alpha-prod,res-bulk-4730,EC2,2026-09-01,USD,1.00
acct-alpha-prod,res-bulk-4731,EC2,2026-09-01,USD,1.00
acct-alpha-prod,res-bulk-4732,EC2,2026-09-01,USD,1.00
acct-alpha-prod,res-bulk-4733,EC2,2026-09-01,USD,1.00
acct-alpha-prod,res-bulk-4734,EC2,2026-09-01,USD,1.00
acct-alpha-prod,res-bulk-4735,EC2,2026-09-01,USD,1.00
acct-alpha-prod,res-bulk-4736,EC2,2026-09-01,USD,1.00
acct-alpha-prod,res-bulk-4737,EC2,2026-09-01,USD,1.00
acct-alpha-prod,res-bulk-4738,EC2,2026-09-01,USD,1.00
acct-alpha-prod,res-bulk-4739,EC2,2026-09-01,USD,1.00
acct-alpha-prod,res-bulk-4740,EC2,2026-09-01,USD,1.00
acct-alpha-prod,res-bulk-4741,EC2,2026-09-01,USD,1.00
acct-alpha-prod,res-bulk-4742,EC2,2026-09-01,USD,1.00
acct-alpha-prod,res-bulk-4743,EC2,2026-09-01,USD,1.00
acct-alpha-prod,res-bulk-4744,EC2,2026-09-01,USD,1.00
acct-alpha-prod,res-bulk-4745,EC2,2026-09-01,USD,1.00
acct-alpha-prod,res-bulk-4746,EC2,2026-09-01,USD,1.00
acct-alpha-prod,res-bulk-4747,EC2,2026-09-01,USD,1.00
acct-alpha-prod,res-bulk-4748,EC2,2026-09-01,USD,1.00
acct-alpha-prod,res-bulk-4749,EC2,2026-09-01,USD,1.00
acct-alpha-prod,res-bulk-4750,EC2,2026-09-01,USD,1.00
acct-alpha-prod,res-bulk-4751,EC2,2026-09-01,USD,1.00
acct-alpha-prod,res-bulk-4752,EC2,2026-09-01,USD,1.00
acct-alpha-prod,res-bulk-4753,EC2,2026-09-01,USD,1.00
acct-alpha-prod,res-bulk-4754,EC2,2026-09-01,USD,1.00
acct-alpha-prod,res-bulk-4755,EC2,2026-09-01,USD,1.00
acct-alpha-prod,res-bulk-4756,EC2,2026-09-01,USD,1.00
acct-alpha-prod,res-bulk-4757,EC2,2026-09-01,USD,1.00
acct-alpha-prod,res-bulk-4758,EC2,2026-09-01,USD,1.00
acct-alpha-prod,res-bulk-4759,EC2,2026-09-01,USD,1.00
acct-alpha-prod,res-bulk-4760,EC2,2026-09-01,USD,1.00
acct-alpha-prod,res-bulk-4761,EC2,2026-09-01,USD,1.00
acct-alpha-prod,res-bulk-4762,EC2,2026-09-01,USD,1.00
acct-alpha-prod,res-bulk-4763,EC2,2026-09-01,USD,1.00
acct-alpha-prod,res-bulk-4764,EC2,2026-09-01,USD,1.00
acct-alpha-prod,res-bulk-4765,EC2,2026-09-01,USD,1.00
acct-alpha-prod,res-bulk-4766,EC2,2026-09-01,USD,1.00
acct-alpha-prod,res-bulk-4767,EC2,2026-09-01,USD,1.00
acct-alpha-prod,res-bulk-4768,EC2,2026-09-01,USD,1.00
acct-alpha-prod,res-bulk-4769,EC2,2026-09-01,USD,1.00
acct-alpha-prod,res-bulk-4770,EC2,2026-09-01,USD,1.00
acct-alpha-prod,res-bulk-4771,EC2,2026-09-01,USD,1.00
acct-alpha-prod,res-bulk-4772,EC2,2026-09-01,USD,1.00
acct-alpha-prod,res-bulk-4773,EC2,2026-09-01,USD,1.00
acct-alpha-prod,res-bulk-4774,EC2,2026-09-01,USD,1.00
acct-alpha-prod,res-bulk-4775,EC2,2026-09-01,USD,1.00
acct-alpha-prod,res-bulk-4776,EC2,2026-09-01,USD,1.00
acct-alpha-prod,res-bulk-4777,EC2,2026-09-01,USD,1.00
acct-alpha-prod,res-bulk-4778,EC2,2026-09-01,USD,1.00
acct-alpha-prod,res-bulk-4779,EC2,2026-09-01,USD,1.00
acct-alpha-prod,res-bulk-4780,EC2,2026-09-01,USD,1.00
acct-alpha-prod,res-bulk-4781,EC2,2026-09-01,USD,1.00
acct-alpha-prod,res-bulk-4782,EC2,2026-09-01,USD,1.00
acct-alpha-prod,res-bulk-4783,EC2,2026-09-01,USD,1.00
acct-alpha-prod,res-bulk-4784,EC2,2026-09-01,USD,1.00
acct-alpha-prod,res-bulk-4785,EC2,2026-09-01,USD,1.00
acct-alpha-prod,res-bulk-4786,EC2,2026-09-01,USD,1.00
acct-alpha-prod,res-bulk-4787,EC2,2026-09-01,USD,1.00
acct-alpha-prod,res-bulk-4788,EC2,2026-09-01,USD,1.00
acct-alpha-prod,res-bulk-4789,EC2,2026-09-01,USD,1.00
acct-alpha-prod,res-bulk-4790,EC2,2026-09-01,USD,1.00
acct-alpha-prod,res-bulk-4791,EC2,2026-09-01,USD,1.00
acct-alpha-prod,res-bulk-4792,EC2,2026-09-01,USD,1.00
acct-alpha-prod,res-bulk-4793,EC2,2026-09-01,USD,1.00
acct-alpha-prod,res-bulk-4794,EC2,2026-09-01,USD,1.00
acct-alpha-prod,res-bulk-4795,EC2,2026-09-01,USD,1.00
acct-alpha-prod,res-bulk-4796,EC2,2026-09-01,USD,1.00
acct-alpha-prod,res-bulk-4797,EC2,2026-09-01,USD,1.00
acct-alpha-prod,res-bulk-4798,EC2,2026-09-01,USD,1.00
acct-alpha-prod,res-bulk-4799,EC2,2026-09-01,USD,1.00
acct-alpha-prod,res-bulk-4800,EC2,2026-09-01,USD,1.00
acct-alpha-prod,res-bulk-4801,EC2,2026-09-01,USD,1.00
acct-alpha-prod,res-bulk-4802,EC2,2026-09-01,USD,1.00
acct-alpha-prod,res-bulk-4803,EC2,2026-09-01,USD,1.00
acct-alpha-prod,res-bulk-4804,EC2,2026-09-01,USD,1.00
acct-alpha-prod,res-bulk-4805,EC2,2026-09-01,USD,1.00
acct-alpha-prod,res-bulk-4806,EC2,2026-09-01,USD,1.00
acct-alpha-prod,res-bulk-4807,EC2,2026-09-01,USD,1.00
acct-alpha-prod,res-bulk-4808,EC2,2026-09-01,USD,1.00
acct-alpha-prod,res-bulk-4809,EC2,2026-09-01,USD,1.00
acct-alpha-prod,res-bulk-4810,EC2,2026-09-01,USD,1.00
acct-alpha-prod,res-bulk-4811,EC2,2026-09-01,USD,1.00
acct-alpha-prod,res-bulk-4812,EC2,2026-09-01,USD,1.00
acct-alpha-prod,res-bulk-4813,EC2,2026-09-01,USD,1.00
acct-alpha-prod,res-bulk-4814,EC2,2026-09-01,USD,1.00
acct-alpha-prod,res-bulk-4815,EC2,2026-09-01,USD,1.00
acct-alpha-prod,res-bulk-4816,EC2,2026-09-01,USD,1.00
acct-alpha-prod,res-bulk-4817,EC2,2026-09-01,USD,1.00
acct-alpha-prod,res-bulk-4818,EC2,2026-09-01,USD,1.00
acct-alpha-prod,res-bulk-4819,EC2,2026-09-01,USD,1.00
acct-alpha-prod,res-bulk-4820,EC2,2026-09-01,USD,1.00
acct-alpha-prod,res-bulk-4821,EC2,2026-09-01,USD,1.00
acct-alpha-prod,res-bulk-4822,EC2,2026-09-01,USD,1.00
acct-alpha-prod,res-bulk-4823,EC2,2026-09-01,USD,1.00
acct-alpha-prod,res-bulk-4824,EC2,2026-09-01,USD,1.00
acct-alpha-prod,res-bulk-4825,EC2,2026-09-01,USD,1.00
acct-alpha-prod,res-bulk-4826,EC2,2026-09-01,USD,1.00
acct-alpha-prod,res-bulk-4827,EC2,2026-09-01,USD,1.00
acct-alpha-prod,res-bulk-4828,EC2,2026-09-01,USD,1.00
acct-alpha-prod,res-bulk-4829,EC2,2026-09-01,USD,1.00
acct-alpha-prod,res-bulk-4830,EC2,2026-09-01,USD,1.00
acct-alpha-prod,res-bulk-4831,EC2,2026-09-01,USD,1.00
acct-alpha-prod,res-bulk-4832,EC2,2026-09-01,USD,1.00
acct-alpha-prod,res-bulk-4833,EC2,2026-09-01,USD,1.00
acct-alpha-prod,res-bulk-4834,EC2,2026-09-01,USD,1.00
acct-alpha-prod,res-bulk-4835,EC2,2026-09-01,USD,1.00
acct-alpha-prod,res-bulk-4836,EC2,2026-09-01,USD,1.00
acct-alpha-prod,res-bulk-4837,EC2,2026-09-01,USD,1.00
acct-alpha-prod,res-bulk-4838,EC2,2026-09-01,USD,1.00
acct-alpha-prod,res-bulk-4839,EC2,2026-09-01,USD,1.00
acct-alpha-prod,res-bulk-4840,EC2,2026-09-01,USD,1.00
acct-alpha-prod,res-bulk-4841,EC2,2026-09-01,USD,1.00
acct-alpha-prod,res-bulk-4842,EC2,2026-09-01,USD,1.00
acct-alpha-prod,res-bulk-4843,EC2,2026-09-01,USD,1.00
acct-alpha-prod,res-bulk-4844,EC2,2026-09-01,USD,1.00
acct-alpha-prod,res-bulk-4845,EC2,2026-09-01,USD,1.00
acct-alpha-prod,res-bulk-4846,EC2,2026-09-01,USD,1.00
acct-alpha-prod,res-bulk-4847,EC2,2026-09-01,USD,1.00
acct-alpha-prod,res-bulk-4848,EC2,2026-09-01,USD,1.00
acct-alpha-prod,res-bulk-4849,EC2,2026-09-01,USD,1.00
acct-alpha-prod,res-bulk-4850,EC2,2026-09-01,USD,1.00
acct-alpha-prod,res-bulk-4851,EC2,2026-09-01,USD,1.00
acct-alpha-prod,res-bulk-4852,EC2,2026-09-01,USD,1.00
acct-alpha-prod,res-bulk-4853,EC2,2026-09-01,USD,1.00
acct-alpha-prod,res-bulk-4854,EC2,2026-09-01,USD,1.00
acct-alpha-prod,res-bulk-4855,EC2,2026-09-01,USD,1.00
acct-alpha-prod,res-bulk-4856,EC2,2026-09-01,USD,1.00
acct-alpha-prod,res-bulk-4857,EC2,2026-09-01,USD,1.00
acct-alpha-prod,res-bulk-4858,EC2,2026-09-01,USD,1.00
acct-alpha-prod,res-bulk-4859,EC2,2026-09-01,USD,1.00
acct-alpha-prod,res-bulk-4860,EC2,2026-09-01,USD,1.00
acct-alpha-prod,res-bulk-4861,EC2,2026-09-01,USD,1.00
acct-alpha-prod,res-bulk-4862,EC2,2026-09-01,USD,1.00
acct-alpha-prod,res-bulk-4863,EC2,2026-09-01,USD,1.00
acct-alpha-prod,res-bulk-4864,EC2,2026-09-01,USD,1.00
acct-alpha-prod,res-bulk-4865,EC2,2026-09-01,USD,1.00
acct-alpha-prod,res-bulk-4866,EC2,2026-09-01,USD,1.00
acct-alpha-prod,res-bulk-4867,EC2,2026-09-01,USD,1.00
acct-alpha-prod,res-bulk-4868,EC2,2026-09-01,USD,1.00
acct-alpha-prod,res-bulk-4869,EC2,2026-09-01,USD,1.00
acct-alpha-prod,res-bulk-4870,EC2,2026-09-01,USD,1.00
acct-alpha-prod,res-bulk-4871,EC2,2026-09-01,USD,1.00
acct-alpha-prod,res-bulk-4872,EC2,2026-09-01,USD,1.00
acct-alpha-prod,res-bulk-4873,EC2,2026-09-01,USD,1.00
acct-alpha-prod,res-bulk-4874,EC2,2026-09-01,USD,1.00
acct-alpha-prod,res-bulk-4875,EC2,2026-09-01,USD,1.00
acct-alpha-prod,res-bulk-4876,EC2,2026-09-01,USD,1.00
acct-alpha-prod,res-bulk-4877,EC2,2026-09-01,USD,1.00
acct-alpha-prod,res-bulk-4878,EC2,2026-09-01,USD,1.00
acct-alpha-prod,res-bulk-4879,EC2,2026-09-01,USD,1.00
acct-alpha-prod,res-bulk-4880,EC2,2026-09-01,USD,1.00
acct-alpha-prod,res-bulk-4881,EC2,2026-09-01,USD,1.00
acct-alpha-prod,res-bulk-4882,EC2,2026-09-01,USD,1.00
acct-alpha-prod,res-bulk-4883,EC2,2026-09-01,USD,1.00
acct-alpha-prod,res-bulk-4884,EC2,2026-09-01,USD,1.00
acct-alpha-prod,res-bulk-4885,EC2,2026-09-01,USD,1.00
acct-alpha-prod,res-bulk-4886,EC2,2026-09-01,USD,1.00
acct-alpha-prod,res-bulk-4887,EC2,2026-09-01,USD,1.00
acct-alpha-prod,res-bulk-4888,EC2,2026-09-01,USD,1.00
acct-alpha-prod,res-bulk-4889,EC2,2026-09-01,USD,1.00
acct-alpha-prod,res-bulk-4890,EC2,2026-09-01,USD,1.00
acct-alpha-prod,res-bulk-4891,EC2,2026-09-01,USD,1.00
acct-alpha-prod,res-bulk-4892,EC2,2026-09-01,USD,1.00
acct-alpha-prod,res-bulk-4893,EC2,2026-09-01,USD,1.00
acct-alpha-prod,res-bulk-4894,EC2,2026-09-01,USD,1.00
acct-alpha-prod,res-bulk-4895,EC2,2026-09-01,USD,1.00
acct-alpha-prod,res-bulk-4896,EC2,2026-09-01,USD,1.00
acct-alpha-prod,res-bulk-4897,EC2,2026-09-01,USD,1.00
acct-alpha-prod,res-bulk-4898,EC2,2026-09-01,USD,1.00
acct-alpha-prod,res-bulk-4899,EC2,2026-09-01,USD,1.00
acct-alpha-prod,res-bulk-4900,EC2,2026-09-01,USD,1.00
acct-alpha-prod,res-bulk-4901,EC2,2026-09-01,USD,1.00
acct-alpha-prod,res-bulk-4902,EC2,2026-09-01,USD,1.00
acct-alpha-prod,res-bulk-4903,EC2,2026-09-01,USD,1.00
acct-alpha-prod,res-bulk-4904,EC2,2026-09-01,USD,1.00
acct-alpha-prod,res-bulk-4905,EC2,2026-09-01,USD,1.00
acct-alpha-prod,res-bulk-4906,EC2,2026-09-01,USD,1.00
acct-alpha-prod,res-bulk-4907,EC2,2026-09-01,USD,1.00
acct-alpha-prod,res-bulk-4908,EC2,2026-09-01,USD,1.00
acct-alpha-prod,res-bulk-4909,EC2,2026-09-01,USD,1.00
acct-alpha-prod,res-bulk-4910,EC2,2026-09-01,USD,1.00
acct-alpha-prod,res-bulk-4911,EC2,2026-09-01,USD,1.00
acct-alpha-prod,res-bulk-4912,EC2,2026-09-01,USD,1.00
acct-alpha-prod,res-bulk-4913,EC2,2026-09-01,USD,1.00
acct-alpha-prod,res-bulk-4914,EC2,2026-09-01,USD,1.00
acct-alpha-prod,res-bulk-4915,EC2,2026-09-01,USD,1.00
acct-alpha-prod,res-bulk-4916,EC2,2026-09-01,USD,1.00
acct-alpha-prod,res-bulk-4917,EC2,2026-09-01,USD,1.00
acct-alpha-prod,res-bulk-4918,EC2,2026-09-01,USD,1.00
acct-alpha-prod,res-bulk-4919,EC2,2026-09-01,USD,1.00
acct-alpha-prod,res-bulk-4920,EC2,2026-09-01,USD,1.00
acct-alpha-prod,res-bulk-4921,EC2,2026-09-01,USD,1.00
acct-alpha-prod,res-bulk-4922,EC2,2026-09-01,USD,1.00
acct-alpha-prod,res-bulk-4923,EC2,2026-09-01,USD,1.00
acct-alpha-prod,res-bulk-4924,EC2,2026-09-01,USD,1.00
acct-alpha-prod,res-bulk-4925,EC2,2026-09-01,USD,1.00
acct-alpha-prod,res-bulk-4926,EC2,2026-09-01,USD,1.00
acct-alpha-prod,res-bulk-4927,EC2,2026-09-01,USD,1.00
acct-alpha-prod,res-bulk-4928,EC2,2026-09-01,USD,1.00
acct-alpha-prod,res-bulk-4929,EC2,2026-09-01,USD,1.00
acct-alpha-prod,res-bulk-4930,EC2,2026-09-01,USD,1.00
acct-alpha-prod,res-bulk-4931,EC2,2026-09-01,USD,1.00
acct-alpha-prod,res-bulk-4932,EC2,2026-09-01,USD,1.00
acct-alpha-prod,res-bulk-4933,EC2,2026-09-01,USD,1.00
acct-alpha-prod,res-bulk-4934,EC2,2026-09-01,USD,1.00
acct-alpha-prod,res-bulk-4935,EC2,2026-09-01,USD,1.00
acct-alpha-prod,res-bulk-4936,EC2,2026-09-01,USD,1.00
acct-alpha-prod,res-bulk-4937,EC2,2026-09-01,USD,1.00
acct-alpha-prod,res-bulk-4938,EC2,2026-09-01,USD,1.00
acct-alpha-prod,res-bulk-4939,EC2,2026-09-01,USD,1.00
acct-alpha-prod,res-bulk-4940,EC2,2026-09-01,USD,1.00
acct-alpha-prod,res-bulk-4941,EC2,2026-09-01,USD,1.00
acct-alpha-prod,res-bulk-4942,EC2,2026-09-01,USD,1.00
acct-alpha-prod,res-bulk-4943,EC2,2026-09-01,USD,1.00
acct-alpha-prod,res-bulk-4944,EC2,2026-09-01,USD,1.00
acct-alpha-prod,res-bulk-4945,EC2,2026-09-01,USD,1.00
acct-alpha-prod,res-bulk-4946,EC2,2026-09-01,USD,1.00
acct-alpha-prod,res-bulk-4947,EC2,2026-09-01,USD,1.00
acct-alpha-prod,res-bulk-4948,EC2,2026-09-01,USD,1.00
acct-alpha-prod,res-bulk-4949,EC2,2026-09-01,USD,1.00
acct-alpha-prod,res-bulk-4950,EC2,2026-09-01,USD,1.00
acct-alpha-prod,res-bulk-4951,EC2,2026-09-01,USD,1.00
acct-alpha-prod,res-bulk-4952,EC2,2026-09-01,USD,1.00
acct-alpha-prod,res-bulk-4953,EC2,2026-09-01,USD,1.00
acct-alpha-prod,res-bulk-4954,EC2,2026-09-01,USD,1.00
acct-alpha-prod,res-bulk-4955,EC2,2026-09-01,USD,1.00
acct-alpha-prod,res-bulk-4956,EC2,2026-09-01,USD,1.00
acct-alpha-prod,res-bulk-4957,EC2,2026-09-01,USD,1.00
acct-alpha-prod,res-bulk-4958,EC2,2026-09-01,USD,1.00
acct-alpha-prod,res-bulk-4959,EC2,2026-09-01,USD,1.00
acct-alpha-prod,res-bulk-4960,EC2,2026-09-01,USD,1.00
acct-alpha-prod,res-bulk-4961,EC2,2026-09-01,USD,1.00
acct-alpha-prod,res-bulk-4962,EC2,2026-09-01,USD,1.00
acct-alpha-prod,res-bulk-4963,EC2,2026-09-01,USD,1.00
acct-alpha-prod,res-bulk-4964,EC2,2026-09-01,USD,1.00
acct-alpha-prod,res-bulk-4965,EC2,2026-09-01,USD,1.00
acct-alpha-prod,res-bulk-4966,EC2,2026-09-01,USD,1.00
acct-alpha-prod,res-bulk-4967,EC2,2026-09-01,USD,1.00
acct-alpha-prod,res-bulk-4968,EC2,2026-09-01,USD,1.00
acct-alpha-prod,res-bulk-4969,EC2,2026-09-01,USD,1.00
acct-alpha-prod,res-bulk-4970,EC2,2026-09-01,USD,1.00
acct-alpha-prod,res-bulk-4971,EC2,2026-09-01,USD,1.00
acct-alpha-prod,res-bulk-4972,EC2,2026-09-01,USD,1.00
acct-alpha-prod,res-bulk-4973,EC2,2026-09-01,USD,1.00
acct-alpha-prod,res-bulk-4974,EC2,2026-09-01,USD,1.00
acct-alpha-prod,res-bulk-4975,EC2,2026-09-01,USD,1.00
acct-alpha-prod,res-bulk-4976,EC2,2026-09-01,USD,1.00
acct-alpha-prod,res-bulk-4977,EC2,2026-09-01,USD,1.00
acct-alpha-prod,res-bulk-4978,EC2,2026-09-01,USD,1.00
acct-alpha-prod,res-bulk-4979,EC2,2026-09-01,USD,1.00
acct-alpha-prod,res-bulk-4980,EC2,2026-09-01,USD,1.00
acct-alpha-prod,res-bulk-4981,EC2,2026-09-01,USD,1.00
acct-alpha-prod,res-bulk-4982,EC2,2026-09-01,USD,1.00
acct-alpha-prod,res-bulk-4983,EC2,2026-09-01,USD,1.00
acct-alpha-prod,res-bulk-4984,EC2,2026-09-01,USD,1.00
acct-alpha-prod,res-bulk-4985,EC2,2026-09-01,USD,1.00
acct-alpha-prod,res-bulk-4986,EC2,2026-09-01,USD,1.00
acct-alpha-prod,res-bulk-4987,EC2,2026-09-01,USD,1.00
acct-alpha-prod,res-bulk-4988,EC2,2026-09-01,USD,1.00
acct-alpha-prod,res-bulk-4989,EC2,2026-09-01,USD,1.00
acct-alpha-prod,res-bulk-4990,EC2,2026-09-01,USD,1.00
acct-alpha-prod,res-bulk-4991,EC2,2026-09-01,USD,1.00
acct-alpha-prod,res-bulk-4992,EC2,2026-09-01,USD,1.00
acct-alpha-prod,res-bulk-4993,EC2,2026-09-01,USD,1.00
acct-alpha-prod,res-bulk-4994,EC2,2026-09-01,USD,1.00
acct-alpha-prod,res-bulk-4995,EC2,2026-09-01,USD,1.00
acct-alpha-prod,res-bulk-4996,EC2,2026-09-01,USD,1.00
acct-alpha-prod,res-bulk-4997,EC2,2026-09-01,USD,1.00
acct-alpha-prod,res-bulk-4998,EC2,2026-09-01,USD,1.00
acct-alpha-prod,res-bulk-4999,EC2,2026-09-01,USD,1.00
acct-alpha-prod,res-bulk-5000,EC2,2026-09-01,USD,1.00
acct-alpha-prod,res-bulk-5001,EC2,2026-09-01,USD,1.00
